proj_idx,project_id,college,year,n_papers_orig,n_papers_loo,n_removed,pct_removed,rtas_orig,rtas_loo,rtas_diff
0,1,测绘遥感信息工程国家重点实验室,2020,117,116,1,0.8547008547008548,0.23223108053207397,0.23403503000736237,0.0018039494752883911
1,2,测绘遥感信息工程国家重点实验室,2020,117,105,12,10.256410256410255,0.26663896441459656,0.25470200181007385,-0.011936962604522705
2,3,测绘遥感信息工程国家重点实验室,2020,117,116,1,0.8547008547008548,0.19898615777492523,0.19521455466747284,-0.0037716031074523926
3,4,测绘遥感信息工程国家重点实验室,2020,117,113,4,3.418803418803419,0.2604238986968994,0.2658252716064453,0.0054013729095458984
4,5,测绘遥感信息工程国家重点实验室,2020,117,114,3,2.564102564102564,0.2780124843120575,0.27115723490715027,-0.0068552494049072266
5,6,测绘遥感信息工程国家重点实验室,2020,117,111,6,5.128205128205128,0.27309516072273254,0.2780313491821289,0.004936188459396362
6,7,测绘遥感信息工程国家重点实验室,2020,117,105,12,10.256410256410255,0.3085496127605438,0.2981666326522827,-0.010382980108261108
7,8,测绘遥感信息工程国家重点实验室,2020,117,113,4,3.418803418803419,0.22732459008693695,0.21981164813041687,-0.007512941956520081
8,9,测绘遥感信息工程国家重点实验室,2020,117,111,6,5.128205128205128,0.22514572739601135,0.22568818926811218,0.0005424618721008301
9,10,测绘遥感信息工程国家重点实验室,2020,117,117,0,0.0,0.24489139020442963,0.24489139020442963,0.0
10,11,测绘遥感信息工程国家重点实验室,2020,117,115,2,1.7094017094017095,0.1888035535812378,0.1872468739748001,-0.001556679606437683
11,12,测绘遥感信息工程国家重点实验室,2020,117,117,0,0.0,0.2262730598449707,0.2262730598449707,0.0
12,13,测绘遥感信息工程国家重点实验室,2020,117,117,0,0.0,0.16688621044158936,0.16688621044158936,0.0
13,14,哲学学院,2020,29,27,2,6.896551724137931,0.12460485100746155,0.12089377641677856,-0.0037110745906829834
14,15,文学院,2020,37,37,0,0.0,0.011289607733488083,0.011289607733488083,0.0
15,16,文学院,2020,37,37,0,0.0,0.010718554258346558,0.010718554258346558,0.0
16,17,外国语言文学学院,2020,45,45,0,0.0,0.03952842205762863,0.03952842205762863,0.0
17,18,新闻与传播学院,2020,14,13,1,7.142857142857142,0.13911299407482147,0.12373661994934082,-0.015376374125480652
18,19,历史学院,2020,8,8,0,0.0,-0.026344267651438713,-0.026344267651438713,0.0
19,20,历史学院,2020,8,5,3,37.5,0.04611584544181824,0.04239154979586601,-0.0037242956459522247
20,21,经济与管理学院,2020,163,159,4,2.4539877300613497,0.0261383056640625,0.026386668905615807,0.0002483632415533066
21,22,经济与管理学院,2020,163,154,9,5.521472392638037,0.09257692098617554,0.08954405039548874,-0.003032870590686798
22,23,经济与管理学院,2020,163,163,0,0.0,0.10875318199396133,0.10875318199396133,0.0
23,24,经济与管理学院,2020,163,162,1,0.6134969325153374,0.043203260749578476,0.04182931408286095,-0.0013739466667175293
24,25,经济与管理学院,2020,163,162,1,0.6134969325153374,0.11426053941249847,0.11538416892290115,0.0011236295104026794
25,26,法学院,2020,31,31,0,0.0,0.09139405936002731,0.09139405936002731,0.0
26,27,法学院,2020,31,31,0,0.0,-0.024899983778595924,-0.024899983778595924,0.0
27,28,法学院,2020,31,31,0,0.0,0.09995147585868835,0.09995147585868835,0.0
28,29,政治与公共管理学院,2020,16,16,0,0.0,0.15641185641288757,0.15641185641288757,0.0
29,30,政治与公共管理学院,2020,16,15,1,6.25,0.11855615675449371,0.11279888451099396,-0.005757272243499756
30,31,马克思主义学院,2020,6,6,0,0.0,-0.032169159501791,-0.032169159501791,0.0
31,32,信息管理学院,2020,79,79,0,0.0,0.10504337400197983,0.10504337400197983,0.0
32,33,信息管理学院,2020,79,79,0,0.0,0.0421101376414299,0.0421101376414299,0.0
33,34,信息管理学院,2020,79,78,1,1.2658227848101267,0.10932628810405731,0.11131744086742401,0.0019911527633666992
34,35,数学与统计学院,2020,1,1,0,0.0,0.0830376073718071,0.0830376073718071,0.0
35,36,物理科学与技术学院,2020,36,33,3,8.333333333333332,0.055362518876791,0.04528404399752617,-0.010078474879264832
36,37,化学与分子科学学院,2020,143,143,0,0.0,0.32880714535713196,0.32880714535713196,0.0
37,38,化学与分子科学学院,2020,143,139,4,2.797202797202797,0.16253747045993805,0.15854190289974213,-0.003995567560195923
38,39,生命科学学院,2020,118,117,1,0.847457627118644,0.14685405790805817,0.1435808539390564,-0.00327320396900177
39,40,生命科学学院,2020,118,108,10,8.47457627118644,0.20940619707107544,0.2046092003583908,-0.004796996712684631
40,41,生命科学学院,2020,118,116,2,1.694915254237288,0.25889161229133606,0.25399380922317505,-0.004897803068161011
41,42,生命科学学院,2020,118,112,6,5.084745762711865,0.1718856394290924,0.1688297688961029,-0.003055870532989502
42,43,生命科学学院,2020,118,118,0,0.0,0.18794362246990204,0.18794362246990204,0.0
43,44,生命科学学院,2020,118,114,4,3.389830508474576,0.05299437418580055,0.053025417029857635,3.104284405708313e-05
44,45,资源与环境科学学院,2020,97,97,0,0.0,0.0846145898103714,0.0846145898103714,0.0
45,46,资源与环境科学学院,2020,97,94,3,3.0927835051546393,0.0829906091094017,0.07909858226776123,-0.0038920268416404724
46,47,资源与环境科学学院,2020,97,97,0,0.0,0.12977905571460724,0.12977905571460724,0.0
47,48,资源与环境科学学院,2020,97,95,2,2.0618556701030926,0.12622131407260895,0.12324865162372589,-0.0029726624488830566
48,49,资源与环境科学学院,2020,97,92,5,5.154639175257731,0.12534880638122559,0.11990557610988617,-0.0054432302713394165
49,50,动力与机械学院,2020,91,86,5,5.4945054945054945,0.19420485198497772,0.18163619935512543,-0.012568652629852295
50,51,动力与机械学院,2020,91,89,2,2.197802197802198,0.1694905161857605,0.16569501161575317,-0.0037955045700073242
51,52,电气与自动化学院,2020,87,87,0,0.0,0.1958943009376526,0.1958943009376526,0.0
52,53,电气与自动化学院,2020,87,87,0,0.0,0.1990605741739273,0.1990605741739273,0.0
53,54,电气与自动化学院,2020,87,87,0,0.0,0.15151315927505493,0.15151315927505493,0.0
54,55,电气与自动化学院,2020,87,87,0,0.0,0.15419629216194153,0.15419629216194153,0.0
55,56,电气与自动化学院,2020,87,80,7,8.045977011494253,0.14013637602329254,0.14687283337116241,0.006736457347869873
56,57,电气与自动化学院,2020,87,86,1,1.1494252873563218,0.14529311656951904,0.1451234519481659,-0.00016966462135314941
57,58,电气与自动化学院,2020,87,87,0,0.0,0.16980010271072388,0.16980010271072388,0.0
58,59,土木建筑工程学院,2020,77,77,0,0.0,0.2109946459531784,0.2109946459531784,0.0
59,60,土木建筑工程学院,2020,77,74,3,3.896103896103896,0.12704463303089142,0.1224386990070343,-0.004605934023857117
60,61,土木建筑工程学院,2020,77,76,1,1.2987012987012987,0.17205871641635895,0.17034392058849335,-0.0017147958278656006
61,62,土木建筑工程学院,2020,77,77,0,0.0,0.1806630790233612,0.1806630790233612,0.0
62,63,水利水电学院,2020,100,96,4,4.0,0.13380740582942963,0.12808510661125183,-0.005722299218177795
63,64,水利水电学院,2020,100,96,4,4.0,0.2089274525642395,0.2064826637506485,-0.0024447888135910034
64,65,水利水电学院,2020,100,95,5,5.0,0.18362420797348022,0.16748873889446259,-0.01613546907901764
65,66,水利水电学院,2020,100,91,9,9.0,0.14661137759685516,0.1439925581216812,-0.00261881947517395
66,67,城市设计学院,2020,38,38,0,0.0,0.11956550180912018,0.11956550180912018,0.0
67,68,城市设计学院,2020,38,37,1,2.631578947368421,0.11076376587152481,0.1082671657204628,-0.0024966001510620117
68,69,电子信息学院,2020,72,69,3,4.166666666666666,0.12598124146461487,0.1265754997730255,0.0005942583084106445
69,70,电子信息学院,2020,72,66,6,8.333333333333332,0.10206864774227142,0.09859171509742737,-0.003476932644844055
70,71,电子信息学院,2020,72,71,1,1.3888888888888888,0.11126657575368881,0.10324368625879288,-0.008022889494895935
71,72,电子信息学院,2020,72,72,0,0.0,0.15225397050380707,0.15225397050380707,0.0
72,73,电子信息学院,2020,72,72,0,0.0,0.0919627845287323,0.0919627845287323,0.0
73,74,电子信息学院,2020,72,71,1,1.3888888888888888,0.12696321308612823,0.12613952159881592,-0.0008236914873123169
74,75,电子信息学院,2020,72,71,1,1.3888888888888888,0.13001461327075958,0.12557083368301392,-0.0044437795877456665
75,76,计算机学院,2020,50,50,0,0.0,0.1085810661315918,0.1085810661315918,0.0
76,77,计算机学院,2020,50,50,0,0.0,0.1442849189043045,0.1442849189043045,0.0
77,78,计算机学院,2020,50,50,0,0.0,0.1667877584695816,0.1667877584695816,0.0
78,81,遥感信息工程学院,2020,56,56,0,0.0,0.1393125355243683,0.1393125355243683,0.0
79,82,遥感信息工程学院,2020,56,56,0,0.0,0.19165858626365662,0.19165858626365662,0.0
80,83,遥感信息工程学院,2020,56,56,0,0.0,0.10941402614116669,0.10941402614116669,0.0
81,84,测绘学院,2020,125,122,3,2.4,0.1474394053220749,0.1472611278295517,-0.00017827749252319336
82,85,测绘学院,2020,125,125,0,0.0,0.06251820176839828,0.06251820176839828,0.0
83,86,测绘学院,2020,125,118,7,5.6000000000000005,0.17522314190864563,0.16738785803318024,-0.007835283875465393
84,87,测绘学院,2020,125,124,1,0.8,0.11684500426054001,0.1145603135228157,-0.002284690737724304
85,88,测绘学院,2020,125,120,5,4.0,0.1281595379114151,0.12148324400186539,-0.006676293909549713
86,89,测绘学院,2020,125,111,14,11.200000000000001,0.21722710132598877,0.214425727725029,-0.002801373600959778
87,90,测绘学院,2020,125,124,1,0.8,0.14971502125263214,0.1482021063566208,-0.0015129148960113525
88,91,印刷与包装系,2020,10,10,0,0.0,0.21378755569458008,0.21378755569458008,0.0
89,92,基础医学院,2020,77,71,6,7.792207792207792,0.21190764009952545,0.20662879943847656,-0.005278840661048889
90,93,基础医学院,2020,77,76,1,1.2987012987012987,0.20612269639968872,0.2024872750043869,-0.003635421395301819
91,94,基础医学院,2020,77,65,12,15.584415584415584,0.18204163014888763,0.19465692341327667,0.012615293264389038
92,95,基础医学院,2020,77,71,6,7.792207792207792,0.30567359924316406,0.29517385363578796,-0.010499745607376099
93,96,基础医学院,2020,77,76,1,1.2987012987012987,0.22418032586574554,0.22453682124614716,0.00035649538040161133
94,97,基础医学院,2020,77,75,2,2.5974025974025974,0.22784891724586487,0.2278837263584137,3.4809112548828125e-05
95,98,基础医学院,2020,77,73,4,5.194805194805195,0.18937797844409943,0.1862441897392273,-0.0031337887048721313
96,99,基础医学院,2020,77,75,2,2.5974025974025974,0.2508637309074402,0.2447202503681183,-0.006143480539321899
97,100,健康学院,2020,71,71,0,0.0,0.06650625169277191,0.06650625169277191,0.0
98,101,药学院,2020,33,30,3,9.090909090909092,0.2403876632452011,0.23871053755283356,-0.0016771256923675537
99,102,药学院,2020,33,32,1,3.0303030303030303,0.2557782530784607,0.24539007246494293,-0.010388180613517761
100,103,药学院,2020,33,33,0,0.0,0.2048046588897705,0.2048046588897705,0.0
101,104,药学院,2020,33,32,1,3.0303030303030303,0.20443592965602875,0.1982669234275818,-0.0061690062284469604
102,105,药学院,2020,33,29,4,12.121212121212121,0.23877520859241486,0.22548846900463104,-0.013286739587783813
103,106,第一临床学院,2020,208,200,8,3.8461538461538463,0.10361576825380325,0.10598503053188324,0.0023692622780799866
104,107,第一临床学院,2020,208,202,6,2.8846153846153846,0.21111315488815308,0.21144165098667145,0.0003284960985183716
105,108,第二临床学院,2020,205,200,5,2.4390243902439024,0.18502718210220337,0.18205861747264862,-0.0029685646295547485
106,109,第二临床学院,2020,205,201,4,1.951219512195122,0.19253098964691162,0.19106896221637726,-0.0014620274305343628
107,110,第二临床学院,2020,205,205,0,0.0,0.14006052911281586,0.14006052911281586,0.0
108,111,口腔医学院,2020,85,79,6,7.0588235294117645,0.19289472699165344,0.18391068279743195,-0.008984044194221497
109,112,弘毅学堂,2020,112,112,0,0.0,0.13207250833511353,0.13207250833511353,0.0
110,113,弘毅学堂,2020,112,112,0,0.0,0.06476513296365738,0.06476513296365738,0.0
111,114,弘毅学堂,2020,112,107,5,4.464285714285714,0.08322247117757797,0.07286317646503448,-0.010359294712543488
112,115,弘毅学堂,2020,112,111,1,0.8928571428571428,0.07903917878866196,0.07786715775728226,-0.0011720210313796997
113,116,弘毅学堂,2020,112,112,0,0.0,0.1297721117734909,0.1297721117734909,0.0
114,117,弘毅学堂,2020,112,112,0,0.0,0.15730087459087372,0.15730087459087372,0.0
115,118,弘毅学堂,2020,112,110,2,1.7857142857142856,0.04239678010344505,0.04387733340263367,0.001480553299188614
116,119,弘毅学堂,2020,112,112,0,0.0,-0.01980399899184704,-0.01980399899184704,0.0
117,120,弘毅学堂,2020,112,111,1,0.8928571428571428,0.10151296854019165,0.10323138535022736,0.0017184168100357056
118,121,文学院,2020,37,37,0,0.0,-0.0007493767770938575,-0.0007493767770938575,0.0
119,122,经济与管理学院,2020,163,162,1,0.6134969325153374,0.024327989667654037,0.02414332702755928,-0.00018466264009475708
120,123,印刷与包装系,2020,10,9,1,10.0,0.12450022995471954,0.13236115872859955,0.007860928773880005
121,124,哲学学院,2020,29,29,0,0.0,0.016804421320557594,0.016804421320557594,0.0
122,125,哲学学院,2020,29,26,3,10.344827586206897,0.04928296059370041,0.051561418920755386,0.0022784583270549774
123,126,新闻与传播学院,2020,14,14,0,0.0,0.08306354284286499,0.08306354284286499,0.0
124,127,新闻与传播学院,2020,14,14,0,0.0,0.14311598241329193,0.14311598241329193,0.0
125,128,经济与管理学院,2020,163,162,1,0.6134969325153374,0.04365965351462364,0.0427725650370121,-0.0008870884776115417
126,129,经济与管理学院,2020,163,161,2,1.2269938650306749,0.06571086496114731,0.06423503905534744,-0.0014758259057998657
127,130,经济与管理学院,2020,163,161,2,1.2269938650306749,0.10123687237501144,0.10111001878976822,-0.0001268535852432251
128,131,马克思主义学院,2020,6,4,2,33.33333333333333,0.041131556034088135,0.0418081134557724,0.0006765574216842651
129,132,信息管理学院,2020,79,78,1,1.2658227848101267,0.020803848281502724,0.021688023582100868,0.0008841753005981445
130,133,信息管理学院,2020,79,77,2,2.5316455696202533,0.07621543109416962,0.0725574642419815,-0.0036579668521881104
131,134,信息管理学院,2020,79,77,2,2.5316455696202533,0.10674669593572617,0.10569792985916138,-0.0010487660765647888
132,135,信息管理学院,2020,79,71,8,10.126582278481013,0.0870041623711586,0.09396803379058838,0.006963871419429779
133,136,信息管理学院,2020,79,74,5,6.329113924050633,0.07254913449287415,0.0759667158126831,0.00341758131980896
134,137,信息管理学院,2020,79,75,4,5.063291139240507,0.03052043356001377,0.025153761729598045,-0.005366671830415726
135,138,资源与环境科学学院,2020,97,97,0,0.0,0.09062584489583969,0.09062584489583969,0.0
136,139,土木建筑工程学院,2020,77,74,3,3.896103896103896,0.0661361888051033,0.06383365392684937,-0.0023025348782539368
137,140,土木建筑工程学院,2020,77,76,1,1.2987012987012987,0.08533723652362823,0.08529087901115417,-4.635751247406006e-05
138,141,水利水电学院,2020,100,100,0,0.0,0.051958002150058746,0.051958002150058746,0.0
139,142,电子信息学院,2020,72,71,1,1.3888888888888888,0.0702868402004242,0.07090528309345245,0.0006184428930282593
140,143,电子信息学院,2020,72,72,0,0.0,0.019290290772914886,0.019290290772914886,0.0
141,144,计算机学院,2020,50,50,0,0.0,0.15257108211517334,0.15257108211517334,0.0
142,145,计算机学院,2020,50,50,0,0.0,0.11545773595571518,0.11545773595571518,0.0
143,146,测绘学院,2020,125,123,2,1.6,0.16972289979457855,0.17106042802333832,0.0013375282287597656
144,147,测绘学院,2020,125,124,1,0.8,0.1555168181657791,0.15683726966381073,0.0013204514980316162
145,148,印刷与包装系,2020,10,9,1,10.0,-0.02232741378247738,-0.020634518936276436,0.001692894846200943
146,149,基础医学院,2020,77,77,0,0.0,0.20404167473316193,0.20404167473316193,0.0
147,150,弘毅学堂,2020,112,107,5,4.464285714285714,0.005749653559178114,0.0038631230127066374,-0.0018865305464714766
148,151,外国语言文学学院,2020,45,21,24,53.333333333333336,0.00439723813906312,-0.006349695380777121,-0.01074693351984024
149,152,外国语言文学学院,2020,45,45,0,0.0,0.026784319430589676,0.026784319430589676,0.0
150,153,外国语言文学学院,2020,45,45,0,0.0,0.017074741423130035,0.017074741423130035,0.0
151,154,外国语言文学学院,2020,45,45,0,0.0,0.011195010505616665,0.011195010505616665,0.0
152,155,外国语言文学学院,2020,45,44,1,2.2222222222222223,0.04594358429312706,0.04767093434929848,0.0017273500561714172
153,156,外国语言文学学院,2020,45,45,0,0.0,0.0157313235104084,0.0157313235104084,0.0
154,157,外国语言文学学院,2020,45,45,0,0.0,-0.0011982829309999943,-0.0011982829309999943,0.0
155,158,新闻与传播学院,2020,14,13,1,7.142857142857142,-0.010937952436506748,-0.0077422549948096275,0.0031956974416971207
156,159,新闻与传播学院,2020,14,14,0,0.0,0.08371740579605103,0.08371740579605103,0.0
157,160,新闻与传播学院,2020,14,11,3,21.428571428571427,0.04575272649526596,0.04848875850439072,0.002736032009124756
158,161,新闻与传播学院,2020,14,12,2,14.285714285714285,-0.019235001876950264,-0.008833587169647217,0.010401414707303047
159,162,新闻与传播学院,2020,14,11,3,21.428571428571427,0.07491698116064072,0.08702177554368973,0.012104794383049011
160,163,信息管理学院,2020,79,78,1,1.2658227848101267,0.12437024712562561,0.12040288746356964,-0.003967359662055969
161,164,信息管理学院,2020,79,75,4,5.063291139240507,0.08244243264198303,0.0678575411438942,-0.014584891498088837
162,165,信息管理学院,2020,79,74,5,6.329113924050633,0.0683051273226738,0.07102403044700623,0.002718903124332428
163,166,信息管理学院,2020,79,79,0,0.0,0.06917846947908401,0.06917846947908401,0.0
164,167,信息管理学院,2020,79,78,1,1.2658227848101267,0.07964663952589035,0.07637890428304672,-0.003267735242843628
165,168,信息管理学院,2020,79,77,2,2.5316455696202533,0.11521649360656738,0.10865942388772964,-0.006557069718837738
166,169,信息管理学院,2020,79,79,0,0.0,0.0764681026339531,0.0764681026339531,0.0
167,170,信息管理学院,2020,79,79,0,0.0,0.13252724707126617,0.13252724707126617,0.0
168,171,信息管理学院,2020,79,77,2,2.5316455696202533,0.08196784555912018,0.07588504254817963,-0.006082803010940552
169,172,信息管理学院,2020,79,79,0,0.0,0.08627378940582275,0.08627378940582275,0.0
170,173,经济与管理学院,2020,163,160,3,1.8404907975460123,0.09367633610963821,0.09480701386928558,0.0011306777596473694
171,174,经济与管理学院,2020,163,163,0,0.0,0.07260583341121674,0.07260583341121674,0.0
172,175,经济与管理学院,2020,163,163,0,0.0,0.077386774122715,0.077386774122715,0.0
173,176,经济与管理学院,2020,163,163,0,0.0,0.046078871935606,0.046078871935606,0.0
174,177,经济与管理学院,2020,163,163,0,0.0,0.028365904465317726,0.028365904465317726,0.0
175,178,经济与管理学院,2020,163,163,0,0.0,0.042763225734233856,0.042763225734233856,0.0
176,179,经济与管理学院,2020,163,156,7,4.294478527607362,0.06732358038425446,0.06803878396749496,0.000715203583240509
177,180,经济与管理学院,2020,163,163,0,0.0,0.06033449247479439,0.06033449247479439,0.0
178,181,经济与管理学院,2020,163,163,0,0.0,0.01746605895459652,0.01746605895459652,0.0
179,182,经济与管理学院,2020,163,163,0,0.0,0.05426713451743126,0.05426713451743126,0.0
180,183,经济与管理学院,2020,163,162,1,0.6134969325153374,0.030465278774499893,0.029812240973114967,-0.0006530378013849258
181,184,经济与管理学院,2020,163,162,1,0.6134969325153374,0.09164028614759445,0.09095799177885056,-0.0006822943687438965
182,185,经济与管理学院,2020,163,163,0,0.0,0.09601113200187683,0.09601113200187683,0.0
183,186,经济与管理学院,2020,163,163,0,0.0,0.06140294671058655,0.06140294671058655,0.0
184,187,经济与管理学院,2020,163,163,0,0.0,0.032427676022052765,0.032427676022052765,0.0
185,188,经济与管理学院,2020,163,163,0,0.0,0.045971695333719254,0.045971695333719254,0.0
186,189,经济与管理学院,2020,163,163,0,0.0,0.09582792967557907,0.09582792967557907,0.0
187,190,经济与管理学院,2020,163,163,0,0.0,0.057812415063381195,0.057812415063381195,0.0
188,191,经济与管理学院,2020,163,163,0,0.0,0.08701206743717194,0.08701206743717194,0.0
189,192,经济与管理学院,2020,163,163,0,0.0,0.10216954350471497,0.10216954350471497,0.0
190,193,经济与管理学院,2020,163,163,0,0.0,0.028785577043890953,0.028785577043890953,0.0
191,194,经济与管理学院,2020,163,163,0,0.0,0.05763527750968933,0.05763527750968933,0.0
192,195,经济与管理学院,2020,163,163,0,0.0,0.0393499992787838,0.0393499992787838,0.0
193,196,经济与管理学院,2020,163,163,0,0.0,0.04860253632068634,0.04860253632068634,0.0
194,197,经济与管理学院,2020,163,163,0,0.0,0.054142676293849945,0.054142676293849945,0.0
195,198,经济与管理学院,2020,163,163,0,0.0,0.07153874635696411,0.07153874635696411,0.0
196,199,经济与管理学院,2020,163,154,9,5.521472392638037,0.09323699027299881,0.09249263256788254,-0.000744357705116272
197,200,经济与管理学院,2020,163,163,0,0.0,0.05875549837946892,0.05875549837946892,0.0
198,201,经济与管理学院,2020,163,163,0,0.0,0.1400378793478012,0.1400378793478012,0.0
199,202,经济与管理学院,2020,163,160,3,1.8404907975460123,0.1346508264541626,0.1357865035533905,0.0011356770992279053
200,203,经济与管理学院,2020,163,163,0,0.0,0.05843444541096687,0.05843444541096687,0.0
201,204,经济与管理学院,2020,163,163,0,0.0,0.0481160469353199,0.0481160469353199,0.0
202,205,经济与管理学院,2020,163,163,0,0.0,0.07215858995914459,0.07215858995914459,0.0
203,206,经济与管理学院,2020,163,163,0,0.0,0.04891631379723549,0.04891631379723549,0.0
204,207,经济与管理学院,2020,163,163,0,0.0,0.06327063590288162,0.06327063590288162,0.0
205,208,经济与管理学院,2020,163,163,0,0.0,0.06314708292484283,0.06314708292484283,0.0
206,209,经济与管理学院,2020,163,163,0,0.0,0.0913889929652214,0.0913889929652214,0.0
207,210,经济与管理学院,2020,163,163,0,0.0,0.048305388540029526,0.048305388540029526,0.0
208,211,经济与管理学院,2020,163,163,0,0.0,0.07175576686859131,0.07175576686859131,0.0
209,212,经济与管理学院,2020,163,163,0,0.0,0.054910462349653244,0.054910462349653244,0.0
210,213,经济与管理学院,2020,163,163,0,0.0,0.06349600106477737,0.06349600106477737,0.0
211,214,经济与管理学院,2020,163,163,0,0.0,0.06321059912443161,0.06321059912443161,0.0
212,215,经济与管理学院,2020,163,163,0,0.0,0.06494465470314026,0.06494465470314026,0.0
213,216,经济与管理学院,2020,163,157,6,3.6809815950920246,0.029930515214800835,0.028819406405091286,-0.001111108809709549
214,217,经济与管理学院,2020,163,163,0,0.0,0.04344306141138077,0.04344306141138077,0.0
215,218,法学院,2020,31,30,1,3.225806451612903,0.14051812887191772,0.14249259233474731,0.00197446346282959
216,219,法学院,2020,31,31,0,0.0,0.008760559372603893,0.008760559372603893,0.0
217,220,法学院,2020,31,31,0,0.0,0.040494028478860855,0.040494028478860855,0.0
218,221,法学院,2020,31,31,0,0.0,0.022155316546559334,0.022155316546559334,0.0
219,222,法学院,2020,31,31,0,0.0,0.06531383842229843,0.06531383842229843,0.0
220,223,法学院,2020,31,31,0,0.0,0.016485031694173813,0.016485031694173813,0.0
221,224,法学院,2020,31,31,0,0.0,0.010547555051743984,0.010547555051743984,0.0
222,225,法学院,2020,31,31,0,0.0,0.01041498314589262,0.01041498314589262,0.0
223,226,法学院,2020,31,31,0,0.0,0.08055620640516281,0.08055620640516281,0.0
224,227,法学院,2020,31,31,0,0.0,0.07279571145772934,0.07279571145772934,0.0
225,228,法学院,2020,31,28,3,9.67741935483871,0.039008427411317825,0.0327560193836689,-0.006252408027648926
226,229,文学院,2020,37,37,0,0.0,-0.030089549720287323,-0.030089549720287323,0.0
227,230,文学院,2020,37,37,0,0.0,-0.036607299000024796,-0.036607299000024796,0.0
228,231,文学院,2020,37,36,1,2.7027027027027026,0.04049324989318848,0.03458665683865547,-0.005906593054533005
229,232,文学院,2020,37,37,0,0.0,0.025707941502332687,0.025707941502332687,0.0
230,233,文学院,2020,37,37,0,0.0,0.03837263584136963,0.03837263584136963,0.0
231,234,文学院,2020,37,37,0,0.0,0.033645570278167725,0.033645570278167725,0.0
232,235,文学院,2020,37,36,1,2.7027027027027026,0.04624662548303604,0.0470162071287632,0.0007695816457271576
233,236,文学院,2020,37,36,1,2.7027027027027026,0.07144121080636978,0.058442313224077225,-0.012998897582292557
234,237,文学院,2020,37,37,0,0.0,-0.05872616171836853,-0.05872616171836853,0.0
235,238,文学院,2020,37,37,0,0.0,0.04229236766695976,0.04229236766695976,0.0
236,239,历史学院,2020,8,7,1,12.5,0.008394704200327396,-0.0016919119516387582,-0.010086616151966155
237,240,历史学院,2020,8,7,1,12.5,0.18904262781143188,0.22797104716300964,0.03892841935157776
238,241,历史学院,2020,8,8,0,0.0,0.10423994064331055,0.10423994064331055,0.0
239,242,历史学院,2020,8,8,0,0.0,0.14053496718406677,0.14053496718406677,0.0
240,243,历史学院,2020,8,8,0,0.0,-0.009076867252588272,-0.009076867252588272,0.0
241,244,历史学院,2020,8,8,0,0.0,0.006638414226472378,0.006638414226472378,0.0
242,245,历史学院,2020,8,8,0,0.0,0.0684070810675621,0.0684070810675621,0.0
243,246,历史学院,2020,8,8,0,0.0,0.046205900609493256,0.046205900609493256,0.0
244,247,历史学院,2020,8,8,0,0.0,0.08095015585422516,0.08095015585422516,0.0
245,248,哲学学院,2020,29,29,0,0.0,0.027761898934841156,0.027761898934841156,0.0
246,249,哲学学院,2020,29,29,0,0.0,0.021109165623784065,0.021109165623784065,0.0
247,250,艺术学院,2020,10,10,0,0.0,-0.016792111098766327,-0.016792111098766327,0.0
248,251,艺术学院,2020,10,10,0,0.0,0.07300659269094467,0.07300659269094467,0.0
249,252,艺术学院,2020,10,10,0,0.0,0.0040133120492100716,0.0040133120492100716,0.0
250,253,艺术学院,2020,10,10,0,0.0,0.09186823666095734,0.09186823666095734,0.0
251,254,政治与公共管理学院,2020,16,16,0,0.0,0.0608576238155365,0.0608576238155365,0.0
252,255,政治与公共管理学院,2020,16,15,1,6.25,0.12556999921798706,0.14509183168411255,0.01952183246612549
253,256,政治与公共管理学院,2020,16,16,0,0.0,0.05406532809138298,0.05406532809138298,0.0
254,257,政治与公共管理学院,2020,16,16,0,0.0,0.1441977322101593,0.1441977322101593,0.0
255,258,政治与公共管理学院,2020,16,16,0,0.0,0.0812574103474617,0.0812574103474617,0.0
256,259,政治与公共管理学院,2020,16,15,1,6.25,0.13456258177757263,0.13698986172676086,0.0024272799491882324
257,260,政治与公共管理学院,2020,16,16,0,0.0,0.08963508903980255,0.08963508903980255,0.0
258,261,政治与公共管理学院,2020,16,16,0,0.0,0.17901043593883514,0.17901043593883514,0.0
259,262,马克思主义学院,2020,6,6,0,0.0,-0.020835114642977715,-0.020835114642977715,0.0
260,263,马克思主义学院,2020,6,6,0,0.0,-0.030792236328125,-0.030792236328125,0.0
261,264,马克思主义学院,2020,6,6,0,0.0,-0.007135039195418358,-0.007135039195418358,0.0
262,265,马克思主义学院,2020,6,6,0,0.0,-0.018702572211623192,-0.018702572211623192,0.0
263,266,马克思主义学院,2020,6,6,0,0.0,0.002777526853606105,0.002777526853606105,0.0
264,271,数学与统计学院,2020,1,1,0,0.0,0.1938643902540207,0.1938643902540207,0.0
265,272,化学与分子科学学院,2020,143,142,1,0.6993006993006993,0.31851980090141296,0.31724560260772705,-0.001274198293685913
266,273,化学与分子科学学院,2020,143,113,30,20.97902097902098,0.3120691776275635,0.3050053119659424,-0.007063865661621094
267,274,化学与分子科学学院,2020,143,142,1,0.6993006993006993,0.10168662667274475,0.1008208617568016,-0.0008657649159431458
268,275,生命科学学院,2020,118,117,1,0.847457627118644,0.15299130976200104,0.14884603023529053,-0.00414527952671051
269,276,生命科学学院,2020,118,118,0,0.0,0.18016889691352844,0.18016889691352844,0.0
270,277,生命科学学院,2020,118,118,0,0.0,0.22373613715171814,0.22373613715171814,0.0
271,278,生命科学学院,2020,118,118,0,0.0,0.1683834046125412,0.1683834046125412,0.0
272,279,生命科学学院,2020,118,118,0,0.0,0.03060557134449482,0.03060557134449482,0.0
273,280,资源与环境科学学院,2020,97,95,2,2.0618556701030926,0.1043626070022583,0.10215753316879272,-0.002205073833465576
274,281,资源与环境科学学院,2020,97,96,1,1.0309278350515463,0.08285634219646454,0.08237799257040024,-0.00047834962606430054
275,282,资源与环境科学学院,2020,97,95,2,2.0618556701030926,0.16358359158039093,0.15934006869792938,-0.004243522882461548
276,283,资源与环境科学学院,2020,97,96,1,1.0309278350515463,0.14570847153663635,0.14319433271884918,-0.0025141388177871704
277,284,资源与环境科学学院,2020,97,96,1,1.0309278350515463,0.24073165655136108,0.23864857852458954,-0.0020830780267715454
278,285,资源与环境科学学院,2020,97,95,2,2.0618556701030926,0.11230020225048065,0.10833774507045746,-0.003962457180023193
279,286,资源与环境科学学院,2020,97,96,1,1.0309278350515463,0.1437361091375351,0.14115577936172485,-0.0025803297758102417
280,287,水利水电学院,2020,100,96,4,4.0,0.18913665413856506,0.18324780464172363,-0.005888849496841431
281,288,水利水电学院,2020,100,100,0,0.0,0.10124117881059647,0.10124117881059647,0.0
282,289,水利水电学院,2020,100,96,4,4.0,0.17262603342533112,0.17249995470046997,-0.00012607872486114502
283,290,水利水电学院,2020,100,97,3,3.0,0.2065194845199585,0.20126157999038696,-0.005257904529571533
284,291,电气与自动化学院,2020,87,74,13,14.942528735632186,0.11324481666088104,0.10542450845241547,-0.007820308208465576
285,292,电气与自动化学院,2020,87,87,0,0.0,0.145547017455101,0.145547017455101,0.0
286,293,电气与自动化学院,2020,87,87,0,0.0,0.19255772233009338,0.19255772233009338,0.0
287,294,电气与自动化学院,2020,87,87,0,0.0,0.1193775087594986,0.1193775087594986,0.0
288,295,电气与自动化学院,2020,87,87,0,0.0,0.1290646493434906,0.1290646493434906,0.0
289,296,电气与自动化学院,2020,87,86,1,1.1494252873563218,0.18773102760314941,0.1888962686061859,0.001165241003036499
290,297,电气与自动化学院,2020,87,87,0,0.0,0.12629389762878418,0.12629389762878418,0.0
291,298,电气与自动化学院,2020,87,86,1,1.1494252873563218,0.14795945584774017,0.14744806289672852,-0.0005113929510116577
292,299,电气与自动化学院,2020,87,86,1,1.1494252873563218,0.11108648031949997,0.11035187542438507,-0.0007346048951148987
293,300,电气与自动化学院,2020,87,87,0,0.0,0.18452882766723633,0.18452882766723633,0.0
294,301,动力与机械学院,2020,91,91,0,0.0,0.15336954593658447,0.15336954593658447,0.0
295,302,动力与机械学院,2020,91,88,3,3.296703296703297,0.1873834878206253,0.17468129098415375,-0.012702196836471558
296,303,动力与机械学院,2020,91,91,0,0.0,0.12719681859016418,0.12719681859016418,0.0
297,304,动力与机械学院,2020,91,91,0,0.0,0.16696590185165405,0.16696590185165405,0.0
298,305,动力与机械学院,2020,91,91,0,0.0,0.21911843121051788,0.21911843121051788,0.0
299,306,城市设计学院,2020,38,38,0,0.0,0.1449589729309082,0.1449589729309082,0.0
300,307,城市设计学院,2020,38,38,0,0.0,0.07031034678220749,0.07031034678220749,0.0
301,308,城市设计学院,2020,38,38,0,0.0,0.03962032124400139,0.03962032124400139,0.0
302,309,城市设计学院,2020,38,38,0,0.0,0.07036616653203964,0.07036616653203964,0.0
303,310,土木建筑工程学院,2020,77,76,1,1.2987012987012987,0.15883654356002808,0.1568416804075241,-0.0019948631525039673
304,311,土木建筑工程学院,2020,77,74,3,3.896103896103896,0.07440873235464096,0.07411371171474457,-0.0002950206398963928
305,312,土木建筑工程学院,2020,77,70,7,9.090909090909092,0.2254662960767746,0.22587795555591583,0.00041165947914123535
306,313,土木建筑工程学院,2020,77,72,5,6.493506493506493,0.23628368973731995,0.23193925619125366,-0.004344433546066284
307,314,土木建筑工程学院,2020,77,74,3,3.896103896103896,0.19321508705615997,0.18241488933563232,-0.010800197720527649
308,315,土木建筑工程学院,2020,77,76,1,1.2987012987012987,0.19933921098709106,0.19701090455055237,-0.0023283064365386963
309,316,土木建筑工程学院,2020,77,77,0,0.0,0.11678031831979752,0.11678031831979752,0.0
310,317,土木建筑工程学院,2020,77,77,0,0.0,0.1262541562318802,0.1262541562318802,0.0
311,318,土木建筑工程学院,2020,77,72,5,6.493506493506493,0.19801804423332214,0.20027272403240204,0.002254679799079895
312,319,计算机学院,2020,50,46,4,8.0,0.08196640759706497,0.08145394176244736,-0.0005124658346176147
313,320,计算机学院,2020,50,50,0,0.0,0.10380765050649643,0.10380765050649643,0.0
314,321,计算机学院,2020,50,50,0,0.0,0.11179835349321365,0.11179835349321365,0.0
315,322,计算机学院,2020,50,49,1,2.0,0.14866766333580017,0.1511446088552475,0.0024769455194473267
316,323,计算机学院,2020,50,49,1,2.0,0.08706921339035034,0.0880838930606842,0.0010146796703338623
317,324,计算机学院,2020,50,47,3,6.0,0.10822760313749313,0.10917571932077408,0.0009481161832809448
318,325,计算机学院,2020,50,48,2,4.0,0.09870199114084244,0.09036203473806381,-0.008339956402778625
319,326,计算机学院,2020,50,50,0,0.0,0.1258152574300766,0.1258152574300766,0.0
320,327,计算机学院,2020,50,50,0,0.0,0.18337510526180267,0.18337510526180267,0.0
321,328,计算机学院,2020,50,47,3,6.0,0.14454276859760284,0.14736588299274445,0.0028231143951416016
322,329,计算机学院,2020,50,49,1,2.0,0.09591259807348251,0.09761469066143036,0.0017020925879478455
323,330,计算机学院,2020,50,50,0,0.0,0.1281544417142868,0.1281544417142868,0.0
324,331,计算机学院,2020,50,50,0,0.0,0.13809682428836823,0.13809682428836823,0.0
325,332,计算机学院,2020,50,50,0,0.0,0.12359051406383514,0.12359051406383514,0.0
326,333,计算机学院,2020,50,50,0,0.0,0.07626988738775253,0.07626988738775253,0.0
327,334,计算机学院,2020,50,50,0,0.0,0.16171714663505554,0.16171714663505554,0.0
328,335,电子信息学院,2020,72,72,0,0.0,0.1519714742898941,0.1519714742898941,0.0
329,336,电子信息学院,2020,72,72,0,0.0,0.10893169790506363,0.10893169790506363,0.0
330,337,电子信息学院,2020,72,71,1,1.3888888888888888,0.151881143450737,0.14907628297805786,-0.002804860472679138
331,338,电子信息学院,2020,72,71,1,1.3888888888888888,0.17008233070373535,0.16525445878505707,-0.004827871918678284
332,339,电子信息学院,2020,72,72,0,0.0,0.09364475309848785,0.09364475309848785,0.0
333,340,电子信息学院,2020,72,72,0,0.0,0.12472999095916748,0.12472999095916748,0.0
334,341,电子信息学院,2020,72,66,6,8.333333333333332,0.12001102417707443,0.12297575175762177,0.0029647275805473328
335,342,电子信息学院,2020,72,72,0,0.0,0.07873538881540298,0.07873538881540298,0.0
336,343,电子信息学院,2020,72,72,0,0.0,0.09218008071184158,0.09218008071184158,0.0
337,344,电子信息学院,2020,72,72,0,0.0,0.11277583986520767,0.11277583986520767,0.0
338,345,电子信息学院,2020,72,72,0,0.0,0.06136302277445793,0.06136302277445793,0.0
339,346,电子信息学院,2020,72,71,1,1.3888888888888888,0.13135629892349243,0.12773288786411285,-0.0036234110593795776
340,347,电子信息学院,2020,72,72,0,0.0,0.15289300680160522,0.15289300680160522,0.0
341,348,电子信息学院,2020,72,72,0,0.0,0.1392640471458435,0.1392640471458435,0.0
342,349,电子信息学院,2020,72,71,1,1.3888888888888888,0.14767955243587494,0.14524461328983307,-0.00243493914604187
343,350,电子信息学院,2020,72,72,0,0.0,0.05199094116687775,0.05199094116687775,0.0
344,351,电子信息学院,2020,72,72,0,0.0,0.11886276304721832,0.11886276304721832,0.0
345,352,遥感信息工程学院,2020,56,56,0,0.0,0.11358141899108887,0.11358141899108887,0.0
346,353,遥感信息工程学院,2020,56,56,0,0.0,0.23182381689548492,0.23182381689548492,0.0
347,354,遥感信息工程学院,2020,56,49,7,12.5,0.21633131802082062,0.24481476843357086,0.028483450412750244
348,355,遥感信息工程学院,2020,56,56,0,0.0,0.11453919112682343,0.11453919112682343,0.0
349,356,遥感信息工程学院,2020,56,54,2,3.571428571428571,0.13737992942333221,0.1397816389799118,0.00240170955657959
350,357,遥感信息工程学院,2020,56,48,8,14.285714285714285,0.11971181631088257,0.13488103449344635,0.015169218182563782
351,358,遥感信息工程学院,2020,56,56,0,0.0,0.171327143907547,0.171327143907547,0.0
352,359,遥感信息工程学院,2020,56,51,5,8.928571428571429,0.28718891739845276,0.27188482880592346,-0.015304088592529297
353,360,遥感信息工程学院,2020,56,56,0,0.0,0.2038014680147171,0.2038014680147171,0.0
354,361,测绘学院,2020,125,118,7,5.6000000000000005,0.16868989169597626,0.1594776064157486,-0.009212285280227661
355,362,测绘学院,2020,125,109,16,12.8,0.17688360810279846,0.15458166599273682,-0.022301942110061646
356,363,测绘学院,2020,125,125,0,0.0,0.1670297086238861,0.1670297086238861,0.0
357,364,测绘学院,2020,125,125,0,0.0,0.10333685576915741,0.10333685576915741,0.0
358,365,测绘学院,2020,125,117,8,6.4,0.15405824780464172,0.1560097336769104,0.0019514858722686768
359,366,测绘学院,2020,125,125,0,0.0,0.20305870473384857,0.20305870473384857,0.0
360,367,测绘学院,2020,125,124,1,0.8,0.23202553391456604,0.22949419915676117,-0.0025313347578048706
361,368,测绘学院,2020,125,111,14,11.200000000000001,0.21758076548576355,0.208858460187912,-0.008722305297851562
362,369,测绘学院,2020,125,125,0,0.0,0.1336318999528885,0.1336318999528885,0.0
363,370,测绘学院,2020,125,124,1,0.8,0.21425634622573853,0.21206624805927277,-0.0021900981664657593
364,371,测绘学院,2020,125,109,16,12.8,0.23631855845451355,0.20086820423603058,-0.03545035421848297
365,372,测绘学院,2020,125,116,9,7.199999999999999,0.20516690611839294,0.207225501537323,0.0020585954189300537
366,373,测绘学院,2020,125,124,1,0.8,0.17827990651130676,0.17960263788700104,0.001322731375694275
367,374,测绘学院,2020,125,123,2,1.6,0.19127847254276276,0.18775425851345062,-0.003524214029312134
368,375,印刷与包装系,2020,10,6,4,40.0,0.15653347969055176,0.11691125482320786,-0.0396222248673439
369,376,印刷与包装系,2020,10,10,0,0.0,0.16290731728076935,0.16290731728076935,0.0
370,377,印刷与包装系,2020,10,7,3,30.0,0.1627076268196106,0.14965441823005676,-0.013053208589553833
371,378,印刷与包装系,2020,10,10,0,0.0,0.07908345758914948,0.07908345758914948,0.0
372,379,基础医学院,2020,77,77,0,0.0,0.22809046506881714,0.22809046506881714,0.0
373,380,基础医学院,2020,77,77,0,0.0,0.17943024635314941,0.17943024635314941,0.0
374,381,基础医学院,2020,77,75,2,2.5974025974025974,0.18967008590698242,0.19060018658638,0.000930100679397583
375,382,基础医学院,2020,77,77,0,0.0,0.1737762689590454,0.1737762689590454,0.0
376,383,基础医学院,2020,77,75,2,2.5974025974025974,0.1619049459695816,0.15943531692028046,-0.0024696290493011475
377,384,基础医学院,2020,77,77,0,0.0,0.20493848621845245,0.20493848621845245,0.0
378,385,基础医学院,2020,77,72,5,6.493506493506493,0.2964002192020416,0.2953471541404724,-0.0010530650615692139
379,386,基础医学院,2020,77,77,0,0.0,0.26364365220069885,0.26364365220069885,0.0
380,387,基础医学院,2020,77,77,0,0.0,0.2001684159040451,0.2001684159040451,0.0
381,388,基础医学院,2020,77,75,2,2.5974025974025974,0.30613499879837036,0.3003816604614258,-0.00575333833694458
382,389,基础医学院,2020,77,77,0,0.0,0.23649485409259796,0.23649485409259796,0.0
383,390,基础医学院,2020,77,77,0,0.0,0.22764624655246735,0.22764624655246735,0.0
384,391,第一临床学院,2020,208,208,0,0.0,0.11807874590158463,0.11807874590158463,0.0
385,392,第一临床学院,2020,208,205,3,1.4423076923076923,0.1468270868062973,0.1463591456413269,-0.00046794116497039795
386,393,第一临床学院,2020,208,208,0,0.0,0.24414674937725067,0.24414674937725067,0.0
387,394,第一临床学院,2020,208,208,0,0.0,0.20757095515727997,0.20757095515727997,0.0
388,395,第一临床学院,2020,208,204,4,1.9230769230769231,0.18695464730262756,0.18417629599571228,-0.002778351306915283
389,396,第一临床学院,2020,208,206,2,0.9615384615384616,0.23206064105033875,0.23330381512641907,0.0012431740760803223
390,397,第一临床学院,2020,208,205,3,1.4423076923076923,0.21751664578914642,0.21571294963359833,-0.0018036961555480957
391,398,第二临床学院,2020,205,203,2,0.975609756097561,0.11521381139755249,0.11639464646577835,0.0011808350682258606
392,399,第二临床学院,2020,205,193,12,5.853658536585367,0.20890885591506958,0.20159628987312317,-0.007312566041946411
393,400,第二临床学院,2020,205,205,0,0.0,0.14272037148475647,0.14272037148475647,0.0
394,401,第二临床学院,2020,205,204,1,0.4878048780487805,0.18079721927642822,0.17961761355400085,-0.0011796057224273682
395,402,第二临床学院,2020,205,203,2,0.975609756097561,0.12855929136276245,0.12880957126617432,0.00025027990341186523
396,403,口腔医学院,2020,85,71,14,16.470588235294116,0.20932213962078094,0.1839645951986313,-0.025357544422149658
397,404,口腔医学院,2020,85,85,0,0.0,0.16022494435310364,0.16022494435310364,0.0
398,405,健康学院,2020,71,61,10,14.084507042253522,0.12637221813201904,0.11695420742034912,-0.009418010711669922
399,406,健康学院,2020,71,71,0,0.0,0.13647496700286865,0.13647496700286865,0.0
400,407,健康学院,2020,71,71,0,0.0,0.16108712553977966,0.16108712553977966,0.0
401,408,健康学院,2020,71,68,3,4.225352112676056,0.09459228813648224,0.09039290249347687,-0.004199385643005371
402,409,健康学院,2020,71,68,3,4.225352112676056,0.09993880987167358,0.0910845473408699,-0.00885426253080368
403,410,健康学院,2020,71,71,0,0.0,0.17203937470912933,0.17203937470912933,0.0
404,411,药学院,2020,33,33,0,0.0,0.09952602535486221,0.09952602535486221,0.0
405,412,药学院,2020,33,32,1,3.0303030303030303,0.1871686577796936,0.18444304168224335,-0.0027256160974502563
406,413,药学院,2020,33,32,1,3.0303030303030303,0.19968676567077637,0.19540837407112122,-0.004278391599655151
407,414,药学院,2020,33,33,0,0.0,0.2536191940307617,0.2536191940307617,0.0
408,415,药学院,2020,33,32,1,3.0303030303030303,0.2653518617153168,0.2651190757751465,-0.00023278594017028809
409,416,药学院,2020,33,31,2,6.0606060606060606,0.24758610129356384,0.23975250124931335,-0.007833600044250488
410,417,测绘遥感信息工程国家重点实验室,2020,117,117,0,0.0,0.2556387782096863,0.2556387782096863,0.0
411,418,测绘遥感信息工程国家重点实验室,2020,117,115,2,1.7094017094017095,0.2004614919424057,0.2008296698331833,0.0003681778907775879
412,419,测绘遥感信息工程国家重点实验室,2020,117,113,4,3.418803418803419,0.2096058428287506,0.2098427265882492,0.0002368837594985962
413,420,测绘遥感信息工程国家重点实验室,2020,117,106,11,9.401709401709402,0.19712549448013306,0.19034670293331146,-0.006778791546821594
414,421,测绘遥感信息工程国家重点实验室,2020,117,117,0,0.0,0.21968181431293488,0.21968181431293488,0.0
415,422,测绘遥感信息工程国家重点实验室,2020,117,117,0,0.0,0.2751708924770355,0.2751708924770355,0.0
416,423,测绘遥感信息工程国家重点实验室,2020,117,115,2,1.7094017094017095,0.22386285662651062,0.22024501860141754,-0.0036178380250930786
417,424,测绘遥感信息工程国家重点实验室,2020,117,113,4,3.418803418803419,0.24185074865818024,0.23931799829006195,-0.002532750368118286
418,425,测绘遥感信息工程国家重点实验室,2020,117,112,5,4.273504273504273,0.19403618574142456,0.1804264634847641,-0.013609722256660461
419,426,测绘遥感信息工程国家重点实验室,2020,117,116,1,0.8547008547008548,0.26914069056510925,0.2671455144882202,-0.001995176076889038
420,427,测绘遥感信息工程国家重点实验室,2020,117,115,2,1.7094017094017095,0.19008931517601013,0.18906201422214508,-0.0010273009538650513
421,428,测绘遥感信息工程国家重点实验室,2020,117,117,0,0.0,0.16755059361457825,0.16755059361457825,0.0
422,429,测绘遥感信息工程国家重点实验室,2020,117,117,0,0.0,0.24266444146633148,0.24266444146633148,0.0
423,430,测绘遥感信息工程国家重点实验室,2020,117,116,1,0.8547008547008548,0.11136738955974579,0.1099129319190979,-0.0014544576406478882
424,431,测绘遥感信息工程国家重点实验室,2020,117,115,2,1.7094017094017095,0.23483239114284515,0.2335061877965927,-0.0013262033462524414
425,432,测绘遥感信息工程国家重点实验室,2020,117,116,1,0.8547008547008548,0.19478824734687805,0.19643576443195343,0.0016475170850753784
426,433,测绘遥感信息工程国家重点实验室,2020,117,116,1,0.8547008547008548,0.25624722242355347,0.25514039397239685,-0.0011068284511566162
427,434,测绘遥感信息工程国家重点实验室,2020,117,117,0,0.0,0.16259914636611938,0.16259914636611938,0.0
428,435,弘毅学堂,2020,112,112,0,0.0,0.15805985033512115,0.15805985033512115,0.0
429,436,弘毅学堂,2020,112,101,11,9.821428571428571,0.15222476422786713,0.14122626185417175,-0.010998502373695374
430,437,弘毅学堂,2020,112,107,5,4.464285714285714,0.10164938122034073,0.10376570373773575,0.0021163225173950195
431,438,弘毅学堂,2020,112,101,11,9.821428571428571,0.15091951191425323,0.1247791051864624,-0.026140406727790833
432,439,弘毅学堂,2020,112,112,0,0.0,0.11870245635509491,0.11870245635509491,0.0
433,440,弘毅学堂,2020,112,112,0,0.0,0.09017721563577652,0.09017721563577652,0.0
434,441,弘毅学堂,2020,112,112,0,0.0,0.14604726433753967,0.14604726433753967,0.0
435,442,弘毅学堂,2020,112,108,4,3.571428571428571,0.1378098428249359,0.11823363602161407,-0.01957620680332184
436,443,弘毅学堂,2020,112,112,0,0.0,0.12523917853832245,0.12523917853832245,0.0
437,444,弘毅学堂,2020,112,112,0,0.0,0.1724434643983841,0.1724434643983841,0.0
438,445,弘毅学堂,2020,112,112,0,0.0,-0.0017086321022361517,-0.0017086321022361517,0.0
439,446,弘毅学堂,2020,112,112,0,0.0,0.017133530229330063,0.017133530229330063,0.0
440,447,弘毅学堂,2020,112,107,5,4.464285714285714,0.10706309229135513,0.09493676573038101,-0.012126326560974121
441,448,弘毅学堂,2020,112,111,1,0.8928571428571428,0.110174760222435,0.11076860129833221,0.0005938410758972168
442,449,弘毅学堂,2020,112,111,1,0.8928571428571428,0.06072879582643509,0.05985845625400543,-0.000870339572429657
443,450,弘毅学堂,2020,112,112,0,0.0,0.08462587743997574,0.08462587743997574,0.0
444,451,外国语言文学学院,2020,45,45,0,0.0,0.07501403242349625,0.07501403242349625,0.0
445,452,外国语言文学学院,2020,45,36,9,20.0,0.02613827958703041,0.03403344750404358,0.007895167917013168
446,453,外国语言文学学院,2020,45,45,0,0.0,0.008651940152049065,0.008651940152049065,0.0
447,454,外国语言文学学院,2020,45,45,0,0.0,0.017169972881674767,0.017169972881674767,0.0
448,455,外国语言文学学院,2020,45,45,0,0.0,0.00483454717323184,0.00483454717323184,0.0
449,456,外国语言文学学院,2020,45,45,0,0.0,0.02845439873635769,0.02845439873635769,0.0
450,457,外国语言文学学院,2020,45,44,1,2.2222222222222223,0.0014926771400496364,0.003908361773937941,0.0024156846338883042
451,458,外国语言文学学院,2020,45,45,0,0.0,-0.017355715855956078,-0.017355715855956078,0.0
452,459,外国语言文学学院,2020,45,45,0,0.0,0.02929002232849598,0.02929002232849598,0.0
453,460,新闻与传播学院,2020,14,14,0,0.0,0.08217328041791916,0.08217328041791916,0.0
454,461,新闻与传播学院,2020,14,14,0,0.0,0.07323183864355087,0.07323183864355087,0.0
455,462,新闻与传播学院,2020,14,13,1,7.142857142857142,0.08994296938180923,0.06871646642684937,-0.02122650295495987
456,463,新闻与传播学院,2020,14,14,0,0.0,0.04649544134736061,0.04649544134736061,0.0
457,464,新闻与传播学院,2020,14,14,0,0.0,0.10251534730195999,0.10251534730195999,0.0
458,465,新闻与传播学院,2020,14,14,0,0.0,0.062294963747262955,0.062294963747262955,0.0
459,466,新闻与传播学院,2020,14,14,0,0.0,0.08378677815198898,0.08378677815198898,0.0
460,467,新闻与传播学院,2020,14,13,1,7.142857142857142,0.039516717195510864,0.048964593559503555,0.009447876363992691
461,468,新闻与传播学院,2020,14,13,1,7.142857142857142,0.028933579102158546,0.03357352316379547,0.004639944061636925
462,469,信息管理学院,2020,79,79,0,0.0,0.0981220081448555,0.0981220081448555,0.0
463,470,信息管理学院,2020,79,78,1,1.2658227848101267,0.08949018269777298,0.09091034531593323,0.0014201626181602478
464,471,信息管理学院,2020,79,79,0,0.0,0.12140654027462006,0.12140654027462006,0.0
465,472,信息管理学院,2020,79,75,4,5.063291139240507,0.10219550132751465,0.10296441614627838,0.0007689148187637329
466,473,信息管理学院,2020,79,77,2,2.5316455696202533,0.09082813560962677,0.09404375404119492,0.0032156184315681458
467,474,信息管理学院,2020,79,79,0,0.0,0.15795834362506866,0.15795834362506866,0.0
468,475,信息管理学院,2020,79,79,0,0.0,0.08891002088785172,0.08891002088785172,0.0
469,476,信息管理学院,2020,79,77,2,2.5316455696202533,0.002243311144411564,0.00417355028912425,0.0019302391447126865
470,477,信息管理学院,2020,79,77,2,2.5316455696202533,0.08004825562238693,0.08272381871938705,0.002675563097000122
471,478,信息管理学院,2020,79,79,0,0.0,0.1182042583823204,0.1182042583823204,0.0
472,479,信息管理学院,2020,79,79,0,0.0,0.10432331264019012,0.10432331264019012,0.0
473,480,信息管理学院,2020,79,77,2,2.5316455696202533,0.12585969269275665,0.12490527331829071,-0.0009544193744659424
474,481,经济与管理学院,2020,163,163,0,0.0,0.05502250790596008,0.05502250790596008,0.0
475,482,经济与管理学院,2020,163,163,0,0.0,0.014728592708706856,0.014728592708706856,0.0
476,483,经济与管理学院,2020,163,162,1,0.6134969325153374,0.03207525610923767,0.030055882409214973,-0.0020193737000226974
477,484,经济与管理学院,2020,163,163,0,0.0,0.03594190627336502,0.03594190627336502,0.0
478,485,经济与管理学院,2020,163,163,0,0.0,0.10868117213249207,0.10868117213249207,0.0
479,486,经济与管理学院,2020,163,163,0,0.0,0.048878490924835205,0.048878490924835205,0.0
480,487,经济与管理学院,2020,163,163,0,0.0,0.07810378074645996,0.07810378074645996,0.0
481,488,经济与管理学院,2020,163,163,0,0.0,0.005524300970137119,0.005524300970137119,0.0
482,489,经济与管理学院,2020,163,163,0,0.0,0.07702012360095978,0.07702012360095978,0.0
483,490,经济与管理学院,2020,163,163,0,0.0,0.06616179645061493,0.06616179645061493,0.0
484,491,经济与管理学院,2020,163,160,3,1.8404907975460123,0.030784929171204567,0.031217675656080246,0.000432746484875679
485,492,经济与管理学院,2020,163,163,0,0.0,0.08593222498893738,0.08593222498893738,0.0
486,493,经济与管理学院,2020,163,163,0,0.0,0.059342026710510254,0.059342026710510254,0.0
487,494,经济与管理学院,2020,163,163,0,0.0,0.07699083536863327,0.07699083536863327,0.0
488,495,经济与管理学院,2020,163,163,0,0.0,0.05656914785504341,0.05656914785504341,0.0
489,496,经济与管理学院,2020,163,151,12,7.361963190184049,0.06711092591285706,0.07026902586221695,0.003158099949359894
490,497,经济与管理学院,2020,163,163,0,0.0,0.12247321754693985,0.12247321754693985,0.0
491,498,经济与管理学院,2020,163,163,0,0.0,0.0322677418589592,0.0322677418589592,0.0
492,499,经济与管理学院,2020,163,163,0,0.0,0.0893981009721756,0.0893981009721756,0.0
493,500,经济与管理学院,2020,163,160,3,1.8404907975460123,0.08466002345085144,0.08437480032444,-0.000285223126411438
494,501,经济与管理学院,2020,163,161,2,1.2269938650306749,0.1194651871919632,0.12051742523908615,0.0010522380471229553
495,502,经济与管理学院,2020,163,154,9,5.521472392638037,0.06504212319850922,0.06496558338403702,-7.653981447219849e-05
496,503,经济与管理学院,2020,163,162,1,0.6134969325153374,0.04891455918550491,0.04931864142417908,0.0004040822386741638
497,504,经济与管理学院,2020,163,162,1,0.6134969325153374,0.03343755751848221,0.03160770609974861,-0.0018298514187335968
498,505,经济与管理学院,2020,163,162,1,0.6134969325153374,0.09073031693696976,0.08845464885234833,-0.0022756680846214294
499,506,经济与管理学院,2020,163,163,0,0.0,0.12506021559238434,0.12506021559238434,0.0
500,507,经济与管理学院,2020,163,163,0,0.0,0.02621324174106121,0.02621324174106121,0.0
501,508,经济与管理学院,2020,163,161,2,1.2269938650306749,0.06473592668771744,0.06548488885164261,0.0007489621639251709
502,509,经济与管理学院,2020,163,163,0,0.0,0.09398414194583893,0.09398414194583893,0.0
503,510,经济与管理学院,2020,163,163,0,0.0,0.07234163582324982,0.07234163582324982,0.0
504,511,经济与管理学院,2020,163,163,0,0.0,0.05073823034763336,0.05073823034763336,0.0
505,512,经济与管理学院,2020,163,162,1,0.6134969325153374,0.07091031968593597,0.07149249315261841,0.0005821734666824341
506,513,经济与管理学院,2020,163,162,1,0.6134969325153374,0.05201442167162895,0.05038215592503548,-0.0016322657465934753
507,514,经济与管理学院,2020,163,162,1,0.6134969325153374,0.0759437158703804,0.0763646736741066,0.0004209578037261963
508,515,经济与管理学院,2020,163,162,1,0.6134969325153374,0.08257361501455307,0.08235320448875427,-0.0002204105257987976
509,516,经济与管理学院,2020,163,163,0,0.0,0.06799361109733582,0.06799361109733582,0.0
510,517,经济与管理学院,2020,163,163,0,0.0,0.07338263839483261,0.07338263839483261,0.0
511,518,经济与管理学院,2020,163,163,0,0.0,0.05552419275045395,0.05552419275045395,0.0
512,519,经济与管理学院,2020,163,163,0,0.0,0.05064763128757477,0.05064763128757477,0.0
513,520,经济与管理学院,2020,163,163,0,0.0,0.05548914894461632,0.05548914894461632,0.0
514,521,经济与管理学院,2020,163,163,0,0.0,0.07522888481616974,0.07522888481616974,0.0
515,522,经济与管理学院,2020,163,163,0,0.0,0.1013585776090622,0.1013585776090622,0.0
516,523,经济与管理学院,2020,163,163,0,0.0,0.054832857102155685,0.054832857102155685,0.0
517,524,经济与管理学院,2020,163,160,3,1.8404907975460123,0.07695755362510681,0.0775507241487503,0.0005931705236434937
518,525,经济与管理学院,2020,163,163,0,0.0,0.02043854258954525,0.02043854258954525,0.0
519,526,经济与管理学院,2020,163,163,0,0.0,0.06660042703151703,0.06660042703151703,0.0
520,527,经济与管理学院,2020,163,162,1,0.6134969325153374,0.08341305702924728,0.08354637771844864,0.00013332068920135498
521,528,经济与管理学院,2020,163,163,0,0.0,0.022561317309737206,0.022561317309737206,0.0
522,529,经济与管理学院,2020,163,163,0,0.0,0.05280173942446709,0.05280173942446709,0.0
523,530,经济与管理学院,2020,163,156,7,4.294478527607362,0.07269951701164246,0.07225526124238968,-0.0004442557692527771
524,531,经济与管理学院,2020,163,163,0,0.0,0.061351172626018524,0.061351172626018524,0.0
525,532,经济与管理学院,2020,163,163,0,0.0,0.024489501491189003,0.024489501491189003,0.0
526,533,经济与管理学院,2020,163,163,0,0.0,0.08301239460706711,0.08301239460706711,0.0
527,534,经济与管理学院,2020,163,162,1,0.6134969325153374,0.08810906857252121,0.08781849592924118,-0.0002905726432800293
528,535,经济与管理学院,2020,163,163,0,0.0,0.03363821655511856,0.03363821655511856,0.0
529,536,经济与管理学院,2020,163,163,0,0.0,0.10421406477689743,0.10421406477689743,0.0
530,537,经济与管理学院,2020,163,163,0,0.0,0.05785420909523964,0.05785420909523964,0.0
531,538,经济与管理学院,2020,163,163,0,0.0,0.01642492227256298,0.01642492227256298,0.0
532,539,经济与管理学院,2020,163,163,0,0.0,0.045077383518218994,0.045077383518218994,0.0
533,540,经济与管理学院,2020,163,161,2,1.2269938650306749,0.10964949429035187,0.11073760688304901,0.0010881125926971436
534,541,经济与管理学院,2020,163,163,0,0.0,0.052646614611148834,0.052646614611148834,0.0
535,542,经济与管理学院,2020,163,163,0,0.0,0.12219558656215668,0.12219558656215668,0.0
536,543,经济与管理学院,2020,163,163,0,0.0,0.06718215346336365,0.06718215346336365,0.0
537,544,经济与管理学院,2020,163,161,2,1.2269938650306749,0.07865212112665176,0.0795031264424324,0.0008510053157806396
538,545,经济与管理学院,2020,163,163,0,0.0,0.07982110977172852,0.07982110977172852,0.0
539,546,经济与管理学院,2020,163,163,0,0.0,0.08168642222881317,0.08168642222881317,0.0
540,547,经济与管理学院,2020,163,163,0,0.0,0.05334075912833214,0.05334075912833214,0.0
541,548,经济与管理学院,2020,163,163,0,0.0,0.09067711234092712,0.09067711234092712,0.0
542,549,经济与管理学院,2020,163,163,0,0.0,0.03807792067527771,0.03807792067527771,0.0
543,550,经济与管理学院,2020,163,163,0,0.0,0.09119678288698196,0.09119678288698196,0.0
544,551,经济与管理学院,2020,163,163,0,0.0,0.030428610742092133,0.030428610742092133,0.0
545,552,法学院,2020,31,31,0,0.0,0.0022618703078478575,0.0022618703078478575,0.0
546,553,法学院,2020,31,31,0,0.0,0.03324884921312332,0.03324884921312332,0.0
547,554,法学院,2020,31,31,0,0.0,0.03630927577614784,0.03630927577614784,0.0
548,555,法学院,2020,31,30,1,3.225806451612903,0.04446910321712494,0.04384201392531395,-0.0006270892918109894
549,556,法学院,2020,31,31,0,0.0,0.03891780227422714,0.03891780227422714,0.0
550,557,法学院,2020,31,31,0,0.0,0.03525744006037712,0.03525744006037712,0.0
551,558,法学院,2020,31,30,1,3.225806451612903,0.039739493280649185,0.0436125285923481,0.0038730353116989136
552,559,法学院,2020,31,29,2,6.451612903225806,0.05478164181113243,0.054516106843948364,-0.00026553496718406677
553,560,法学院,2020,31,31,0,0.0,0.014930232428014278,0.014930232428014278,0.0
554,561,法学院,2020,31,31,0,0.0,-0.004578019957989454,-0.004578019957989454,0.0
555,562,法学院,2020,31,30,1,3.225806451612903,0.014166428707540035,0.02022773027420044,0.006061301566660404
556,563,法学院,2020,31,31,0,0.0,0.03310715779662132,0.03310715779662132,0.0
557,564,法学院,2020,31,31,0,0.0,-0.021512402221560478,-0.021512402221560478,0.0
558,565,法学院,2020,31,31,0,0.0,0.027340345084667206,0.027340345084667206,0.0
559,566,法学院,2020,31,31,0,0.0,0.037661876529455185,0.037661876529455185,0.0
560,567,法学院,2020,31,31,0,0.0,-0.03720443695783615,-0.03720443695783615,0.0
561,568,文学院,2020,37,37,0,0.0,0.07362715899944305,0.07362715899944305,0.0
562,569,文学院,2020,37,37,0,0.0,0.06002826243638992,0.06002826243638992,0.0
563,570,文学院,2020,37,37,0,0.0,0.017905132845044136,0.017905132845044136,0.0
564,571,文学院,2020,37,37,0,0.0,0.06224603205919266,0.06224603205919266,0.0
565,572,文学院,2020,37,37,0,0.0,0.03258771449327469,0.03258771449327469,0.0
566,573,文学院,2020,37,37,0,0.0,0.045851897448301315,0.045851897448301315,0.0
567,574,文学院,2020,37,37,0,0.0,0.03965722396969795,0.03965722396969795,0.0
568,575,文学院,2020,37,37,0,0.0,0.03025662526488304,0.03025662526488304,0.0
569,576,文学院,2020,37,37,0,0.0,0.008717378601431847,0.008717378601431847,0.0
570,577,文学院,2020,37,35,2,5.405405405405405,0.00260918284766376,0.0008257878944277763,-0.0017833949532359838
571,578,文学院,2020,37,34,3,8.108108108108109,0.04591594263911247,0.04698074236512184,0.001064799726009369
572,579,文学院,2020,37,36,1,2.7027027027027026,-0.013837055303156376,-0.01627102494239807,-0.0024339696392416954
573,580,文学院,2020,37,37,0,0.0,0.030404899269342422,0.030404899269342422,0.0
574,581,文学院,2020,37,37,0,0.0,0.05801713839173317,0.05801713839173317,0.0
575,582,历史学院,2020,8,6,2,25.0,0.055734630674123764,0.07253819704055786,0.016803566366434097
576,583,历史学院,2020,8,8,0,0.0,0.01476433128118515,0.01476433128118515,0.0
577,584,历史学院,2020,8,8,0,0.0,0.09051865339279175,0.09051865339279175,0.0
578,585,历史学院,2020,8,7,1,12.5,0.06575830280780792,0.04047440364956856,-0.025283899158239365
579,586,历史学院,2020,8,8,0,0.0,0.017665289342403412,0.017665289342403412,0.0
580,587,历史学院,2020,8,6,2,25.0,-0.0695398673415184,-0.06376554816961288,0.005774319171905518
581,588,历史学院,2020,8,8,0,0.0,0.01357699278742075,0.01357699278742075,0.0
582,589,历史学院,2020,8,8,0,0.0,-0.033172041177749634,-0.033172041177749634,0.0
583,590,历史学院,2020,8,8,0,0.0,0.060618430376052856,0.060618430376052856,0.0
584,591,哲学学院,2020,29,29,0,0.0,-0.0049980697222054005,-0.0049980697222054005,0.0
585,592,哲学学院,2020,29,15,14,48.275862068965516,0.06371787935495377,0.04418301582336426,-0.019534863531589508
586,593,哲学学院,2020,29,29,0,0.0,0.031431328505277634,0.031431328505277634,0.0
587,594,哲学学院,2020,29,29,0,0.0,0.0070824772119522095,0.0070824772119522095,0.0
588,595,哲学学院,2020,29,29,0,0.0,-0.027142537757754326,-0.027142537757754326,0.0
589,596,哲学学院,2020,29,29,0,0.0,0.015092253684997559,0.015092253684997559,0.0
590,597,艺术学院,2020,10,10,0,0.0,0.05403696373105049,0.05403696373105049,0.0
591,598,艺术学院,2020,10,10,0,0.0,0.051851965487003326,0.051851965487003326,0.0
592,599,艺术学院,2020,10,10,0,0.0,0.060250360518693924,0.060250360518693924,0.0
593,600,艺术学院,2020,10,10,0,0.0,0.016690116375684738,0.016690116375684738,0.0
594,601,政治与公共管理学院,2020,16,16,0,0.0,0.032428715378046036,0.032428715378046036,0.0
595,602,政治与公共管理学院,2020,16,16,0,0.0,0.051045529544353485,0.051045529544353485,0.0
596,603,政治与公共管理学院,2020,16,16,0,0.0,0.1098947674036026,0.1098947674036026,0.0
597,604,政治与公共管理学院,2020,16,16,0,0.0,0.09166838228702545,0.09166838228702545,0.0
598,605,政治与公共管理学院,2020,16,16,0,0.0,0.05407951399683952,0.05407951399683952,0.0
599,606,政治与公共管理学院,2020,16,15,1,6.25,0.12598781287670135,0.12750884890556335,0.0015210360288619995
600,607,政治与公共管理学院,2020,16,16,0,0.0,0.11173564195632935,0.11173564195632935,0.0
601,608,政治与公共管理学院,2020,16,16,0,0.0,0.07042540609836578,0.07042540609836578,0.0
602,609,政治与公共管理学院,2020,16,16,0,0.0,0.03320259228348732,0.03320259228348732,0.0
603,610,政治与公共管理学院,2020,16,16,0,0.0,0.051914095878601074,0.051914095878601074,0.0
604,611,政治与公共管理学院,2020,16,16,0,0.0,0.07367540895938873,0.07367540895938873,0.0
605,612,马克思主义学院,2020,6,6,0,0.0,0.008706487715244293,0.008706487715244293,0.0
606,613,马克思主义学院,2020,6,6,0,0.0,-0.020001541823148727,-0.020001541823148727,0.0
607,614,马克思主义学院,2020,6,6,0,0.0,-0.007486025337129831,-0.007486025337129831,0.0
608,615,马克思主义学院,2020,6,6,0,0.0,0.0652642473578453,0.0652642473578453,0.0
609,616,马克思主义学院,2020,6,6,0,0.0,-0.04579287767410278,-0.04579287767410278,0.0
610,617,马克思主义学院,2020,6,6,0,0.0,0.05360642448067665,0.05360642448067665,0.0
611,627,数学与统计学院,2020,1,1,0,0.0,0.22418197989463806,0.22418197989463806,0.0
612,628,数学与统计学院,2020,1,1,0,0.0,0.2130107879638672,0.2130107879638672,0.0
613,629,数学与统计学院,2020,1,1,0,0.0,0.07182331383228302,0.07182331383228302,0.0
614,630,化学与分子科学学院,2020,143,142,1,0.6993006993006993,0.13157342374324799,0.1307973861694336,-0.0007760375738143921
615,631,化学与分子科学学院,2020,143,143,0,0.0,0.33475831151008606,0.33475831151008606,0.0
616,632,化学与分子科学学院,2020,143,114,29,20.27972027972028,0.21520985662937164,0.1715947985649109,-0.043615058064460754
617,633,化学与分子科学学院,2020,143,129,14,9.79020979020979,0.37598520517349243,0.3522818386554718,-0.02370336651802063
618,634,生命科学学院,2020,118,118,0,0.0,0.15131591260433197,0.15131591260433197,0.0
619,635,生命科学学院,2020,118,116,2,1.694915254237288,0.2117859125137329,0.20609746873378754,-0.0056884437799453735
620,636,生命科学学院,2020,118,116,2,1.694915254237288,0.10757739841938019,0.10447423160076141,-0.0031031668186187744
621,637,生命科学学院,2020,118,115,3,2.5423728813559325,0.22977271676063538,0.23355387151241302,0.003781154751777649
622,638,生命科学学院,2020,118,118,0,0.0,0.17218036949634552,0.17218036949634552,0.0
623,639,生命科学学院,2020,118,118,0,0.0,0.1913818120956421,0.1913818120956421,0.0
624,640,生命科学学院,2020,118,114,4,3.389830508474576,0.04562917351722717,0.045083142817020416,-0.0005460307002067566
625,641,生命科学学院,2020,118,118,0,0.0,0.18124060332775116,0.18124060332775116,0.0
626,642,生命科学学院,2020,118,116,2,1.694915254237288,0.13613924384117126,0.1335010975599289,-0.0026381462812423706
627,643,资源与环境科学学院,2020,97,97,0,0.0,0.1605249047279358,0.1605249047279358,0.0
628,644,资源与环境科学学院,2020,97,95,2,2.0618556701030926,0.10441579669713974,0.09832815825939178,-0.006087638437747955
629,645,资源与环境科学学院,2020,97,97,0,0.0,0.18866725265979767,0.18866725265979767,0.0
630,646,资源与环境科学学院,2020,97,94,3,3.0927835051546393,0.02222217060625553,0.020674873143434525,-0.0015472974628210068
631,647,资源与环境科学学院,2020,97,94,3,3.0927835051546393,0.16269442439079285,0.15567632019519806,-0.007018104195594788
632,648,资源与环境科学学院,2020,97,97,0,0.0,0.13668185472488403,0.13668185472488403,0.0
633,649,资源与环境科学学院,2020,97,92,5,5.154639175257731,0.23736977577209473,0.22348681092262268,-0.013882964849472046
634,650,资源与环境科学学院,2020,97,96,1,1.0309278350515463,0.12382178753614426,0.11723809689283371,-0.006583690643310547
635,651,资源与环境科学学院,2020,97,97,0,0.0,0.1618809700012207,0.1618809700012207,0.0
636,652,资源与环境科学学院,2020,97,97,0,0.0,0.14662642776966095,0.14662642776966095,0.0
637,653,资源与环境科学学院,2020,97,94,3,3.0927835051546393,0.19251717627048492,0.19336621463298798,0.0008490383625030518
638,654,资源与环境科学学院,2020,97,89,8,8.24742268041237,0.12377157062292099,0.11389104276895523,-0.00988052785396576
639,655,资源与环境科学学院,2020,97,97,0,0.0,0.12751023471355438,0.12751023471355438,0.0
640,656,资源与环境科学学院,2020,97,97,0,0.0,0.13038454949855804,0.13038454949855804,0.0
641,657,资源与环境科学学院,2020,97,96,1,1.0309278350515463,0.1853816956281662,0.18570369482040405,0.000321999192237854
642,658,水利水电学院,2020,100,98,2,2.0,0.17498601973056793,0.16518747806549072,-0.00979854166507721
643,659,水利水电学院,2020,100,96,4,4.0,0.224455788731575,0.21354596316814423,-0.010909825563430786
644,660,水利水电学院,2020,100,100,0,0.0,0.1649048924446106,0.1649048924446106,0.0
645,661,水利水电学院,2020,100,96,4,4.0,0.2157193124294281,0.20370174944400787,-0.012017562985420227
646,662,水利水电学院,2020,100,100,0,0.0,0.15456709265708923,0.15456709265708923,0.0
647,663,水利水电学院,2020,100,96,4,4.0,0.16092929244041443,0.14720924198627472,-0.01372005045413971
648,664,水利水电学院,2020,100,100,0,0.0,0.18137845396995544,0.18137845396995544,0.0
649,665,水利水电学院,2020,100,95,5,5.0,0.18200309574604034,0.1835063397884369,0.0015032440423965454
650,666,水利水电学院,2020,100,100,0,0.0,0.19631177186965942,0.19631177186965942,0.0
651,667,水利水电学院,2020,100,100,0,0.0,0.20684535801410675,0.20684535801410675,0.0
652,668,电气与自动化学院,2020,87,87,0,0.0,0.1251572072505951,0.1251572072505951,0.0
653,669,电气与自动化学院,2020,87,84,3,3.4482758620689653,0.15727362036705017,0.1562211811542511,-0.0010524392127990723
654,670,电气与自动化学院,2020,87,82,5,5.747126436781609,0.17737145721912384,0.16895876824855804,-0.008412688970565796
655,671,电气与自动化学院,2020,87,86,1,1.1494252873563218,0.1854351907968521,0.18461914360523224,-0.000816047191619873
656,672,电气与自动化学院,2020,87,87,0,0.0,0.10723619163036346,0.10723619163036346,0.0
657,673,电气与自动化学院,2020,87,80,7,8.045977011494253,0.20529910922050476,0.2140301913022995,0.008731082081794739
658,674,电气与自动化学院,2020,87,87,0,0.0,0.19272702932357788,0.19272702932357788,0.0
659,675,电气与自动化学院,2020,87,87,0,0.0,0.10427537560462952,0.10427537560462952,0.0
660,676,电气与自动化学院,2020,87,86,1,1.1494252873563218,0.17345187067985535,0.17285402119159698,-0.0005978494882583618
661,677,电气与自动化学院,2020,87,84,3,3.4482758620689653,0.03794904053211212,0.03189360350370407,-0.0060554370284080505
662,678,电气与自动化学院,2020,87,87,0,0.0,0.208064004778862,0.208064004778862,0.0
663,679,电气与自动化学院,2020,87,87,0,0.0,0.161289781332016,0.161289781332016,0.0
664,680,电气与自动化学院,2020,87,87,0,0.0,0.17219024896621704,0.17219024896621704,0.0
665,681,电气与自动化学院,2020,87,84,3,3.4482758620689653,0.19438588619232178,0.1897638738155365,-0.004622012376785278
666,682,电气与自动化学院,2020,87,87,0,0.0,0.12815769016742706,0.12815769016742706,0.0
667,683,电气与自动化学院,2020,87,87,0,0.0,0.21675443649291992,0.21675443649291992,0.0
668,684,电气与自动化学院,2020,87,87,0,0.0,0.1085062101483345,0.1085062101483345,0.0
669,685,电气与自动化学院,2020,87,87,0,0.0,0.18956074118614197,0.18956074118614197,0.0
670,686,动力与机械学院,2020,91,91,0,0.0,0.03603116050362587,0.03603116050362587,0.0
671,687,动力与机械学院,2020,91,83,8,8.791208791208792,0.1851096749305725,0.18769614398479462,0.002586469054222107
672,688,动力与机械学院,2020,91,91,0,0.0,0.19167369604110718,0.19167369604110718,0.0
673,689,动力与机械学院,2020,91,84,7,7.6923076923076925,0.21161136031150818,0.21432676911354065,0.0027154088020324707
674,690,动力与机械学院,2020,91,86,5,5.4945054945054945,0.19181913137435913,0.19113221764564514,-0.0006869137287139893
675,691,动力与机械学院,2020,91,91,0,0.0,0.16812099516391754,0.16812099516391754,0.0
676,692,动力与机械学院,2020,91,91,0,0.0,0.05934109911322594,0.05934109911322594,0.0
677,693,动力与机械学院,2020,91,91,0,0.0,0.10492446273565292,0.10492446273565292,0.0
678,694,动力与机械学院,2020,91,91,0,0.0,0.1811814308166504,0.1811814308166504,0.0
679,695,动力与机械学院,2020,91,91,0,0.0,0.0830719843506813,0.0830719843506813,0.0
680,696,城市设计学院,2020,38,38,0,0.0,0.13954009115695953,0.13954009115695953,0.0
681,697,城市设计学院,2020,38,38,0,0.0,0.11937990039587021,0.11937990039587021,0.0
682,698,城市设计学院,2020,38,38,0,0.0,0.14555872976779938,0.14555872976779938,0.0
683,699,城市设计学院,2020,38,38,0,0.0,0.0457012765109539,0.0457012765109539,0.0
684,700,土木建筑工程学院,2020,77,76,1,1.2987012987012987,0.1749304234981537,0.17138142883777618,-0.0035489946603775024
685,701,土木建筑工程学院,2020,77,72,5,6.493506493506493,0.18402953445911407,0.16692747175693512,-0.017102062702178955
686,702,土木建筑工程学院,2020,77,75,2,2.5974025974025974,0.23169206082820892,0.22438117861747742,-0.007310882210731506
687,703,土木建筑工程学院,2020,77,75,2,2.5974025974025974,0.17521226406097412,0.16869133710861206,-0.0065209269523620605
688,704,土木建筑工程学院,2020,77,74,3,3.896103896103896,0.22748416662216187,0.23025760054588318,0.0027734339237213135
689,705,土木建筑工程学院,2020,77,77,0,0.0,0.14787887036800385,0.14787887036800385,0.0
690,706,土木建筑工程学院,2020,77,75,2,2.5974025974025974,0.13529884815216064,0.1298740804195404,-0.005424767732620239
691,707,土木建筑工程学院,2020,77,77,0,0.0,0.2126149833202362,0.2126149833202362,0.0
692,708,土木建筑工程学院,2020,77,77,0,0.0,0.19115670025348663,0.19115670025348663,0.0
693,709,土木建筑工程学院,2020,77,76,1,1.2987012987012987,0.20207104086875916,0.1981070190668106,-0.003964021801948547
694,710,土木建筑工程学院,2020,77,77,0,0.0,0.1241203173995018,0.1241203173995018,0.0
695,711,土木建筑工程学院,2020,77,76,1,1.2987012987012987,0.22025831043720245,0.21735459566116333,-0.0029037147760391235
696,712,土木建筑工程学院,2020,77,76,1,1.2987012987012987,0.19771058857440948,0.1926853209733963,-0.005025267601013184
697,713,土木建筑工程学院,2020,77,77,0,0.0,0.12062844634056091,0.12062844634056091,0.0
698,714,土木建筑工程学院,2020,77,73,4,5.194805194805195,0.1994151473045349,0.19430392980575562,-0.005111217498779297
699,715,计算机学院,2020,50,47,3,6.0,0.059358224272727966,0.06393808126449585,0.004579856991767883
700,716,计算机学院,2020,50,50,0,0.0,0.1411992758512497,0.1411992758512497,0.0
701,717,计算机学院,2020,50,50,0,0.0,0.06130128726363182,0.06130128726363182,0.0
702,718,计算机学院,2020,50,50,0,0.0,0.13039028644561768,0.13039028644561768,0.0
703,719,计算机学院,2020,50,50,0,0.0,0.07442651689052582,0.07442651689052582,0.0
704,720,计算机学院,2020,50,50,0,0.0,0.1560625582933426,0.1560625582933426,0.0
705,721,计算机学院,2020,50,50,0,0.0,0.12612384557724,0.12612384557724,0.0
706,722,计算机学院,2020,50,50,0,0.0,0.07583392411470413,0.07583392411470413,0.0
707,723,计算机学院,2020,50,50,0,0.0,0.18435879051685333,0.18435879051685333,0.0
708,724,计算机学院,2020,50,50,0,0.0,0.09961652755737305,0.09961652755737305,0.0
709,725,计算机学院,2020,50,49,1,2.0,0.16766580939292908,0.16619427502155304,-0.0014715343713760376
710,726,计算机学院,2020,50,48,2,4.0,0.1046137586236,0.09924378991127014,-0.0053699687123298645
711,727,计算机学院,2020,50,50,0,0.0,0.1507672667503357,0.1507672667503357,0.0
712,728,计算机学院,2020,50,50,0,0.0,0.05118051543831825,0.05118051543831825,0.0
713,729,计算机学院,2020,50,48,2,4.0,0.17494040727615356,0.1667792946100235,-0.008161112666130066
714,730,计算机学院,2020,50,50,0,0.0,0.15826435387134552,0.15826435387134552,0.0
715,731,计算机学院,2020,50,49,1,2.0,0.09148366004228592,0.09193691611289978,0.0004532560706138611
716,732,计算机学院,2020,50,50,0,0.0,0.12185876816511154,0.12185876816511154,0.0
717,733,计算机学院,2020,50,48,2,4.0,0.11731453984975815,0.10797534137964249,-0.009339198470115662
718,734,计算机学院,2020,50,50,0,0.0,0.1380162537097931,0.1380162537097931,0.0
719,735,计算机学院,2020,50,46,4,8.0,0.08254516869783401,0.08703377842903137,0.004488609731197357
720,736,计算机学院,2020,50,50,0,0.0,0.11541745811700821,0.11541745811700821,0.0
721,737,计算机学院,2020,50,48,2,4.0,0.08918014168739319,0.08837023377418518,-0.0008099079132080078
722,738,计算机学院,2020,50,50,0,0.0,0.19289293885231018,0.19289293885231018,0.0
723,739,计算机学院,2020,50,50,0,0.0,0.14307306706905365,0.14307306706905365,0.0
724,740,计算机学院,2020,50,48,2,4.0,0.06520026922225952,0.06389322131872177,-0.0013070479035377502
725,741,计算机学院,2020,50,50,0,0.0,0.10901893675327301,0.10901893675327301,0.0
726,742,计算机学院,2020,50,50,0,0.0,0.10701921582221985,0.10701921582221985,0.0
727,743,电子信息学院,2020,72,71,1,1.3888888888888888,0.09380748867988586,0.0923072099685669,-0.0015002787113189697
728,744,电子信息学院,2020,72,71,1,1.3888888888888888,0.13823376595973969,0.13529960811138153,-0.0029341578483581543
729,745,电子信息学院,2020,72,71,1,1.3888888888888888,0.053975630551576614,0.050823792815208435,-0.0031518377363681793
730,746,电子信息学院,2020,72,72,0,0.0,0.14554251730442047,0.14554251730442047,0.0
731,747,电子信息学院,2020,72,65,7,9.722222222222223,0.10653813928365707,0.09718255698680878,-0.009355582296848297
732,748,电子信息学院,2020,72,68,4,5.555555555555555,0.16057823598384857,0.15461955964565277,-0.005958676338195801
733,749,电子信息学院,2020,72,71,1,1.3888888888888888,0.12931033968925476,0.12948791682720184,0.00017757713794708252
734,750,电子信息学院,2020,72,71,1,1.3888888888888888,0.11445382237434387,0.11667902022600174,0.0022251978516578674
735,751,电子信息学院,2020,72,72,0,0.0,0.14399197697639465,0.14399197697639465,0.0
736,752,电子信息学院,2020,72,72,0,0.0,0.10460406541824341,0.10460406541824341,0.0
737,753,电子信息学院,2020,72,71,1,1.3888888888888888,0.1091209128499031,0.10748603940010071,-0.0016348734498023987
738,754,电子信息学院,2020,72,71,1,1.3888888888888888,0.15918056666851044,0.16100364923477173,0.0018230825662612915
739,755,电子信息学院,2020,72,72,0,0.0,0.13467663526535034,0.13467663526535034,0.0
740,756,电子信息学院,2020,72,72,0,0.0,0.12506484985351562,0.12506484985351562,0.0
741,757,电子信息学院,2020,72,72,0,0.0,0.1255287528038025,0.1255287528038025,0.0
742,758,电子信息学院,2020,72,72,0,0.0,0.1181018054485321,0.1181018054485321,0.0
743,759,电子信息学院,2020,72,69,3,4.166666666666666,0.10790782421827316,0.10803776979446411,0.00012994557619094849
744,760,电子信息学院,2020,72,72,0,0.0,0.1634223461151123,0.1634223461151123,0.0
745,761,电子信息学院,2020,72,72,0,0.0,0.1512923538684845,0.1512923538684845,0.0
746,762,电子信息学院,2020,72,72,0,0.0,0.04369143769145012,0.04369143769145012,0.0
747,763,电子信息学院,2020,72,72,0,0.0,0.11225075274705887,0.11225075274705887,0.0
748,764,电子信息学院,2020,72,72,0,0.0,0.16088233888149261,0.16088233888149261,0.0
749,765,电子信息学院,2020,72,72,0,0.0,0.12078412622213364,0.12078412622213364,0.0
750,766,电子信息学院,2020,72,72,0,0.0,0.08719917386770248,0.08719917386770248,0.0
751,767,电子信息学院,2020,72,68,4,5.555555555555555,0.16508521139621735,0.14797577261924744,-0.01710943877696991
752,768,遥感信息工程学院,2020,56,55,1,1.7857142857142856,0.23161710798740387,0.228193998336792,-0.0034231096506118774
753,769,遥感信息工程学院,2020,56,56,0,0.0,0.24690906703472137,0.24690906703472137,0.0
754,770,遥感信息工程学院,2020,56,56,0,0.0,0.19573107361793518,0.19573107361793518,0.0
755,771,遥感信息工程学院,2020,56,56,0,0.0,0.1869436353445053,0.1869436353445053,0.0
756,772,遥感信息工程学院,2020,56,56,0,0.0,0.13377095758914948,0.13377095758914948,0.0
757,773,遥感信息工程学院,2020,56,56,0,0.0,0.09790363162755966,0.09790363162755966,0.0
758,774,遥感信息工程学院,2020,56,56,0,0.0,0.2313579022884369,0.2313579022884369,0.0
759,775,遥感信息工程学院,2020,56,56,0,0.0,0.17080886662006378,0.17080886662006378,0.0
760,776,遥感信息工程学院,2020,56,56,0,0.0,0.10956662148237228,0.10956662148237228,0.0
761,777,遥感信息工程学院,2020,56,56,0,0.0,0.16595236957073212,0.16595236957073212,0.0
762,778,测绘学院,2020,125,124,1,0.8,0.14672787487506866,0.1484186053276062,0.0016907304525375366
763,779,测绘学院,2020,125,110,15,12.0,0.17628107964992523,0.1927943080663681,0.01651322841644287
764,780,测绘学院,2020,125,124,1,0.8,0.2573252022266388,0.257444828748703,0.00011962652206420898
765,781,测绘学院,2020,125,117,8,6.4,0.18874388933181763,0.19643551111221313,0.007691621780395508
766,782,测绘学院,2020,125,120,5,4.0,0.12165886163711548,0.11981867253780365,-0.0018401890993118286
767,783,测绘学院,2020,125,125,0,0.0,0.2330189049243927,0.2330189049243927,0.0
768,784,测绘学院,2020,125,125,0,0.0,0.16450592875480652,0.16450592875480652,0.0
769,785,测绘学院,2020,125,125,0,0.0,0.17908641695976257,0.17908641695976257,0.0
770,786,测绘学院,2020,125,117,8,6.4,0.15092545747756958,0.1528625786304474,0.0019371211528778076
771,787,测绘学院,2020,125,124,1,0.8,0.0950489342212677,0.09533926844596863,0.00029033422470092773
772,788,测绘学院,2020,125,125,0,0.0,0.20071694254875183,0.20071694254875183,0.0
773,789,测绘学院,2020,125,110,15,12.0,0.19228185713291168,0.20973598957061768,0.017454132437705994
774,790,测绘学院,2020,125,124,1,0.8,0.17487947642803192,0.17619921267032623,0.0013197362422943115
775,791,测绘学院,2020,125,125,0,0.0,0.14316165447235107,0.14316165447235107,0.0
776,792,测绘学院,2020,125,124,1,0.8,0.1784423291683197,0.1790318787097931,0.0005895495414733887
777,793,测绘学院,2020,125,123,2,1.6,0.14373749494552612,0.1445368230342865,0.000799328088760376
778,794,测绘学院,2020,125,124,1,0.8,0.19639132916927338,0.19633594155311584,-5.538761615753174e-05
779,795,测绘学院,2020,125,125,0,0.0,0.17969892919063568,0.17969892919063568,0.0
780,796,测绘学院,2020,125,123,2,1.6,0.17731763422489166,0.1754850149154663,-0.001832619309425354
781,797,测绘学院,2020,125,125,0,0.0,0.17234842479228973,0.17234842479228973,0.0
782,798,印刷与包装系,2020,10,10,0,0.0,0.19609102606773376,0.19609102606773376,0.0
783,799,印刷与包装系,2020,10,9,1,10.0,0.1707667112350464,0.14415845274925232,-0.026608258485794067
784,800,印刷与包装系,2020,10,9,1,10.0,0.11637894809246063,0.11922510713338852,0.002846159040927887
785,801,印刷与包装系,2020,10,10,0,0.0,0.1579054743051529,0.1579054743051529,0.0
786,802,基础医学院,2020,77,75,2,2.5974025974025974,0.2559686303138733,0.2548920512199402,-0.0010765790939331055
787,803,基础医学院,2020,77,75,2,2.5974025974025974,0.2329195886850357,0.23671819269657135,0.0037986040115356445
788,804,基础医学院,2020,77,77,0,0.0,0.20032848417758942,0.20032848417758942,0.0
789,805,基础医学院,2020,77,76,1,1.2987012987012987,0.2477058321237564,0.24776536226272583,5.953013896942139e-05
790,806,基础医学院,2020,77,75,2,2.5974025974025974,0.2745923399925232,0.27241048216819763,-0.0021818578243255615
791,807,基础医学院,2020,77,77,0,0.0,0.28285881876945496,0.28285881876945496,0.0
792,808,基础医学院,2020,77,77,0,0.0,0.2473621666431427,0.2473621666431427,0.0
793,809,基础医学院,2020,77,76,1,1.2987012987012987,0.15056262910366058,0.1506863534450531,0.0001237243413925171
794,810,基础医学院,2020,77,77,0,0.0,0.24854865670204163,0.24854865670204163,0.0
795,811,基础医学院,2020,77,77,0,0.0,0.1636979728937149,0.1636979728937149,0.0
796,812,基础医学院,2020,77,77,0,0.0,0.17273595929145813,0.17273595929145813,0.0
797,813,基础医学院,2020,77,77,0,0.0,0.25484177470207214,0.25484177470207214,0.0
798,814,基础医学院,2020,77,77,0,0.0,0.2026241272687912,0.2026241272687912,0.0
799,815,第一临床学院,2020,208,205,3,1.4423076923076923,0.1774999350309372,0.17594750225543976,-0.0015524327754974365
800,816,第一临床学院,2020,208,205,3,1.4423076923076923,0.16949118673801422,0.1676761955022812,-0.0018149912357330322
801,817,第一临床学院,2020,208,208,0,0.0,0.20478321611881256,0.20478321611881256,0.0
802,818,第一临床学院,2020,208,207,1,0.4807692307692308,0.2121656835079193,0.21098023653030396,-0.0011854469776153564
803,819,第一临床学院,2020,208,208,0,0.0,0.22543004155158997,0.22543004155158997,0.0
804,820,第一临床学院,2020,208,206,2,0.9615384615384616,0.21745990216732025,0.21765683591365814,0.00019693374633789062
805,821,第一临床学院,2020,208,204,4,1.9230769230769231,0.12091454863548279,0.11823732405900955,-0.002677224576473236
806,822,第一临床学院,2020,208,207,1,0.4807692307692308,0.1930977702140808,0.19223305583000183,-0.0008647143840789795
807,823,第二临床学院,2020,205,205,0,0.0,0.14657583832740784,0.14657583832740784,0.0
808,824,第二临床学院,2020,205,202,3,1.4634146341463417,0.24867765605449677,0.24755695462226868,-0.0011207014322280884
809,825,第二临床学院,2020,205,201,4,1.951219512195122,0.20662130415439606,0.20466431975364685,-0.0019569844007492065
810,826,第二临床学院,2020,205,197,8,3.902439024390244,0.1942114531993866,0.1938837170600891,-0.00032773613929748535
811,827,第二临床学院,2020,205,205,0,0.0,0.2617601752281189,0.2617601752281189,0.0
812,828,第二临床学院,2020,205,204,1,0.4878048780487805,0.165864035487175,0.1648995578289032,-0.0009644776582717896
813,829,第二临床学院,2020,205,205,0,0.0,0.11726202815771103,0.11726202815771103,0.0
814,830,口腔医学院,2020,85,78,7,8.235294117647058,0.10503516346216202,0.09667298197746277,-0.00836218148469925
815,831,口腔医学院,2020,85,78,7,8.235294117647058,0.11127561330795288,0.12751811742782593,0.016242504119873047
816,832,口腔医学院,2020,85,85,0,0.0,0.127581387758255,0.127581387758255,0.0
817,833,口腔医学院,2020,85,85,0,0.0,0.10395028442144394,0.10395028442144394,0.0
818,834,健康学院,2020,71,71,0,0.0,0.22628305852413177,0.22628305852413177,0.0
819,835,健康学院,2020,71,71,0,0.0,0.14821982383728027,0.14821982383728027,0.0
820,836,健康学院,2020,71,64,7,9.859154929577464,0.19673162698745728,0.20084941387176514,0.004117786884307861
821,837,健康学院,2020,71,61,10,14.084507042253522,0.11292459070682526,0.09764952957630157,-0.015275061130523682
822,838,健康学院,2020,71,65,6,8.450704225352112,0.1266842633485794,0.11270642280578613,-0.013977840542793274
823,839,健康学院,2020,71,67,4,5.633802816901409,0.11639265716075897,0.10560150444507599,-0.010791152715682983
824,840,健康学院,2020,71,68,3,4.225352112676056,0.12582598626613617,0.12880286574363708,0.0029768794775009155
825,841,健康学院,2020,71,71,0,0.0,0.12054358422756195,0.12054358422756195,0.0
826,842,药学院,2020,33,31,2,6.0606060606060606,0.19357998669147491,0.1743476539850235,-0.019232332706451416
827,843,药学院,2020,33,33,0,0.0,0.10179854929447174,0.10179854929447174,0.0
828,844,药学院,2020,33,29,4,12.121212121212121,0.2402360886335373,0.22366422414779663,-0.01657186448574066
829,845,药学院,2020,33,33,0,0.0,0.15525871515274048,0.15525871515274048,0.0
830,846,药学院,2020,33,30,3,9.090909090909092,0.2731270492076874,0.27541080117225647,0.002283751964569092
831,847,弘毅学堂,2020,112,112,0,0.0,0.13656304776668549,0.13656304776668549,0.0
832,848,弘毅学堂,2020,112,108,4,3.571428571428571,0.11681809276342392,0.09932795912027359,-0.01749013364315033
833,849,弘毅学堂,2020,112,108,4,3.571428571428571,0.1505831927061081,0.13511177897453308,-0.015471413731575012
834,850,弘毅学堂,2020,112,93,19,16.964285714285715,0.17729030549526215,0.15594324469566345,-0.021347060799598694
835,851,弘毅学堂,2020,112,112,0,0.0,0.16225631535053253,0.16225631535053253,0.0
836,852,弘毅学堂,2020,112,111,1,0.8928571428571428,0.13108131289482117,0.1302289217710495,-0.0008523911237716675
837,853,弘毅学堂,2020,112,112,0,0.0,0.1134815588593483,0.1134815588593483,0.0
838,854,弘毅学堂,2020,112,112,0,0.0,0.014117280021309853,0.014117280021309853,0.0
839,855,弘毅学堂,2020,112,112,0,0.0,0.08897344022989273,0.08897344022989273,0.0
840,856,弘毅学堂,2020,112,112,0,0.0,0.014301242306828499,0.014301242306828499,0.0
841,857,弘毅学堂,2020,112,111,1,0.8928571428571428,0.010187576524913311,0.009793936274945736,-0.0003936402499675751
842,858,弘毅学堂,2020,112,112,0,0.0,-0.0015724620316177607,-0.0015724620316177607,0.0
843,859,弘毅学堂,2020,112,112,0,0.0,-0.00751606747508049,-0.00751606747508049,0.0
844,860,弘毅学堂,2020,112,112,0,0.0,-0.000665994652081281,-0.000665994652081281,0.0
845,861,弘毅学堂,2020,112,112,0,0.0,0.030497418716549873,0.030497418716549873,0.0
846,862,弘毅学堂,2020,112,110,2,1.7857142857142856,0.031897999346256256,0.03281325101852417,0.0009152516722679138
847,863,弘毅学堂,2020,112,112,0,0.0,0.022732747718691826,0.022732747718691826,0.0
848,864,弘毅学堂,2020,112,112,0,0.0,-0.02524697408080101,-0.02524697408080101,0.0
849,865,弘毅学堂,2020,112,109,3,2.6785714285714284,0.1533171385526657,0.15658989548683167,0.0032727569341659546
850,866,弘毅学堂,2020,112,108,4,3.571428571428571,0.09510855376720428,0.09465066343545914,-0.0004578903317451477
851,867,弘毅学堂,2020,112,112,0,0.0,0.10617312043905258,0.10617312043905258,0.0
852,868,弘毅学堂,2020,112,108,4,3.571428571428571,0.13718439638614655,0.13482582569122314,-0.002358570694923401
853,869,外国语言文学学院,2021,91,90,1,1.098901098901099,0.008328179828822613,0.008106623776257038,-0.00022155605256557465
854,870,新闻与传播学院,2021,28,28,0,0.0,0.137353777885437,0.137353777885437,0.0
855,871,信息管理学院,2021,170,161,9,5.294117647058823,0.10806598514318466,0.10454142093658447,-0.003524564206600189
856,872,信息管理学院,2021,170,167,3,1.7647058823529411,0.08031673729419708,0.07868822664022446,-0.0016285106539726257
857,873,信息管理学院,2021,170,170,0,0.0,0.07547485083341599,0.07547485083341599,0.0
858,874,信息管理学院,2021,170,158,12,7.0588235294117645,0.07845137268304825,0.08053942769765854,0.0020880550146102905
859,875,信息管理学院,2021,170,166,4,2.3529411764705883,0.07481688261032104,0.07693091779947281,0.002114035189151764
860,876,经济与管理学院,2021,292,292,0,0.0,0.09977470338344574,0.09977470338344574,0.0
861,877,经济与管理学院,2021,292,292,0,0.0,0.09735909104347229,0.09735909104347229,0.0
862,878,经济与管理学院,2021,292,292,0,0.0,0.06191040202975273,0.06191040202975273,0.0
863,879,经济与管理学院,2021,292,288,4,1.36986301369863,0.01520552672445774,0.015573208220303059,0.00036768149584531784
864,880,经济与管理学院,2021,292,292,0,0.0,0.06744091212749481,0.06744091212749481,0.0
865,881,经济与管理学院,2021,292,292,0,0.0,0.05556245148181915,0.05556245148181915,0.0
866,882,法学院,2021,55,50,5,9.090909090909092,0.06980375945568085,0.07056740671396255,0.0007636472582817078
867,883,法学院,2021,55,55,0,0.0,0.03771567344665527,0.03771567344665527,0.0
868,884,法学院,2021,55,55,0,0.0,0.06315360218286514,0.06315360218286514,0.0
869,885,文学院,2021,64,64,0,0.0,0.014191357418894768,0.014191357418894768,0.0
870,886,文学院,2021,64,64,0,0.0,0.09038999676704407,0.09038999676704407,0.0
871,887,文学院,2021,64,62,2,3.125,-0.029561791568994522,-0.03290625661611557,-0.003344465047121048
872,888,历史学院,2021,14,14,0,0.0,0.03944646194577217,0.03944646194577217,0.0
873,889,哲学学院,2021,56,56,0,0.0,0.008044259622693062,0.008044259622693062,0.0
874,890,哲学学院,2021,56,53,3,5.357142857142857,0.08359425514936447,0.08345934003591537,-0.00013491511344909668
875,891,政治与公共管理学院,2021,27,27,0,0.0,0.13463179767131805,0.13463179767131805,0.0
876,892,政治与公共管理学院,2021,27,27,0,0.0,0.09245342761278152,0.09245342761278152,0.0
877,893,政治与公共管理学院,2021,27,27,0,0.0,0.08627749234437943,0.08627749234437943,0.0
878,894,马克思主义学院,2021,6,6,0,0.0,0.04614965245127678,0.04614965245127678,0.0
879,895,物理科学与技术学院,2021,82,70,12,14.634146341463413,0.24170070886611938,0.22709226608276367,-0.014608442783355713
880,896,物理科学与技术学院,2021,82,74,8,9.75609756097561,0.07237332314252853,0.05109108239412308,-0.021282240748405457
881,897,化学与分子科学学院,2021,288,281,7,2.430555555555556,0.19395238161087036,0.19269947707653046,-0.0012529045343399048
882,898,化学与分子科学学院,2021,288,284,4,1.3888888888888888,0.13783816993236542,0.13695178925991058,-0.000886380672454834
883,899,化学与分子科学学院,2021,288,276,12,4.166666666666666,0.31600260734558105,0.3089023530483246,-0.00710025429725647
884,900,生命科学学院,2021,226,210,16,7.079646017699115,0.2006833851337433,0.19331727921962738,-0.007366105914115906
885,901,生命科学学院,2021,226,226,0,0.0,0.20404468476772308,0.20404468476772308,0.0
886,902,生命科学学院,2021,226,226,0,0.0,0.14657920598983765,0.14657920598983765,0.0
887,903,生命科学学院,2021,226,225,1,0.4424778761061947,0.20289471745491028,0.20371586084365845,0.0008211433887481689
888,904,生命科学学院,2021,226,226,0,0.0,0.16069191694259644,0.16069191694259644,0.0
889,905,资源与环境科学学院,2021,196,195,1,0.5102040816326531,0.07327373325824738,0.07187851518392563,-0.0013952180743217468
890,906,资源与环境科学学院,2021,196,183,13,6.63265306122449,0.07768348604440689,0.0580945648252964,-0.01958892121911049
891,907,资源与环境科学学院,2021,196,183,13,6.63265306122449,0.03164464607834816,0.008753452450037003,-0.022891193628311157
892,908,资源与环境科学学院,2021,196,191,5,2.5510204081632653,0.0581887885928154,0.05711803212761879,-0.0010707564651966095
893,909,资源与环境科学学院,2021,196,196,0,0.0,0.13784770667552948,0.13784770667552948,0.0
894,910,水利水电学院,2021,194,187,7,3.608247422680412,0.16470324993133545,0.15979315340518951,-0.004910096526145935
895,911,水利水电学院,2021,194,194,0,0.0,0.16125988960266113,0.16125988960266113,0.0
896,912,水利水电学院,2021,194,192,2,1.0309278350515463,0.12758687138557434,0.12620557844638824,-0.0013812929391860962
897,913,电气与自动化学院,2021,153,153,0,0.0,0.20244239270687103,0.20244239270687103,0.0
898,914,电气与自动化学院,2021,153,149,4,2.6143790849673203,0.04744015634059906,0.041539520025253296,-0.005900636315345764
899,915,电气与自动化学院,2021,153,148,5,3.2679738562091507,0.24309076368808746,0.23322585225105286,-0.009864911437034607
900,916,动力与机械学院,2021,178,178,0,0.0,0.21179835498332977,0.21179835498332977,0.0
901,917,动力与机械学院,2021,178,178,0,0.0,0.1007775291800499,0.1007775291800499,0.0
902,918,动力与机械学院,2021,178,167,11,6.179775280898876,0.12111689895391464,0.12433797866106033,0.003221079707145691
903,919,动力与机械学院,2021,178,172,6,3.3707865168539324,0.18478119373321533,0.18190616369247437,-0.002875030040740967
904,920,城市设计学院,2021,75,75,0,0.0,0.10623683780431747,0.10623683780431747,0.0
905,921,城市设计学院,2021,75,75,0,0.0,0.16446875035762787,0.16446875035762787,0.0
906,922,城市设计学院,2021,75,72,3,4.0,0.08472038060426712,0.0796377956867218,-0.005082584917545319
907,923,土木建筑工程学院,2021,156,156,0,0.0,0.13651306927204132,0.13651306927204132,0.0
908,924,土木建筑工程学院,2021,156,156,0,0.0,0.22414696216583252,0.22414696216583252,0.0
909,925,土木建筑工程学院,2021,156,152,4,2.564102564102564,0.17744795978069305,0.17867667973041534,0.00122871994972229
910,926,计算机学院,2021,100,100,0,0.0,0.1618088185787201,0.1618088185787201,0.0
911,927,计算机学院,2021,100,94,6,6.0,0.15664014220237732,0.1542256772518158,-0.0024144649505615234
912,928,计算机学院,2021,100,98,2,2.0,0.1212722510099411,0.11960741877555847,-0.0016648322343826294
913,929,计算机学院,2021,100,100,0,0.0,0.15404574573040009,0.15404574573040009,0.0
914,930,计算机学院,2021,100,99,1,1.0,0.106621153652668,0.10702534765005112,0.0004041939973831177
915,931,电子信息学院,2021,138,138,0,0.0,0.05515696480870247,0.05515696480870247,0.0
916,932,电子信息学院,2021,138,138,0,0.0,0.16445663571357727,0.16445663571357727,0.0
917,933,电子信息学院,2021,138,138,0,0.0,0.08201613277196884,0.08201613277196884,0.0
918,934,电子信息学院,2021,138,131,7,5.072463768115942,0.09803261607885361,0.10078880190849304,0.002756185829639435
919,935,电子信息学院,2021,138,138,0,0.0,0.0997416228055954,0.0997416228055954,0.0
920,936,电子信息学院,2021,138,125,13,9.420289855072465,0.13585209846496582,0.12436269968748093,-0.011489398777484894
921,937,电子信息学院,2021,138,138,0,0.0,0.15817071497440338,0.15817071497440338,0.0
922,938,电子信息学院,2021,138,138,0,0.0,0.16294193267822266,0.16294193267822266,0.0
923,939,电子信息学院,2021,138,138,0,0.0,0.12945598363876343,0.12945598363876343,0.0
924,940,遥感信息工程学院,2021,132,128,4,3.0303030303030303,0.20993389189243317,0.208412766456604,-0.0015211254358291626
925,941,遥感信息工程学院,2021,132,101,31,23.484848484848484,0.18454092741012573,0.20353823900222778,0.01899731159210205
926,942,遥感信息工程学院,2021,132,132,0,0.0,0.11954066157341003,0.11954066157341003,0.0
927,943,遥感信息工程学院,2021,132,115,17,12.878787878787879,0.20403288304805756,0.1856893002986908,-0.01834358274936676
928,944,测绘学院,2021,208,199,9,4.326923076923077,0.19547723233699799,0.1927553117275238,-0.002721920609474182
929,945,测绘学院,2021,208,206,2,0.9615384615384616,0.2203894555568695,0.22102682292461395,0.0006373673677444458
930,946,测绘学院,2021,208,208,0,0.0,0.15653155744075775,0.15653155744075775,0.0
931,947,测绘学院,2021,208,206,2,0.9615384615384616,0.15580376982688904,0.1554003804922104,-0.0004033893346786499
932,948,测绘学院,2021,208,208,0,0.0,0.15752390027046204,0.15752390027046204,0.0
933,949,测绘学院,2021,208,207,1,0.4807692307692308,0.17432260513305664,0.17288590967655182,-0.0014366954565048218
934,950,印刷与包装系,2021,24,23,1,4.166666666666666,0.173353910446167,0.16998030245304108,-0.0033736079931259155
935,951,印刷与包装系,2021,24,24,0,0.0,0.08954167366027832,0.08954167366027832,0.0
936,952,基础医学院,2021,150,150,0,0.0,0.22332611680030823,0.22332611680030823,0.0
937,953,基础医学院,2021,150,150,0,0.0,0.25333771109580994,0.25333771109580994,0.0
938,954,基础医学院,2021,150,150,0,0.0,0.2429785430431366,0.2429785430431366,0.0
939,955,基础医学院,2021,150,150,0,0.0,0.18488065898418427,0.18488065898418427,0.0
940,956,基础医学院,2021,150,148,2,1.3333333333333335,0.10887210816144943,0.1087065264582634,-0.00016558170318603516
941,957,基础医学院,2021,150,146,4,2.666666666666667,0.22047556936740875,0.2172217220067978,-0.003253847360610962
942,958,基础医学院,2021,150,145,5,3.3333333333333335,0.27502530813217163,0.27100005745887756,-0.004025250673294067
943,959,第一临床学院,2021,377,377,0,0.0,0.18518321216106415,0.18518321216106415,0.0
944,960,第一临床学院,2021,377,366,11,2.9177718832891246,0.25210991501808167,0.24415035545825958,-0.007959559559822083
945,961,第二临床学院,2021,340,337,3,0.8823529411764706,0.13702581822872162,0.13672298192977905,-0.0003028362989425659
946,962,第二临床学院,2021,340,340,0,0.0,0.19621542096138,0.19621542096138,0.0
947,963,口腔医学院,2021,171,162,9,5.263157894736842,0.1989087611436844,0.20431596040725708,0.005407199263572693
948,964,口腔医学院,2021,171,161,10,5.847953216374268,0.13018520176410675,0.13336074352264404,0.0031755417585372925
949,965,健康学院,2021,128,92,36,28.125,0.10451173037290573,0.10352394729852676,-0.0009877830743789673
950,966,健康学院,2021,128,117,11,8.59375,0.19549869000911713,0.18332859873771667,-0.012170091271400452
951,967,健康学院,2021,128,117,11,8.59375,0.1923288106918335,0.1793777048587799,-0.012951105833053589
952,968,药学院,2021,65,63,2,3.076923076923077,0.23511190712451935,0.2283869832754135,-0.006724923849105835
953,969,药学院,2021,65,61,4,6.153846153846154,0.24284248054027557,0.2380778193473816,-0.004764661192893982
954,970,药学院,2021,65,57,8,12.307692307692308,0.1792820394039154,0.16494737565517426,-0.01433466374874115
955,975,测绘遥感信息工程国家重点实验室,2021,259,255,4,1.5444015444015444,0.19056668877601624,0.18975432217121124,-0.0008123666048049927
956,976,测绘遥感信息工程国家重点实验室,2021,259,259,0,0.0,0.21751680970191956,0.21751680970191956,0.0
957,977,测绘遥感信息工程国家重点实验室,2021,259,259,0,0.0,0.3251411020755768,0.3251411020755768,0.0
958,978,测绘遥感信息工程国家重点实验室,2021,259,255,4,1.5444015444015444,0.2647861838340759,0.2654321491718292,0.0006459653377532959
959,979,测绘遥感信息工程国家重点实验室,2021,259,257,2,0.7722007722007722,0.21781036257743835,0.21690958738327026,-0.0009007751941680908
960,980,测绘遥感信息工程国家重点实验室,2021,259,250,9,3.474903474903475,0.24435274302959442,0.24125750362873077,-0.0030952394008636475
961,981,测绘遥感信息工程国家重点实验室,2021,259,256,3,1.1583011583011582,0.05484885349869728,0.054611288011074066,-0.00023756548762321472
962,982,测绘遥感信息工程国家重点实验室,2021,259,253,6,2.3166023166023164,0.2106330841779709,0.21025148034095764,-0.00038160383701324463
963,983,测绘遥感信息工程国家重点实验室,2021,259,254,5,1.9305019305019304,0.22301536798477173,0.22337394952774048,0.00035858154296875
964,984,国家网络安全学院,2021,61,61,0,0.0,0.2538897693157196,0.2538897693157196,0.0
965,985,国家网络安全学院,2021,61,56,5,8.19672131147541,0.33381298184394836,0.31017860770225525,-0.023634374141693115
966,986,弘毅学堂,2021,210,210,0,0.0,-0.009832858107984066,-0.009832858107984066,0.0
967,987,弘毅学堂,2021,210,210,0,0.0,0.02411271259188652,0.02411271259188652,0.0
968,988,弘毅学堂,2021,210,210,0,0.0,0.1144518330693245,0.1144518330693245,0.0
969,989,弘毅学堂,2021,210,209,1,0.4761904761904762,0.016934102401137352,0.016756989061832428,-0.000177113339304924
970,990,弘毅学堂,2021,210,210,0,0.0,0.10779506713151932,0.10779506713151932,0.0
971,991,弘毅学堂,2021,210,186,24,11.428571428571429,0.09145280718803406,0.08785566687583923,-0.0035971403121948242
972,992,外国语言文学学院,2021,91,91,0,0.0,0.010374239645898342,0.010374239645898342,0.0
973,993,外国语言文学学院,2021,91,91,0,0.0,-0.0033361800014972687,-0.0033361800014972687,0.0
974,994,外国语言文学学院,2021,91,91,0,0.0,0.04212033003568649,0.04212033003568649,0.0
975,995,外国语言文学学院,2021,91,91,0,0.0,0.021394135430455208,0.021394135430455208,0.0
976,996,新闻与传播学院,2021,28,25,3,10.714285714285714,0.042530354112386703,0.05014632269740105,0.007615968585014343
977,997,新闻与传播学院,2021,28,28,0,0.0,0.0838475227355957,0.0838475227355957,0.0
978,998,新闻与传播学院,2021,28,28,0,0.0,0.14430999755859375,0.14430999755859375,0.0
979,999,信息管理学院,2021,170,158,12,7.0588235294117645,0.10496193170547485,0.09826493263244629,-0.0066969990730285645
980,1000,信息管理学院,2021,170,164,6,3.5294117647058822,0.031469326466321945,0.03183630481362343,0.00036697834730148315
981,1001,信息管理学院,2021,170,170,0,0.0,0.08948312699794769,0.08948312699794769,0.0
982,1002,信息管理学院,2021,170,165,5,2.941176470588235,0.08558901399374008,0.08642718940973282,0.0008381754159927368
983,1003,信息管理学院,2021,170,170,0,0.0,0.0574156828224659,0.0574156828224659,0.0
984,1004,信息管理学院,2021,170,156,14,8.235294117647058,0.03045208938419819,0.030946994200348854,0.0004949048161506653
985,1005,信息管理学院,2021,170,167,3,1.7647058823529411,0.06071891635656357,0.06021277979016304,-0.000506136566400528
986,1006,信息管理学院,2021,170,164,6,3.5294117647058822,0.054653268307447433,0.04978816211223602,-0.0048651061952114105
987,1007,信息管理学院,2021,170,159,11,6.470588235294119,0.09627031534910202,0.09823661297559738,0.0019662976264953613
988,1008,信息管理学院,2021,170,168,2,1.1764705882352942,0.08603328466415405,0.08524548262357712,-0.0007878020405769348
989,1009,经济与管理学院,2021,292,287,5,1.7123287671232876,0.08544942736625671,0.08646254241466522,0.0010131150484085083
990,1010,经济与管理学院,2021,292,292,0,0.0,0.09453094005584717,0.09453094005584717,0.0
991,1011,经济与管理学院,2021,292,290,2,0.684931506849315,0.15194262564182281,0.15088395774364471,-0.0010586678981781006
992,1012,经济与管理学院,2021,292,292,0,0.0,0.08055237680673599,0.08055237680673599,0.0
993,1013,经济与管理学院,2021,292,292,0,0.0,0.09121318906545639,0.09121318906545639,0.0
994,1014,经济与管理学院,2021,292,292,0,0.0,0.07235274463891983,0.07235274463891983,0.0
995,1015,经济与管理学院,2021,292,292,0,0.0,0.10666089504957199,0.10666089504957199,0.0
996,1016,经济与管理学院,2021,292,292,0,0.0,0.07668007165193558,0.07668007165193558,0.0
997,1017,经济与管理学院,2021,292,291,1,0.3424657534246575,0.06259385496377945,0.06144167110323906,-0.00115218386054039
998,1018,经济与管理学院,2021,292,290,2,0.684931506849315,0.05181237682700157,0.05025876685976982,-0.0015536099672317505
999,1019,经济与管理学院,2021,292,292,0,0.0,0.03645043820142746,0.03645043820142746,0.0
1000,1020,经济与管理学院,2021,292,292,0,0.0,0.07175905257463455,0.07175905257463455,0.0
1001,1021,经济与管理学院,2021,292,291,1,0.3424657534246575,0.06501299142837524,0.06533699482679367,0.0003240033984184265
1002,1022,经济与管理学院,2021,292,292,0,0.0,0.08367591351270676,0.08367591351270676,0.0
1003,1023,经济与管理学院,2021,292,292,0,0.0,0.1574457734823227,0.1574457734823227,0.0
1004,1024,经济与管理学院,2021,292,291,1,0.3424657534246575,0.08739941567182541,0.08686400204896927,-0.0005354136228561401
1005,1025,经济与管理学院,2021,292,292,0,0.0,0.14145852625370026,0.14145852625370026,0.0
1006,1026,经济与管理学院,2021,292,292,0,0.0,0.08467546105384827,0.08467546105384827,0.0
1007,1027,经济与管理学院,2021,292,292,0,0.0,0.08297521620988846,0.08297521620988846,0.0
1008,1028,经济与管理学院,2021,292,292,0,0.0,0.05096470192074776,0.05096470192074776,0.0
1009,1029,经济与管理学院,2021,292,292,0,0.0,0.09671058505773544,0.09671058505773544,0.0
1010,1030,经济与管理学院,2021,292,292,0,0.0,0.05259223282337189,0.05259223282337189,0.0
1011,1031,经济与管理学院,2021,292,292,0,0.0,0.09450045228004456,0.09450045228004456,0.0
1012,1032,经济与管理学院,2021,292,292,0,0.0,0.061459168791770935,0.061459168791770935,0.0
1013,1033,经济与管理学院,2021,292,292,0,0.0,0.07275109738111496,0.07275109738111496,0.0
1014,1034,经济与管理学院,2021,292,290,2,0.684931506849315,0.10022628307342529,0.09891519695520401,-0.001311086118221283
1015,1035,经济与管理学院,2021,292,289,3,1.0273972602739725,0.1150859147310257,0.11491106450557709,-0.0001748502254486084
1016,1036,经济与管理学院,2021,292,292,0,0.0,0.06044498831033707,0.06044498831033707,0.0
1017,1037,经济与管理学院,2021,292,292,0,0.0,0.057784903794527054,0.057784903794527054,0.0
1018,1038,经济与管理学院,2021,292,292,0,0.0,0.06323235481977463,0.06323235481977463,0.0
1019,1039,经济与管理学院,2021,292,292,0,0.0,0.057927243411540985,0.057927243411540985,0.0
1020,1040,经济与管理学院,2021,292,292,0,0.0,0.08939814567565918,0.08939814567565918,0.0
1021,1041,经济与管理学院,2021,292,292,0,0.0,0.11299270391464233,0.11299270391464233,0.0
1022,1042,经济与管理学院,2021,292,291,1,0.3424657534246575,0.09748705476522446,0.09797045588493347,0.0004834011197090149
1023,1043,经济与管理学院,2021,292,292,0,0.0,0.06110730767250061,0.06110730767250061,0.0
1024,1044,经济与管理学院,2021,292,292,0,0.0,0.041154418140649796,0.041154418140649796,0.0
1025,1045,经济与管理学院,2021,292,289,3,1.0273972602739725,0.07239454239606857,0.07122942805290222,-0.0011651143431663513
1026,1046,法学院,2021,55,55,0,0.0,0.05022083595395088,0.05022083595395088,0.0
1027,1047,法学院,2021,55,55,0,0.0,0.03997828811407089,0.03997828811407089,0.0
1028,1048,法学院,2021,55,55,0,0.0,0.08733775466680527,0.08733775466680527,0.0
1029,1049,法学院,2021,55,55,0,0.0,0.05470918491482735,0.05470918491482735,0.0
1030,1050,法学院,2021,55,55,0,0.0,0.11291606724262238,0.11291606724262238,0.0
1031,1051,法学院,2021,55,55,0,0.0,0.05470322445034981,0.05470322445034981,0.0
1032,1052,法学院,2021,55,55,0,0.0,0.04475473240017891,0.04475473240017891,0.0
1033,1053,法学院,2021,55,55,0,0.0,0.02747843973338604,0.02747843973338604,0.0
1034,1054,法学院,2021,55,55,0,0.0,0.022892646491527557,0.022892646491527557,0.0
1035,1055,法学院,2021,55,55,0,0.0,0.0018395952647551894,0.0018395952647551894,0.0
1036,1056,法学院,2021,55,55,0,0.0,0.04464514181017876,0.04464514181017876,0.0
1037,1057,文学院,2021,64,61,3,4.6875,0.06453897058963776,0.06161465123295784,-0.0029243193566799164
1038,1058,文学院,2021,64,64,0,0.0,0.015078027732670307,0.015078027732670307,0.0
1039,1059,文学院,2021,64,64,0,0.0,0.021105974912643433,0.021105974912643433,0.0
1040,1060,文学院,2021,64,55,9,14.0625,0.03549625724554062,0.03226336091756821,-0.003232896327972412
1041,1061,文学院,2021,64,61,3,4.6875,0.05187762528657913,0.04741651937365532,-0.004461105912923813
1042,1062,文学院,2021,64,60,4,6.25,0.03737882152199745,0.03538176044821739,-0.00199706107378006
1043,1063,文学院,2021,64,63,1,1.5625,0.02173028141260147,0.021010423079133034,-0.0007198583334684372
1044,1064,文学院,2021,64,64,0,0.0,-0.0016795434057712555,-0.0016795434057712555,0.0
1045,1065,文学院,2021,64,64,0,0.0,0.07593506574630737,0.07593506574630737,0.0
1046,1066,历史学院,2021,14,12,2,14.285714285714285,-0.020251045003533363,-0.02148331142961979,-0.0012322664260864258
1047,1067,历史学院,2021,14,14,0,0.0,0.05509289726614952,0.05509289726614952,0.0
1048,1068,哲学学院,2021,56,56,0,0.0,0.043279699981212616,0.043279699981212616,0.0
1049,1069,哲学学院,2021,56,56,0,0.0,0.06848235428333282,0.06848235428333282,0.0
1050,1070,哲学学院,2021,56,56,0,0.0,0.03564993664622307,0.03564993664622307,0.0
1051,1071,哲学学院,2021,56,56,0,0.0,0.060316067188978195,0.060316067188978195,0.0
1052,1072,哲学学院,2021,56,56,0,0.0,0.01752600260078907,0.01752600260078907,0.0
1053,1073,艺术学院,2021,22,22,0,0.0,0.014340454712510109,0.014340454712510109,0.0
1054,1074,艺术学院,2021,22,19,3,13.636363636363635,0.027804076671600342,0.026969561353325844,-0.000834515318274498
1055,1075,政治与公共管理学院,2021,27,27,0,0.0,0.05238720774650574,0.05238720774650574,0.0
1056,1076,政治与公共管理学院,2021,27,27,0,0.0,0.13485673069953918,0.13485673069953918,0.0
1057,1077,政治与公共管理学院,2021,27,27,0,0.0,0.09381090104579926,0.09381090104579926,0.0
1058,1078,政治与公共管理学院,2021,27,27,0,0.0,0.054665111005306244,0.054665111005306244,0.0
1059,1079,马克思主义学院,2021,6,6,0,0.0,-0.07218769192695618,-0.07218769192695618,0.0
1060,1080,马克思主义学院,2021,6,6,0,0.0,0.04088238254189491,0.04088238254189491,0.0
1061,1081,马克思主义学院,2021,6,6,0,0.0,0.020233705639839172,0.020233705639839172,0.0
1062,1082,数学与统计学院,2021,3,3,0,0.0,0.027525320649147034,0.027525320649147034,0.0
1063,1083,物理科学与技术学院,2021,82,81,1,1.2195121951219512,0.16359442472457886,0.16377513110637665,0.00018070638179779053
1064,1084,物理科学与技术学院,2021,82,69,13,15.853658536585366,0.2131395787000656,0.20924219489097595,-0.0038973838090896606
1065,1085,化学与分子科学学院,2021,288,268,20,6.944444444444445,0.3148754835128784,0.2995712459087372,-0.015304237604141235
1066,1086,化学与分子科学学院,2021,288,288,0,0.0,0.28222349286079407,0.28222349286079407,0.0
1067,1087,生命科学学院,2021,226,218,8,3.5398230088495577,0.19285623729228973,0.18671946227550507,-0.006136775016784668
1068,1088,生命科学学院,2021,226,207,19,8.4070796460177,0.21910423040390015,0.199739009141922,-0.01936522126197815
1069,1089,生命科学学院,2021,226,216,10,4.424778761061947,0.18312126398086548,0.1842552125453949,0.001133948564529419
1070,1090,生命科学学院,2021,226,212,14,6.1946902654867255,0.16040456295013428,0.16200195252895355,0.001597389578819275
1071,1091,生命科学学院,2021,226,216,10,4.424778761061947,0.19286014139652252,0.19215171039104462,-0.0007084310054779053
1072,1092,生命科学学院,2021,226,226,0,0.0,0.23470593988895416,0.23470593988895416,0.0
1073,1093,资源与环境科学学院,2021,196,187,9,4.591836734693878,0.03729955479502678,0.038295671343803406,0.0009961165487766266
1074,1094,资源与环境科学学院,2021,196,193,3,1.530612244897959,0.16828353703022003,0.1655939370393753,-0.0026895999908447266
1075,1095,资源与环境科学学院,2021,196,196,0,0.0,0.08985122293233871,0.08985122293233871,0.0
1076,1096,资源与环境科学学院,2021,196,191,5,2.5510204081632653,0.21392425894737244,0.20564669370651245,-0.008277565240859985
1077,1097,资源与环境科学学院,2021,196,196,0,0.0,0.12229534238576889,0.12229534238576889,0.0
1078,1098,资源与环境科学学院,2021,196,195,1,0.5102040816326531,0.12055626511573792,0.11970680207014084,-0.0008494630455970764
1079,1099,资源与环境科学学院,2021,196,196,0,0.0,0.1399253010749817,0.1399253010749817,0.0
1080,1100,水利水电学院,2021,194,194,0,0.0,0.09362011402845383,0.09362011402845383,0.0
1081,1101,水利水电学院,2021,194,194,0,0.0,0.181328684091568,0.181328684091568,0.0
1082,1102,水利水电学院,2021,194,194,0,0.0,0.12865325808525085,0.12865325808525085,0.0
1083,1103,电气与自动化学院,2021,153,153,0,0.0,0.20525296032428741,0.20525296032428741,0.0
1084,1104,电气与自动化学院,2021,153,152,1,0.6535947712418301,0.15680968761444092,0.15425586700439453,-0.0025538206100463867
1085,1105,电气与自动化学院,2021,153,150,3,1.9607843137254901,0.23040516674518585,0.22682474553585052,-0.003580421209335327
1086,1106,电气与自动化学院,2021,153,153,0,0.0,0.17681220173835754,0.17681220173835754,0.0
1087,1107,电气与自动化学院,2021,153,153,0,0.0,0.14019960165023804,0.14019960165023804,0.0
1088,1108,动力与机械学院,2021,178,166,12,6.741573033707865,0.17612236738204956,0.1762857735157013,0.0001634061336517334
1089,1109,动力与机械学院,2021,178,167,11,6.179775280898876,0.18522976338863373,0.175378680229187,-0.009851083159446716
1090,1110,动力与机械学院,2021,178,167,11,6.179775280898876,0.1783161163330078,0.1695600301027298,-0.008756086230278015
1091,1111,动力与机械学院,2021,178,178,0,0.0,0.20772485435009003,0.20772485435009003,0.0
1092,1112,动力与机械学院,2021,178,149,29,16.292134831460675,0.0620359405875206,0.05967424437403679,-0.0023616962134838104
1093,1113,城市设计学院,2021,75,75,0,0.0,0.08782505989074707,0.08782505989074707,0.0
1094,1114,城市设计学院,2021,75,64,11,14.666666666666666,0.06721275299787521,0.0880686566233635,0.02085590362548828
1095,1115,城市设计学院,2021,75,73,2,2.666666666666667,0.07107654213905334,0.07078174501657486,-0.0002947971224784851
1096,1116,土木建筑工程学院,2021,156,153,3,1.9230769230769231,0.1748223602771759,0.1731744408607483,-0.0016479194164276123
1097,1117,土木建筑工程学院,2021,156,145,11,7.051282051282051,0.21460196375846863,0.21895448863506317,0.0043525248765945435
1098,1118,土木建筑工程学院,2021,156,152,4,2.564102564102564,0.21240393817424774,0.2084028273820877,-0.004001110792160034
1099,1119,计算机学院,2021,100,100,0,0.0,0.12413971871137619,0.12413971871137619,0.0
1100,1120,计算机学院,2021,100,100,0,0.0,0.131385937333107,0.131385937333107,0.0
1101,1121,计算机学院,2021,100,100,0,0.0,0.10784922540187836,0.10784922540187836,0.0
1102,1122,计算机学院,2021,100,100,0,0.0,0.1149882972240448,0.1149882972240448,0.0
1103,1123,计算机学院,2021,100,100,0,0.0,0.08482930809259415,0.08482930809259415,0.0
1104,1124,计算机学院,2021,100,100,0,0.0,0.1347750723361969,0.1347750723361969,0.0
1105,1125,计算机学院,2021,100,100,0,0.0,0.16752037405967712,0.16752037405967712,0.0
1106,1126,计算机学院,2021,100,100,0,0.0,0.13233144581317902,0.13233144581317902,0.0
1107,1127,计算机学院,2021,100,100,0,0.0,0.17128697037696838,0.17128697037696838,0.0
1108,1128,计算机学院,2021,100,98,2,2.0,0.18844354152679443,0.18866047263145447,0.00021693110466003418
1109,1129,计算机学院,2021,100,98,2,2.0,0.16931034624576569,0.170622318983078,0.001311972737312317
1110,1130,计算机学院,2021,100,97,3,3.0,0.05436963960528374,0.053090617060661316,-0.0012790225446224213
1111,1131,计算机学院,2021,100,98,2,2.0,0.14470404386520386,0.14442969858646393,-0.0002743452787399292
1112,1132,计算机学院,2021,100,97,3,3.0,0.14356400072574615,0.1396106481552124,-0.0039533525705337524
1113,1133,电子信息学院,2021,138,138,0,0.0,0.06285767257213593,0.06285767257213593,0.0
1114,1134,电子信息学院,2021,138,138,0,0.0,0.14192914962768555,0.14192914962768555,0.0
1115,1135,电子信息学院,2021,138,138,0,0.0,0.07385469973087311,0.07385469973087311,0.0
1116,1136,电子信息学院,2021,138,137,1,0.7246376811594203,0.11053533107042313,0.1078929677605629,-0.0026423633098602295
1117,1137,电子信息学院,2021,138,136,2,1.4492753623188406,0.1321270763874054,0.132149338722229,2.22623348236084e-05
1118,1138,电子信息学院,2021,138,137,1,0.7246376811594203,0.08997379243373871,0.08888932317495346,-0.0010844692587852478
1119,1139,电子信息学院,2021,138,138,0,0.0,0.14999328553676605,0.14999328553676605,0.0
1120,1140,电子信息学院,2021,138,138,0,0.0,0.10236997902393341,0.10236997902393341,0.0
1121,1141,电子信息学院,2021,138,138,0,0.0,0.05383835732936859,0.05383835732936859,0.0
1122,1142,电子信息学院,2021,138,138,0,0.0,0.16545285284519196,0.16545285284519196,0.0
1123,1143,电子信息学院,2021,138,137,1,0.7246376811594203,0.09097842872142792,0.087955042719841,-0.003023386001586914
1124,1144,电子信息学院,2021,138,136,2,1.4492753623188406,0.07493636757135391,0.0754527673125267,0.0005163997411727905
1125,1145,电子信息学院,2021,138,138,0,0.0,0.1316232532262802,0.1316232532262802,0.0
1126,1146,电子信息学院,2021,138,136,2,1.4492753623188406,0.09644799679517746,0.0987589955329895,0.0023109987378120422
1127,1147,遥感信息工程学院,2021,132,132,0,0.0,0.14233478903770447,0.14233478903770447,0.0
1128,1148,遥感信息工程学院,2021,132,113,19,14.393939393939394,0.26634567975997925,0.25122174620628357,-0.015123933553695679
1129,1149,遥感信息工程学院,2021,132,132,0,0.0,0.12620899081230164,0.12620899081230164,0.0
1130,1150,遥感信息工程学院,2021,132,132,0,0.0,0.09880576282739639,0.09880576282739639,0.0
1131,1151,测绘学院,2021,208,199,9,4.326923076923077,0.17319005727767944,0.17013958096504211,-0.003050476312637329
1132,1152,测绘学院,2021,208,204,4,1.9230769230769231,0.13439901173114777,0.13301166892051697,-0.0013873428106307983
1133,1153,测绘学院,2021,208,200,8,3.8461538461538463,0.13804583251476288,0.13323229551315308,-0.004813537001609802
1134,1154,测绘学院,2021,208,206,2,0.9615384615384616,0.22150975465774536,0.22186493873596191,0.00035518407821655273
1135,1155,测绘学院,2021,208,208,0,0.0,0.14304150640964508,0.14304150640964508,0.0
1136,1156,测绘学院,2021,208,208,0,0.0,0.21190978586673737,0.21190978586673737,0.0
1137,1157,测绘学院,2021,208,197,11,5.288461538461538,0.21689234673976898,0.2151363044977188,-0.001756042242050171
1138,1158,测绘学院,2021,208,208,0,0.0,0.17186635732650757,0.17186635732650757,0.0
1139,1159,测绘学院,2021,208,207,1,0.4807692307692308,0.11552779376506805,0.11468435823917389,-0.000843435525894165
1140,1160,测绘学院,2021,208,207,1,0.4807692307692308,0.18721239268779755,0.1862034797668457,-0.0010089129209518433
1141,1161,测绘学院,2021,208,185,23,11.057692307692307,0.2589826285839081,0.2572982907295227,-0.001684337854385376
1142,1162,印刷与包装系,2021,24,19,5,20.833333333333336,0.2306218147277832,0.25822287797927856,0.02760106325149536
1143,1163,印刷与包装系,2021,24,23,1,4.166666666666666,0.10313427448272705,0.10397659987211227,0.0008423253893852234
1144,1164,印刷与包装系,2021,24,24,0,0.0,0.10362446308135986,0.10362446308135986,0.0
1145,1165,基础医学院,2021,150,150,0,0.0,0.21656647324562073,0.21656647324562073,0.0
1146,1166,基础医学院,2021,150,147,3,2.0,0.15262676775455475,0.14766602218151093,-0.004960745573043823
1147,1167,基础医学院,2021,150,128,22,14.666666666666666,0.22121790051460266,0.22132626175880432,0.00010836124420166016
1148,1168,基础医学院,2021,150,147,3,2.0,0.10322701930999756,0.10101491212844849,-0.0022121071815490723
1149,1169,基础医学院,2021,150,145,5,3.3333333333333335,0.2383204847574234,0.23574592173099518,-0.0025745630264282227
1150,1170,基础医学院,2021,150,143,7,4.666666666666667,0.22980913519859314,0.2300112247467041,0.00020208954811096191
1151,1171,基础医学院,2021,150,150,0,0.0,0.19897179305553436,0.19897179305553436,0.0
1152,1172,第一临床学院,2021,377,377,0,0.0,0.20714710652828217,0.20714710652828217,0.0
1153,1173,第一临床学院,2021,377,374,3,0.7957559681697612,0.21874983608722687,0.21868471801280975,-6.511807441711426e-05
1154,1174,第一临床学院,2021,377,365,12,3.183023872679045,0.23206889629364014,0.22908103466033936,-0.0029878616333007812
1155,1175,第一临床学院,2021,377,356,21,5.570291777188329,0.17266173660755157,0.16150526702404022,-0.011156469583511353
1156,1176,第一临床学院,2021,377,377,0,0.0,0.22191348671913147,0.22191348671913147,0.0
1157,1177,第二临床学院,2021,340,336,4,1.1764705882352942,0.21948280930519104,0.219446063041687,-3.674626350402832e-05
1158,1178,第二临床学院,2021,340,339,1,0.29411764705882354,0.17983084917068481,0.17913080751895905,-0.000700041651725769
1159,1179,第二临床学院,2021,340,331,9,2.6470588235294117,0.15239304304122925,0.15090933442115784,-0.0014837086200714111
1160,1180,口腔医学院,2021,171,167,4,2.3391812865497075,0.16894790530204773,0.16648246347904205,-0.0024654418230056763
1161,1181,口腔医学院,2021,171,171,0,0.0,0.18499138951301575,0.18499138951301575,0.0
1162,1182,口腔医学院,2021,171,171,0,0.0,0.13150644302368164,0.13150644302368164,0.0
1163,1183,口腔医学院,2021,171,168,3,1.7543859649122806,0.1533413529396057,0.15305879712104797,-0.00028255581855773926
1164,1184,健康学院,2021,128,128,0,0.0,0.10210588574409485,0.10210588574409485,0.0
1165,1185,健康学院,2021,128,127,1,0.78125,0.13764850795269012,0.13679611682891846,-0.0008523911237716675
1166,1186,健康学院,2021,128,128,0,0.0,0.14669254422187805,0.14669254422187805,0.0
1167,1187,健康学院,2021,128,127,1,0.78125,0.08484798669815063,0.08189796656370163,-0.002950020134449005
1168,1188,健康学院,2021,128,113,15,11.71875,0.09223298728466034,0.07721870392560959,-0.01501428335905075
1169,1189,健康学院,2021,128,113,15,11.71875,0.09660939872264862,0.08993377536535263,-0.00667562335729599
1170,1190,健康学院,2021,128,120,8,6.25,0.1829414963722229,0.17678572237491608,-0.006155773997306824
1171,1191,健康学院,2021,128,127,1,0.78125,0.18997468054294586,0.192037433385849,0.002062752842903137
1172,1192,健康学院,2021,128,125,3,2.34375,0.11735369265079498,0.11065150052309036,-0.00670219212770462
1173,1193,药学院,2021,65,57,8,12.307692307692308,0.2048262059688568,0.20838475227355957,0.003558546304702759
1174,1194,药学院,2021,65,64,1,1.5384615384615385,0.26618775725364685,0.26046499609947205,-0.005722761154174805
1175,1195,药学院,2021,65,63,2,3.076923076923077,0.2556053698062897,0.24631868302822113,-0.009286686778068542
1176,1200,测绘遥感信息工程国家重点实验室,2021,259,255,4,1.5444015444015444,0.15223294496536255,0.14782732725143433,-0.004405617713928223
1177,1201,测绘遥感信息工程国家重点实验室,2021,259,257,2,0.7722007722007722,0.2324087917804718,0.2314550131559372,-0.0009537786245346069
1178,1202,测绘遥感信息工程国家重点实验室,2021,259,246,13,5.019305019305019,0.2978530526161194,0.29163095355033875,-0.00622209906578064
1179,1203,测绘遥感信息工程国家重点实验室,2021,259,245,14,5.405405405405405,0.20204561948776245,0.20550306141376495,0.0034574419260025024
1180,1204,测绘遥感信息工程国家重点实验室,2021,259,225,34,13.127413127413126,0.3035633862018585,0.2867240309715271,-0.01683935523033142
1181,1205,测绘遥感信息工程国家重点实验室,2021,259,256,3,1.1583011583011582,0.2517801821231842,0.24892936646938324,-0.0028508156538009644
1182,1206,测绘遥感信息工程国家重点实验室,2021,259,255,4,1.5444015444015444,0.14919507503509521,0.14852795004844666,-0.0006671249866485596
1183,1207,测绘遥感信息工程国家重点实验室,2021,259,259,0,0.0,0.27810901403427124,0.27810901403427124,0.0
1184,1208,测绘遥感信息工程国家重点实验室,2021,259,257,2,0.7722007722007722,0.24682670831680298,0.2453005462884903,-0.001526162028312683
1185,1209,测绘遥感信息工程国家重点实验室,2021,259,256,3,1.1583011583011582,0.24441921710968018,0.24244767427444458,-0.0019715428352355957
1186,1210,测绘遥感信息工程国家重点实验室,2021,259,258,1,0.3861003861003861,0.240730881690979,0.2402505874633789,-0.00048029422760009766
1187,1211,测绘遥感信息工程国家重点实验室,2021,259,259,0,0.0,0.08781255781650543,0.08781255781650543,0.0
1188,1212,测绘遥感信息工程国家重点实验室,2021,259,258,1,0.3861003861003861,0.29356616735458374,0.2947888672351837,0.0012226998805999756
1189,1213,测绘遥感信息工程国家重点实验室,2021,259,254,5,1.9305019305019304,0.20886527001857758,0.2048647701740265,-0.004000499844551086
1190,1214,测绘遥感信息工程国家重点实验室,2021,259,254,5,1.9305019305019304,0.19572268426418304,0.19299986958503723,-0.002722814679145813
1191,1215,测绘遥感信息工程国家重点实验室,2021,259,256,3,1.1583011583011582,0.19835500419139862,0.1952742040157318,-0.003080800175666809
1192,1216,测绘遥感信息工程国家重点实验室,2021,259,259,0,0.0,0.21906882524490356,0.21906882524490356,0.0
1193,1217,测绘遥感信息工程国家重点实验室,2021,259,258,1,0.3861003861003861,0.24646557867527008,0.2461692988872528,-0.00029627978801727295
1194,1218,测绘遥感信息工程国家重点实验室,2021,259,259,0,0.0,0.16977106034755707,0.16977106034755707,0.0
1195,1219,测绘遥感信息工程国家重点实验室,2021,259,255,4,1.5444015444015444,0.26265689730644226,0.25984227657318115,-0.0028146207332611084
1196,1220,测绘遥感信息工程国家重点实验室,2021,259,255,4,1.5444015444015444,0.2179318219423294,0.219013050198555,0.001081228256225586
1197,1221,测绘遥感信息工程国家重点实验室,2021,259,251,8,3.088803088803089,0.23861025273799896,0.23698009550571442,-0.001630157232284546
1198,1222,测绘遥感信息工程国家重点实验室,2021,259,244,15,5.7915057915057915,0.29699379205703735,0.2865698039531708,-0.010423988103866577
1199,1223,测绘遥感信息工程国家重点实验室,2021,259,258,1,0.3861003861003861,0.2499808520078659,0.2507050335407257,0.0007241815328598022
1200,1224,测绘遥感信息工程国家重点实验室,2021,259,259,0,0.0,0.24384741485118866,0.24384741485118866,0.0
1201,1225,国家网络安全学院,2021,61,51,10,16.39344262295082,0.14821632206439972,0.15042276680469513,0.00220644474029541
1202,1226,国家网络安全学院,2021,61,39,22,36.0655737704918,0.2923109829425812,0.18002432584762573,-0.11228665709495544
1203,1227,国家网络安全学院,2021,61,61,0,0.0,0.27609744668006897,0.27609744668006897,0.0
1204,1228,弘毅学堂,2021,210,210,0,0.0,0.015690740197896957,0.015690740197896957,0.0
1205,1229,弘毅学堂,2021,210,207,3,1.4285714285714286,0.004950800910592079,0.005229730159044266,0.0002789292484521866
1206,1230,弘毅学堂,2021,210,206,4,1.9047619047619049,0.01968020759522915,0.01752529852092266,-0.002154909074306488
1207,1231,弘毅学堂,2021,210,205,5,2.380952380952381,0.10639151930809021,0.1061592847108841,-0.00023223459720611572
1208,1232,外国语言文学学院,2021,91,91,0,0.0,-0.007093142718076706,-0.007093142718076706,0.0
1209,1233,外国语言文学学院,2021,91,91,0,0.0,-0.04257414862513542,-0.04257414862513542,0.0
1210,1234,外国语言文学学院,2021,91,91,0,0.0,-0.006822167430073023,-0.006822167430073023,0.0
1211,1235,外国语言文学学院,2021,91,91,0,0.0,0.01696012355387211,0.01696012355387211,0.0
1212,1236,外国语言文学学院,2021,91,90,1,1.098901098901099,0.0492154061794281,0.05004173517227173,0.0008263289928436279
1213,1237,外国语言文学学院,2021,91,90,1,1.098901098901099,-0.04459138587117195,-0.04450446367263794,8.692219853401184e-05
1214,1238,外国语言文学学院,2021,91,91,0,0.0,0.024385781958699226,0.024385781958699226,0.0
1215,1239,外国语言文学学院,2021,91,91,0,0.0,0.005969722755253315,0.005969722755253315,0.0
1216,1240,外国语言文学学院,2021,91,91,0,0.0,0.04178066924214363,0.04178066924214363,0.0
1217,1241,外国语言文学学院,2021,91,91,0,0.0,0.012247011065483093,0.012247011065483093,0.0
1218,1242,外国语言文学学院,2021,91,49,42,46.15384615384615,0.012155303731560707,-0.006211272440850735,-0.018366576172411442
1219,1243,新闻与传播学院,2021,28,28,0,0.0,-0.0025713376235216856,-0.0025713376235216856,0.0
1220,1244,新闻与传播学院,2021,28,28,0,0.0,0.09234539419412613,0.09234539419412613,0.0
1221,1245,新闻与传播学院,2021,28,28,0,0.0,0.12166953831911087,0.12166953831911087,0.0
1222,1246,新闻与传播学院,2021,28,28,0,0.0,0.09115608036518097,0.09115608036518097,0.0
1223,1247,新闻与传播学院,2021,28,28,0,0.0,0.07480894029140472,0.07480894029140472,0.0
1224,1248,新闻与传播学院,2021,28,28,0,0.0,0.05324450507760048,0.05324450507760048,0.0
1225,1249,新闻与传播学院,2021,28,28,0,0.0,0.07058154046535492,0.07058154046535492,0.0
1226,1250,新闻与传播学院,2021,28,28,0,0.0,0.021298030391335487,0.021298030391335487,0.0
1227,1251,新闻与传播学院,2021,28,28,0,0.0,0.06972865760326385,0.06972865760326385,0.0
1228,1252,新闻与传播学院,2021,28,28,0,0.0,0.030649995431303978,0.030649995431303978,0.0
1229,1253,新闻与传播学院,2021,28,24,4,14.285714285714285,0.07112995535135269,0.07568132877349854,0.0045513734221458435
1230,1254,信息管理学院,2021,170,170,0,0.0,0.05310194939374924,0.05310194939374924,0.0
1231,1255,信息管理学院,2021,170,170,0,0.0,0.04527132958173752,0.04527132958173752,0.0
1232,1256,信息管理学院,2021,170,167,3,1.7647058823529411,0.09951363503932953,0.0997907891869545,0.0002771541476249695
1233,1257,信息管理学院,2021,170,170,0,0.0,0.1001180112361908,0.1001180112361908,0.0
1234,1258,信息管理学院,2021,170,167,3,1.7647058823529411,0.06308284401893616,0.06143602356314659,-0.001646820455789566
1235,1259,信息管理学院,2021,170,170,0,0.0,0.10156778246164322,0.10156778246164322,0.0
1236,1260,信息管理学院,2021,170,160,10,5.88235294117647,0.09787847846746445,0.09850244224071503,0.0006239637732505798
1237,1261,信息管理学院,2021,170,170,0,0.0,0.07661861181259155,0.07661861181259155,0.0
1238,1262,信息管理学院,2021,170,167,3,1.7647058823529411,0.11448638141155243,0.11059293895959854,-0.003893442451953888
1239,1263,信息管理学院,2021,170,167,3,1.7647058823529411,0.05027630925178528,0.05204261094331741,0.001766301691532135
1240,1264,信息管理学院,2021,170,167,3,1.7647058823529411,0.03983638808131218,0.04170815274119377,0.0018717646598815918
1241,1265,信息管理学院,2021,170,168,2,1.1764705882352942,0.052921563386917114,0.05070285499095917,-0.0022187083959579468
1242,1266,信息管理学院,2021,170,170,0,0.0,0.030625859275460243,0.030625859275460243,0.0
1243,1267,信息管理学院,2021,170,166,4,2.3529411764705883,0.11595970392227173,0.11134254187345505,-0.004617162048816681
1244,1268,信息管理学院,2021,170,170,0,0.0,0.07753904908895493,0.07753904908895493,0.0
1245,1269,信息管理学院,2021,170,167,3,1.7647058823529411,0.03441917523741722,0.03317047655582428,-0.0012486986815929413
1246,1270,信息管理学院,2021,170,159,11,6.470588235294119,0.03675712272524834,0.04099974408745766,0.00424262136220932
1247,1271,信息管理学院,2021,170,170,0,0.0,0.06318602710962296,0.06318602710962296,0.0
1248,1272,信息管理学院,2021,170,164,6,3.5294117647058822,0.05990561842918396,0.05927376449108124,-0.0006318539381027222
1249,1273,信息管理学院,2021,170,170,0,0.0,0.0916631743311882,0.0916631743311882,0.0
1250,1274,信息管理学院,2021,170,170,0,0.0,0.09670370072126389,0.09670370072126389,0.0
1251,1275,信息管理学院,2021,170,161,9,5.294117647058823,0.11485889554023743,0.11114489287137985,-0.0037140026688575745
1252,1276,信息管理学院,2021,170,166,4,2.3529411764705883,0.0863017588853836,0.08869486302137375,0.002393104135990143
1253,1277,信息管理学院,2021,170,164,6,3.5294117647058822,0.05756080895662308,0.05771559104323387,0.00015478208661079407
1254,1278,信息管理学院,2021,170,170,0,0.0,0.07612406462430954,0.07612406462430954,0.0
1255,1279,信息管理学院,2021,170,164,6,3.5294117647058822,0.06776077300310135,0.062143970280885696,-0.0056168027222156525
1256,1280,经济与管理学院,2021,292,291,1,0.3424657534246575,0.06049858406186104,0.05941049009561539,-0.0010880939662456512
1257,1281,经济与管理学院,2021,292,273,19,6.506849315068493,0.05018632486462593,0.05404986813664436,0.0038635432720184326
1258,1282,经济与管理学院,2021,292,292,0,0.0,0.07299783080816269,0.07299783080816269,0.0
1259,1283,经济与管理学院,2021,292,292,0,0.0,0.05319753289222717,0.05319753289222717,0.0
1260,1284,经济与管理学院,2021,292,291,1,0.3424657534246575,0.08089851588010788,0.08129700273275375,0.000398486852645874
1261,1285,经济与管理学院,2021,292,292,0,0.0,0.06808490306138992,0.06808490306138992,0.0
1262,1286,经济与管理学院,2021,292,280,12,4.10958904109589,0.10303222388029099,0.10398022085428238,0.000947996973991394
1263,1287,经济与管理学院,2021,292,292,0,0.0,0.06893040239810944,0.06893040239810944,0.0
1264,1288,经济与管理学院,2021,292,277,15,5.136986301369863,0.0778927356004715,0.07923524081707001,0.0013425052165985107
1265,1289,经济与管理学院,2021,292,291,1,0.3424657534246575,0.05785723775625229,0.05713032931089401,-0.0007269084453582764
1266,1290,经济与管理学院,2021,292,292,0,0.0,0.09213826060295105,0.09213826060295105,0.0
1267,1291,经济与管理学院,2021,292,292,0,0.0,0.06324159353971481,0.06324159353971481,0.0
1268,1292,经济与管理学院,2021,292,292,0,0.0,0.042828839272260666,0.042828839272260666,0.0
1269,1293,经济与管理学院,2021,292,292,0,0.0,0.08712385594844818,0.08712385594844818,0.0
1270,1294,经济与管理学院,2021,292,292,0,0.0,0.05395139381289482,0.05395139381289482,0.0
1271,1295,经济与管理学院,2021,292,281,11,3.767123287671233,0.05039321631193161,0.055402178317308426,0.005008962005376816
1272,1296,经济与管理学院,2021,292,291,1,0.3424657534246575,0.08832335472106934,0.08877111226320267,0.0004477575421333313
1273,1297,经济与管理学院,2021,292,292,0,0.0,0.032481685280799866,0.032481685280799866,0.0
1274,1298,经济与管理学院,2021,292,291,1,0.3424657534246575,0.07855653017759323,0.07814083248376846,-0.00041569769382476807
1275,1299,经济与管理学院,2021,292,273,19,6.506849315068493,0.07139758765697479,0.07212832570075989,0.0007307380437850952
1276,1300,经济与管理学院,2021,292,287,5,1.7123287671232876,0.09885240346193314,0.10062426328659058,0.0017718598246574402
1277,1301,经济与管理学院,2021,292,292,0,0.0,0.05557772144675255,0.05557772144675255,0.0
1278,1302,经济与管理学院,2021,292,292,0,0.0,0.09291383624076843,0.09291383624076843,0.0
1279,1303,经济与管理学院,2021,292,292,0,0.0,0.11485162377357483,0.11485162377357483,0.0
1280,1304,经济与管理学院,2021,292,292,0,0.0,0.1164400577545166,0.1164400577545166,0.0
1281,1305,经济与管理学院,2021,292,292,0,0.0,0.06216103956103325,0.06216103956103325,0.0
1282,1306,经济与管理学院,2021,292,292,0,0.0,0.12594074010849,0.12594074010849,0.0
1283,1307,经济与管理学院,2021,292,292,0,0.0,0.13065862655639648,0.13065862655639648,0.0
1284,1308,经济与管理学院,2021,292,290,2,0.684931506849315,0.07607370615005493,0.07578454911708832,-0.00028915703296661377
1285,1309,经济与管理学院,2021,292,292,0,0.0,0.07560106366872787,0.07560106366872787,0.0
1286,1310,经济与管理学院,2021,292,292,0,0.0,0.056808486580848694,0.056808486580848694,0.0
1287,1311,经济与管理学院,2021,292,292,0,0.0,0.06824550777673721,0.06824550777673721,0.0
1288,1312,经济与管理学院,2021,292,292,0,0.0,0.06674016267061234,0.06674016267061234,0.0
1289,1313,经济与管理学院,2021,292,292,0,0.0,0.039860181510448456,0.039860181510448456,0.0
1290,1314,经济与管理学院,2021,292,289,3,1.0273972602739725,0.1021571010351181,0.10254256427288055,0.00038546323776245117
1291,1315,经济与管理学院,2021,292,291,1,0.3424657534246575,0.06663036346435547,0.0661669373512268,-0.0004634261131286621
1292,1316,经济与管理学院,2021,292,289,3,1.0273972602739725,0.06805899739265442,0.06765878945589066,-0.00040020793676376343
1293,1317,经济与管理学院,2021,292,292,0,0.0,0.10295115411281586,0.10295115411281586,0.0
1294,1318,经济与管理学院,2021,292,292,0,0.0,0.07475750148296356,0.07475750148296356,0.0
1295,1319,经济与管理学院,2021,292,292,0,0.0,0.0648193359375,0.0648193359375,0.0
1296,1320,经济与管理学院,2021,292,292,0,0.0,0.09813078492879868,0.09813078492879868,0.0
1297,1321,经济与管理学院,2021,292,292,0,0.0,0.09815314412117004,0.09815314412117004,0.0
1298,1322,经济与管理学院,2021,292,292,0,0.0,0.08809934556484222,0.08809934556484222,0.0
1299,1323,经济与管理学院,2021,292,292,0,0.0,0.04563765972852707,0.04563765972852707,0.0
1300,1324,经济与管理学院,2021,292,291,1,0.3424657534246575,0.09131339937448502,0.09212598949670792,0.0008125901222229004
1301,1325,经济与管理学院,2021,292,292,0,0.0,0.0391097292304039,0.0391097292304039,0.0
1302,1326,经济与管理学院,2021,292,292,0,0.0,0.08945966511964798,0.08945966511964798,0.0
1303,1327,经济与管理学院,2021,292,292,0,0.0,0.04279305040836334,0.04279305040836334,0.0
1304,1328,经济与管理学院,2021,292,292,0,0.0,0.09487252682447433,0.09487252682447433,0.0
1305,1329,经济与管理学院,2021,292,292,0,0.0,0.06314525753259659,0.06314525753259659,0.0
1306,1330,经济与管理学院,2021,292,292,0,0.0,0.09460220485925674,0.09460220485925674,0.0
1307,1331,经济与管理学院,2021,292,289,3,1.0273972602739725,0.0303921177983284,0.030725907534360886,0.00033378973603248596
1308,1332,经济与管理学院,2021,292,292,0,0.0,0.05706241726875305,0.05706241726875305,0.0
1309,1333,经济与管理学院,2021,292,292,0,0.0,0.06604067236185074,0.06604067236185074,0.0
1310,1334,经济与管理学院,2021,292,292,0,0.0,0.10878816246986389,0.10878816246986389,0.0
1311,1335,经济与管理学院,2021,292,292,0,0.0,0.10756462067365646,0.10756462067365646,0.0
1312,1336,经济与管理学院,2021,292,292,0,0.0,0.08383727073669434,0.08383727073669434,0.0
1313,1337,经济与管理学院,2021,292,292,0,0.0,0.0675060898065567,0.0675060898065567,0.0
1314,1338,经济与管理学院,2021,292,289,3,1.0273972602739725,0.06221769377589226,0.05918169394135475,-0.003035999834537506
1315,1339,经济与管理学院,2021,292,292,0,0.0,0.08444053679704666,0.08444053679704666,0.0
1316,1340,经济与管理学院,2021,292,292,0,0.0,0.0220180731266737,0.0220180731266737,0.0
1317,1341,经济与管理学院,2021,292,292,0,0.0,0.11687655001878738,0.11687655001878738,0.0
1318,1342,经济与管理学院,2021,292,292,0,0.0,0.0857667550444603,0.0857667550444603,0.0
1319,1343,经济与管理学院,2021,292,292,0,0.0,0.08442586660385132,0.08442586660385132,0.0
1320,1344,经济与管理学院,2021,292,292,0,0.0,0.10363061726093292,0.10363061726093292,0.0
1321,1345,经济与管理学院,2021,292,292,0,0.0,0.02886698953807354,0.02886698953807354,0.0
1322,1346,经济与管理学院,2021,292,292,0,0.0,0.07447429746389389,0.07447429746389389,0.0
1323,1347,经济与管理学院,2021,292,292,0,0.0,0.10189102590084076,0.10189102590084076,0.0
1324,1348,经济与管理学院,2021,292,292,0,0.0,0.06789389997720718,0.06789389997720718,0.0
1325,1349,经济与管理学院,2021,292,292,0,0.0,0.10352924466133118,0.10352924466133118,0.0
1326,1350,经济与管理学院,2021,292,245,47,16.095890410958905,0.09223099797964096,0.10268863290548325,0.010457634925842285
1327,1351,经济与管理学院,2021,292,292,0,0.0,0.044760312885046005,0.044760312885046005,0.0
1328,1352,经济与管理学院,2021,292,290,2,0.684931506849315,0.08307507634162903,0.08054663240909576,-0.002528443932533264
1329,1353,经济与管理学院,2021,292,292,0,0.0,0.11176896095275879,0.11176896095275879,0.0
1330,1354,经济与管理学院,2021,292,289,3,1.0273972602739725,0.12425216287374496,0.12467873096466064,0.00042656809091567993
1331,1355,经济与管理学院,2021,292,292,0,0.0,0.062331683933734894,0.062331683933734894,0.0
1332,1356,经济与管理学院,2021,292,292,0,0.0,0.12328576296567917,0.12328576296567917,0.0
1333,1357,经济与管理学院,2021,292,292,0,0.0,0.0662347599864006,0.0662347599864006,0.0
1334,1358,经济与管理学院,2021,292,289,3,1.0273972602739725,0.018671413883566856,0.017239131033420563,-0.0014322828501462936
1335,1359,经济与管理学院,2021,292,292,0,0.0,0.0881475955247879,0.0881475955247879,0.0
1336,1360,经济与管理学院,2021,292,292,0,0.0,0.02827930450439453,0.02827930450439453,0.0
1337,1361,经济与管理学院,2021,292,292,0,0.0,0.09553206712007523,0.09553206712007523,0.0
1338,1362,经济与管理学院,2021,292,289,3,1.0273972602739725,0.06944352388381958,0.06990626454353333,0.0004627406597137451
1339,1363,经济与管理学院,2021,292,292,0,0.0,0.09981009364128113,0.09981009364128113,0.0
1340,1364,经济与管理学院,2021,292,290,2,0.684931506849315,0.08700531721115112,0.087061807513237,5.6490302085876465e-05
1341,1365,经济与管理学院,2021,292,291,1,0.3424657534246575,0.10429347306489944,0.10392413288354874,-0.000369340181350708
1342,1366,经济与管理学院,2021,292,292,0,0.0,0.05542701482772827,0.05542701482772827,0.0
1343,1367,经济与管理学院,2021,292,291,1,0.3424657534246575,0.05726125091314316,0.05691850930452347,-0.00034274160861968994
1344,1368,经济与管理学院,2021,292,290,2,0.684931506849315,0.07583922892808914,0.07432249188423157,-0.0015167370438575745
1345,1369,经济与管理学院,2021,292,292,0,0.0,0.09568601101636887,0.09568601101636887,0.0
1346,1370,经济与管理学院,2021,292,292,0,0.0,0.07201940566301346,0.07201940566301346,0.0
1347,1371,经济与管理学院,2021,292,291,1,0.3424657534246575,0.11245068162679672,0.11180092394351959,-0.0006497576832771301
1348,1372,经济与管理学院,2021,292,292,0,0.0,0.10058675706386566,0.10058675706386566,0.0
1349,1373,经济与管理学院,2021,292,292,0,0.0,0.08045624941587448,0.08045624941587448,0.0
1350,1374,经济与管理学院,2021,292,292,0,0.0,0.10835649073123932,0.10835649073123932,0.0
1351,1375,经济与管理学院,2021,292,292,0,0.0,0.06110548600554466,0.06110548600554466,0.0
1352,1376,经济与管理学院,2021,292,292,0,0.0,0.10154861211776733,0.10154861211776733,0.0
1353,1377,经济与管理学院,2021,292,291,1,0.3424657534246575,0.1112714633345604,0.11184889078140259,0.0005774274468421936
1354,1378,经济与管理学院,2021,292,292,0,0.0,0.07534387707710266,0.07534387707710266,0.0
1355,1379,经济与管理学院,2021,292,292,0,0.0,0.060903534293174744,0.060903534293174744,0.0
1356,1380,经济与管理学院,2021,292,290,2,0.684931506849315,0.03598732501268387,0.03563768416643143,-0.0003496408462524414
1357,1381,经济与管理学院,2021,292,292,0,0.0,0.07930979132652283,0.07930979132652283,0.0
1358,1382,经济与管理学院,2021,292,292,0,0.0,0.08043120056390762,0.08043120056390762,0.0
1359,1383,经济与管理学院,2021,292,275,17,5.821917808219178,0.034988757222890854,0.035480789840221405,0.0004920326173305511
1360,1384,经济与管理学院,2021,292,292,0,0.0,0.08917047828435898,0.08917047828435898,0.0
1361,1385,经济与管理学院,2021,292,291,1,0.3424657534246575,0.055925656110048294,0.05524255707859993,-0.0006830990314483643
1362,1386,经济与管理学院,2021,292,291,1,0.3424657534246575,0.03560083359479904,0.035898786038160324,0.00029795244336128235
1363,1387,法学院,2021,55,55,0,0.0,0.0038433419540524483,0.0038433419540524483,0.0
1364,1388,法学院,2021,55,55,0,0.0,0.07292880862951279,0.07292880862951279,0.0
1365,1389,法学院,2021,55,51,4,7.2727272727272725,0.02998151071369648,0.03128596767783165,0.00130445696413517
1366,1390,法学院,2021,55,55,0,0.0,0.03575550764799118,0.03575550764799118,0.0
1367,1391,法学院,2021,55,55,0,0.0,-0.03826979175209999,-0.03826979175209999,0.0
1368,1392,法学院,2021,55,55,0,0.0,0.057584915310144424,0.057584915310144424,0.0
1369,1393,法学院,2021,55,55,0,0.0,0.04237131029367447,0.04237131029367447,0.0
1370,1394,法学院,2021,55,55,0,0.0,0.045341819524765015,0.045341819524765015,0.0
1371,1395,法学院,2021,55,55,0,0.0,0.013957750052213669,0.013957750052213669,0.0
1372,1396,法学院,2021,55,55,0,0.0,0.03627081960439682,0.03627081960439682,0.0
1373,1397,法学院,2021,55,55,0,0.0,0.014926353469491005,0.014926353469491005,0.0
1374,1398,法学院,2021,55,55,0,0.0,0.07544370740652084,0.07544370740652084,0.0
1375,1399,法学院,2021,55,55,0,0.0,0.0875268206000328,0.0875268206000328,0.0
1376,1400,法学院,2021,55,55,0,0.0,0.031910546123981476,0.031910546123981476,0.0
1377,1401,法学院,2021,55,55,0,0.0,0.01623918116092682,0.01623918116092682,0.0
1378,1402,法学院,2021,55,55,0,0.0,0.03015296533703804,0.03015296533703804,0.0
1379,1403,法学院,2021,55,54,1,1.8181818181818181,0.07578457146883011,0.07501465827226639,-0.0007699131965637207
1380,1404,法学院,2021,55,37,18,32.72727272727273,0.03668108582496643,0.03296232223510742,-0.003718763589859009
1381,1405,法学院,2021,55,54,1,1.8181818181818181,-0.008099132217466831,-0.00897513423115015,-0.0008760020136833191
1382,1406,法学院,2021,55,37,18,32.72727272727273,-0.05436594784259796,-0.06008526310324669,-0.005719315260648727
1383,1407,法学院,2021,55,55,0,0.0,0.07521562278270721,0.07521562278270721,0.0
1384,1408,法学院,2021,55,55,0,0.0,0.024943044409155846,0.024943044409155846,0.0
1385,1409,法学院,2021,55,55,0,0.0,0.0203899834305048,0.0203899834305048,0.0
1386,1410,法学院,2021,55,53,2,3.6363636363636362,0.09260694682598114,0.08983097225427628,-0.0027759745717048645
1387,1411,法学院,2021,55,55,0,0.0,0.004488296341150999,0.004488296341150999,0.0
1388,1412,文学院,2021,64,64,0,0.0,-0.061588823795318604,-0.061588823795318604,0.0
1389,1413,文学院,2021,64,64,0,0.0,0.00908447802066803,0.00908447802066803,0.0
1390,1414,文学院,2021,64,64,0,0.0,0.012632261961698532,0.012632261961698532,0.0
1391,1415,文学院,2021,64,63,1,1.5625,0.019044628366827965,0.018962791189551353,-8.183717727661133e-05
1392,1416,文学院,2021,64,64,0,0.0,0.02910720184445381,0.02910720184445381,0.0
1393,1417,文学院,2021,64,64,0,0.0,0.048415981233119965,0.048415981233119965,0.0
1394,1418,文学院,2021,64,64,0,0.0,0.021282432600855827,0.021282432600855827,0.0
1395,1419,文学院,2021,64,64,0,0.0,0.07046252489089966,0.07046252489089966,0.0
1396,1420,文学院,2021,64,64,0,0.0,0.059856779873371124,0.059856779873371124,0.0
1397,1421,文学院,2021,64,64,0,0.0,0.030685674399137497,0.030685674399137497,0.0
1398,1422,文学院,2021,64,63,1,1.5625,0.051218826323747635,0.05034485086798668,-0.0008739754557609558
1399,1423,文学院,2021,64,64,0,0.0,0.034993525594472885,0.034993525594472885,0.0
1400,1424,文学院,2021,64,64,0,0.0,0.023741699755191803,0.023741699755191803,0.0
1401,1425,文学院,2021,64,64,0,0.0,0.0018052319064736366,0.0018052319064736366,0.0
1402,1426,文学院,2021,64,63,1,1.5625,0.007602402474731207,0.0068165697157382965,-0.0007858327589929104
1403,1427,文学院,2021,64,64,0,0.0,0.03596702590584755,0.03596702590584755,0.0
1404,1428,文学院,2021,64,64,0,0.0,0.05119357258081436,0.05119357258081436,0.0
1405,1429,文学院,2021,64,64,0,0.0,0.06863193958997726,0.06863193958997726,0.0
1406,1430,文学院,2021,64,64,0,0.0,0.058665890246629715,0.058665890246629715,0.0
1407,1431,文学院,2021,64,64,0,0.0,0.02465762197971344,0.02465762197971344,0.0
1408,1432,文学院,2021,64,59,5,7.8125,0.06997096538543701,0.07365357875823975,0.0036826133728027344
1409,1433,文学院,2021,64,64,0,0.0,0.026570290327072144,0.026570290327072144,0.0
1410,1434,文学院,2021,64,64,0,0.0,-0.03786211833357811,-0.03786211833357811,0.0
1411,1435,历史学院,2021,14,14,0,0.0,0.019327698275446892,0.019327698275446892,0.0
1412,1436,历史学院,2021,14,14,0,0.0,-0.012473834678530693,-0.012473834678530693,0.0
1413,1437,历史学院,2021,14,12,2,14.285714285714285,-0.040562815964221954,-0.04849598929286003,-0.007933173328638077
1414,1438,历史学院,2021,14,14,0,0.0,0.06852521002292633,0.06852521002292633,0.0
1415,1439,哲学学院,2021,56,56,0,0.0,0.045214418321847916,0.045214418321847916,0.0
1416,1440,哲学学院,2021,56,56,0,0.0,0.02502351440489292,0.02502351440489292,0.0
1417,1441,哲学学院,2021,56,56,0,0.0,0.06711803376674652,0.06711803376674652,0.0
1418,1442,哲学学院,2021,56,56,0,0.0,0.0158978421241045,0.0158978421241045,0.0
1419,1443,哲学学院,2021,56,56,0,0.0,0.05107678845524788,0.05107678845524788,0.0
1420,1444,哲学学院,2021,56,51,5,8.928571428571429,0.0064287637360394,0.004866603761911392,-0.0015621599741280079
1421,1445,哲学学院,2021,56,51,5,8.928571428571429,0.10916701704263687,0.10159053653478622,-0.007576480507850647
1422,1446,哲学学院,2021,56,52,4,7.142857142857142,0.03360459953546524,0.03282582387328148,-0.0007787756621837616
1423,1447,哲学学院,2021,56,56,0,0.0,0.04391024634242058,0.04391024634242058,0.0
1424,1448,哲学学院,2021,56,55,1,1.7857142857142856,0.10067273676395416,0.09800305217504501,-0.002669684588909149
1425,1449,哲学学院,2021,56,56,0,0.0,0.023773031309247017,0.023773031309247017,0.0
1426,1450,哲学学院,2021,56,56,0,0.0,-0.010664219968020916,-0.010664219968020916,0.0
1427,1451,艺术学院,2021,22,15,7,31.818181818181817,-0.021203579381108284,-0.015204041264951229,0.005999538116157055
1428,1452,艺术学院,2021,22,20,2,9.090909090909092,0.04017912968993187,0.03522653132677078,-0.004952598363161087
1429,1453,艺术学院,2021,22,22,0,0.0,0.001420824322849512,0.001420824322849512,0.0
1430,1454,艺术学院,2021,22,22,0,0.0,-0.002264906419441104,-0.002264906419441104,0.0
1431,1455,政治与公共管理学院,2021,27,27,0,0.0,0.054534461349248886,0.054534461349248886,0.0
1432,1456,政治与公共管理学院,2021,27,22,5,18.51851851851852,0.13832129538059235,0.12236838042736053,-0.01595291495323181
1433,1457,政治与公共管理学院,2021,27,23,4,14.814814814814813,0.09172756224870682,0.09965427219867706,0.007926709949970245
1434,1458,政治与公共管理学院,2021,27,27,0,0.0,0.09015688300132751,0.09015688300132751,0.0
1435,1459,政治与公共管理学院,2021,27,26,1,3.7037037037037033,0.028715386986732483,0.02277085930109024,-0.005944527685642242
1436,1460,政治与公共管理学院,2021,27,24,3,11.11111111111111,0.07895325124263763,0.07245858758687973,-0.006494663655757904
1437,1461,政治与公共管理学院,2021,27,27,0,0.0,0.13892507553100586,0.13892507553100586,0.0
1438,1462,政治与公共管理学院,2021,27,24,3,11.11111111111111,0.09580478817224503,0.0922444686293602,-0.0035603195428848267
1439,1463,政治与公共管理学院,2021,27,26,1,3.7037037037037033,0.0779063031077385,0.07603717595338821,-0.0018691271543502808
1440,1464,政治与公共管理学院,2021,27,26,1,3.7037037037037033,0.11822538077831268,0.100779227912426,-0.017446152865886688
1441,1465,政治与公共管理学院,2021,27,27,0,0.0,0.015176261775195599,0.015176261775195599,0.0
1442,1466,政治与公共管理学院,2021,27,26,1,3.7037037037037033,0.13893985748291016,0.13166444003582,-0.007275417447090149
1443,1467,政治与公共管理学院,2021,27,27,0,0.0,-3.1879102607490495e-05,-3.1879102607490495e-05,0.0
1444,1468,马克思主义学院,2021,6,6,0,0.0,0.012421924620866776,0.012421924620866776,0.0
1445,1469,马克思主义学院,2021,6,6,0,0.0,-0.07784457504749298,-0.07784457504749298,0.0
1446,1470,马克思主义学院,2021,6,6,0,0.0,-0.02334238775074482,-0.02334238775074482,0.0
1447,1471,马克思主义学院,2021,6,6,0,0.0,-0.023019203916192055,-0.023019203916192055,0.0
1448,1472,马克思主义学院,2021,6,6,0,0.0,-0.002391201676800847,-0.002391201676800847,0.0
1449,1473,马克思主义学院,2021,6,6,0,0.0,-0.020621495321393013,-0.020621495321393013,0.0
1450,1474,马克思主义学院,2021,6,6,0,0.0,-0.0002747202815953642,-0.0002747202815953642,0.0
1451,1475,物理科学与技术学院,2021,82,81,1,1.2195121951219512,0.19075612723827362,0.18915170431137085,-0.001604422926902771
1452,1476,物理科学与技术学院,2021,82,69,13,15.853658536585366,0.28918400406837463,0.2647955119609833,-0.024388492107391357
1453,1477,物理科学与技术学院,2021,82,80,2,2.4390243902439024,0.2482806146144867,0.2455526888370514,-0.0027279257774353027
1454,1478,物理科学与技术学院,2021,82,80,2,2.4390243902439024,0.2966998815536499,0.2952267527580261,-0.0014731287956237793
1455,1479,物理科学与技术学院,2021,82,82,0,0.0,0.20907928049564362,0.20907928049564362,0.0
1456,1480,化学与分子科学学院,2021,288,273,15,5.208333333333334,0.33293116092681885,0.3350786566734314,0.002147495746612549
1457,1481,化学与分子科学学院,2021,288,288,0,0.0,0.33424612879753113,0.33424612879753113,0.0
1458,1482,化学与分子科学学院,2021,288,243,45,15.625,0.2212512493133545,0.18310073018074036,-0.038150519132614136
1459,1483,生命科学学院,2021,226,212,14,6.1946902654867255,0.18102696537971497,0.1769179254770279,-0.004109039902687073
1460,1484,生命科学学院,2021,226,225,1,0.4424778761061947,0.17995473742485046,0.18022145330905914,0.0002667158842086792
1461,1485,生命科学学院,2021,226,226,0,0.0,0.21389414370059967,0.21389414370059967,0.0
1462,1486,生命科学学院,2021,226,223,3,1.3274336283185841,0.18648049235343933,0.183308407664299,-0.00317208468914032
1463,1487,生命科学学院,2021,226,218,8,3.5398230088495577,0.18216964602470398,0.17913293838500977,-0.003036707639694214
1464,1488,生命科学学院,2021,226,222,4,1.7699115044247788,0.2166738659143448,0.21456530690193176,-0.002108559012413025
1465,1489,生命科学学院,2021,226,224,2,0.8849557522123894,0.23610714077949524,0.23316679894924164,-0.002940341830253601
1466,1490,生命科学学院,2021,226,226,0,0.0,0.12691375613212585,0.12691375613212585,0.0
1467,1491,生命科学学院,2021,226,226,0,0.0,0.21676059067249298,0.21676059067249298,0.0
1468,1492,生命科学学院,2021,226,226,0,0.0,0.24537132680416107,0.24537132680416107,0.0
1469,1493,生命科学学院,2021,226,226,0,0.0,0.18042586743831635,0.18042586743831635,0.0
1470,1494,生命科学学院,2021,226,225,1,0.4424778761061947,0.1298873871564865,0.12942950427532196,-0.0004578828811645508
1471,1495,生命科学学院,2021,226,221,5,2.2123893805309733,0.21016792953014374,0.20015951991081238,-0.01000840961933136
1472,1496,生命科学学院,2021,226,221,5,2.2123893805309733,0.217271089553833,0.2073923498392105,-0.009878739714622498
1473,1497,生命科学学院,2021,226,217,9,3.982300884955752,0.21396248042583466,0.206806480884552,-0.007155999541282654
1474,1498,生命科学学院,2021,226,218,8,3.5398230088495577,0.1812002807855606,0.177419051527977,-0.003781229257583618
1475,1499,生命科学学院,2021,226,224,2,0.8849557522123894,0.20373177528381348,0.20091091096401215,-0.0028208643198013306
1476,1500,生命科学学院,2021,226,226,0,0.0,0.17002898454666138,0.17002898454666138,0.0
1477,1501,生命科学学院,2021,226,224,2,0.8849557522123894,0.10660773515701294,0.10534349828958511,-0.001264236867427826
1478,1502,资源与环境科学学院,2021,196,195,1,0.5102040816326531,0.24135085940361023,0.24157625436782837,0.00022539496421813965
1479,1503,资源与环境科学学院,2021,196,193,3,1.530612244897959,0.07701914012432098,0.07608753442764282,-0.0009316056966781616
1480,1504,资源与环境科学学院,2021,196,191,5,2.5510204081632653,0.07898452132940292,0.07689666748046875,-0.0020878538489341736
1481,1505,资源与环境科学学院,2021,196,191,5,2.5510204081632653,0.1308390200138092,0.12530359625816345,-0.005535423755645752
1482,1506,资源与环境科学学院,2021,196,196,0,0.0,0.2546444237232208,0.2546444237232208,0.0
1483,1507,资源与环境科学学院,2021,196,196,0,0.0,0.1751105636358261,0.1751105636358261,0.0
1484,1508,资源与环境科学学院,2021,196,193,3,1.530612244897959,0.1699931025505066,0.16656199097633362,-0.0034311115741729736
1485,1509,资源与环境科学学院,2021,196,196,0,0.0,0.1800224334001541,0.1800224334001541,0.0
1486,1510,资源与环境科学学院,2021,196,196,0,0.0,0.09620559215545654,0.09620559215545654,0.0
1487,1511,资源与环境科学学院,2021,196,191,5,2.5510204081632653,0.12450813502073288,0.122428297996521,-0.0020798370242118835
1488,1512,资源与环境科学学院,2021,196,187,9,4.591836734693878,0.14474347233772278,0.1313144713640213,-0.013429000973701477
1489,1513,资源与环境科学学院,2021,196,196,0,0.0,0.12124431133270264,0.12124431133270264,0.0
1490,1514,资源与环境科学学院,2021,196,191,5,2.5510204081632653,0.19703812897205353,0.19224846363067627,-0.004789665341377258
1491,1515,资源与环境科学学院,2021,196,194,2,1.0204081632653061,0.19327622652053833,0.1907956600189209,-0.0024805665016174316
1492,1516,资源与环境科学学院,2021,196,196,0,0.0,0.17829175293445587,0.17829175293445587,0.0
1493,1517,资源与环境科学学院,2021,196,196,0,0.0,0.16842125356197357,0.16842125356197357,0.0
1494,1518,资源与环境科学学院,2021,196,192,4,2.0408163265306123,0.1312054842710495,0.1294856071472168,-0.0017198771238327026
1495,1519,资源与环境科学学院,2021,196,196,0,0.0,0.147891104221344,0.147891104221344,0.0
1496,1520,资源与环境科学学院,2021,196,185,11,5.612244897959184,0.17989788949489594,0.1618323177099228,-0.018065571784973145
1497,1521,资源与环境科学学院,2021,196,196,0,0.0,0.22712606191635132,0.22712606191635132,0.0
1498,1522,资源与环境科学学院,2021,196,196,0,0.0,0.15201757848262787,0.15201757848262787,0.0
1499,1523,水利水电学院,2021,194,191,3,1.5463917525773196,0.20836517214775085,0.20311859250068665,-0.005246579647064209
1500,1524,水利水电学院,2021,194,194,0,0.0,0.21176600456237793,0.21176600456237793,0.0
1501,1525,水利水电学院,2021,194,194,0,0.0,0.10735924541950226,0.10735924541950226,0.0
1502,1526,水利水电学院,2021,194,194,0,0.0,0.1649688482284546,0.1649688482284546,0.0
1503,1527,水利水电学院,2021,194,193,1,0.5154639175257731,0.08760441094636917,0.08732108771800995,-0.0002833232283592224
1504,1528,水利水电学院,2021,194,194,0,0.0,0.15793946385383606,0.15793946385383606,0.0
1505,1529,水利水电学院,2021,194,194,0,0.0,0.10156285762786865,0.10156285762786865,0.0
1506,1530,水利水电学院,2021,194,194,0,0.0,0.2107335925102234,0.2107335925102234,0.0
1507,1531,水利水电学院,2021,194,193,1,0.5154639175257731,0.1046021357178688,0.10355733335018158,-0.0010448023676872253
1508,1532,电气与自动化学院,2021,153,153,0,0.0,0.176162987947464,0.176162987947464,0.0
1509,1533,电气与自动化学院,2021,153,152,1,0.6535947712418301,0.14890682697296143,0.14817439019680023,-0.0007324367761611938
1510,1534,电气与自动化学院,2021,153,149,4,2.6143790849673203,0.1775491088628769,0.1782388836145401,0.000689774751663208
1511,1535,电气与自动化学院,2021,153,149,4,2.6143790849673203,0.16961129009723663,0.16742829978466034,-0.002182990312576294
1512,1536,电气与自动化学院,2021,153,153,0,0.0,0.07519097626209259,0.07519097626209259,0.0
1513,1537,电气与自动化学院,2021,153,153,0,0.0,0.16185586154460907,0.16185586154460907,0.0
1514,1538,电气与自动化学院,2021,153,151,2,1.3071895424836601,0.16111837327480316,0.15588730573654175,-0.005231067538261414
1515,1539,电气与自动化学院,2021,153,151,2,1.3071895424836601,0.1706528216600418,0.16787534952163696,-0.002777472138404846
1516,1540,电气与自动化学院,2021,153,153,0,0.0,0.16418828070163727,0.16418828070163727,0.0
1517,1541,电气与自动化学院,2021,153,153,0,0.0,0.1921376734972,0.1921376734972,0.0
1518,1542,电气与自动化学院,2021,153,152,1,0.6535947712418301,0.15794560313224792,0.15737737715244293,-0.0005682259798049927
1519,1543,电气与自动化学院,2021,153,153,0,0.0,0.12232650816440582,0.12232650816440582,0.0
1520,1544,动力与机械学院,2021,178,178,0,0.0,0.16659772396087646,0.16659772396087646,0.0
1521,1545,动力与机械学院,2021,178,178,0,0.0,0.19412745535373688,0.19412745535373688,0.0
1522,1546,动力与机械学院,2021,178,178,0,0.0,0.1669897437095642,0.1669897437095642,0.0
1523,1547,动力与机械学院,2021,178,177,1,0.5617977528089888,0.17475423216819763,0.17439104616641998,-0.0003631860017776489
1524,1548,动力与机械学院,2021,178,177,1,0.5617977528089888,0.06562146544456482,0.06577418744564056,0.00015272200107574463
1525,1549,动力与机械学院,2021,178,166,12,6.741573033707865,0.17477171123027802,0.17687225341796875,0.002100542187690735
1526,1550,动力与机械学院,2021,178,167,11,6.179775280898876,0.21043406426906586,0.20316675305366516,-0.007267311215400696
1527,1551,动力与机械学院,2021,178,178,0,0.0,0.14022676646709442,0.14022676646709442,0.0
1528,1552,动力与机械学院,2021,178,166,12,6.741573033707865,0.13831035792827606,0.1297501176595688,-0.008560240268707275
1529,1553,动力与机械学院,2021,178,172,6,3.3707865168539324,0.1591411530971527,0.1592695266008377,0.00012837350368499756
1530,1554,动力与机械学院,2021,178,177,1,0.5617977528089888,0.09986922144889832,0.09990588575601578,3.666430711746216e-05
1531,1555,动力与机械学院,2021,178,178,0,0.0,0.10309965908527374,0.10309965908527374,0.0
1532,1556,动力与机械学院,2021,178,178,0,0.0,0.09580809623003006,0.09580809623003006,0.0
1533,1557,城市设计学院,2021,75,75,0,0.0,0.1317591518163681,0.1317591518163681,0.0
1534,1558,城市设计学院,2021,75,75,0,0.0,0.06739455461502075,0.06739455461502075,0.0
1535,1559,城市设计学院,2021,75,75,0,0.0,0.08344950526952744,0.08344950526952744,0.0
1536,1560,城市设计学院,2021,75,74,1,1.3333333333333335,0.15947572886943817,0.15634897351264954,-0.0031267553567886353
1537,1561,城市设计学院,2021,75,73,2,2.666666666666667,0.14068128168582916,0.13672704994678497,-0.0039542317390441895
1538,1562,城市设计学院,2021,75,75,0,0.0,0.1530296504497528,0.1530296504497528,0.0
1539,1563,城市设计学院,2021,75,55,20,26.666666666666668,0.10144154727458954,0.12311453372240067,0.021672986447811127
1540,1564,城市设计学院,2021,75,73,2,2.666666666666667,0.11336927860975266,0.11179538816213608,-0.0015738904476165771
1541,1565,城市设计学院,2021,75,74,1,1.3333333333333335,0.13503240048885345,0.13432881236076355,-0.0007035881280899048
1542,1566,城市设计学院,2021,75,75,0,0.0,0.10682550072669983,0.10682550072669983,0.0
1543,1567,城市设计学院,2021,75,75,0,0.0,0.09648644924163818,0.09648644924163818,0.0
1544,1568,土木建筑工程学院,2021,156,154,2,1.282051282051282,0.1670943945646286,0.16315096616744995,-0.00394342839717865
1545,1569,土木建筑工程学院,2021,156,145,11,7.051282051282051,0.2350759506225586,0.23935166001319885,0.004275709390640259
1546,1570,土木建筑工程学院,2021,156,153,3,1.9230769230769231,0.20313899219036102,0.19640226662158966,-0.006736725568771362
1547,1571,土木建筑工程学院,2021,156,147,9,5.769230769230769,0.15468227863311768,0.13497109711170197,-0.01971118152141571
1548,1572,土木建筑工程学院,2021,156,147,9,5.769230769230769,0.19310986995697021,0.1841658502817154,-0.008944019675254822
1549,1573,土木建筑工程学院,2021,156,144,12,7.6923076923076925,0.1801804155111313,0.1650334745645523,-0.01514694094657898
1550,1574,土木建筑工程学院,2021,156,144,12,7.6923076923076925,0.18336819112300873,0.16838151216506958,-0.014986678957939148
1551,1575,土木建筑工程学院,2021,156,155,1,0.641025641025641,0.1896793693304062,0.18796266615390778,-0.001716703176498413
1552,1576,土木建筑工程学院,2021,156,150,6,3.8461538461538463,0.11703882366418839,0.10583323240280151,-0.011205591261386871
1553,1577,土木建筑工程学院,2021,156,155,1,0.641025641025641,0.10459814220666885,0.10421839356422424,-0.0003797486424446106
1554,1578,计算机学院,2021,100,99,1,1.0,0.08187191933393478,0.08263827115297318,0.0007663518190383911
1555,1579,计算机学院,2021,100,98,2,2.0,0.06284404546022415,0.060180094093084335,-0.0026639513671398163
1556,1580,计算机学院,2021,100,100,0,0.0,0.12104609608650208,0.12104609608650208,0.0
1557,1581,计算机学院,2021,100,99,1,1.0,0.1506110429763794,0.14904826879501343,-0.0015627741813659668
1558,1582,计算机学院,2021,100,100,0,0.0,0.05461304262280464,0.05461304262280464,0.0
1559,1583,计算机学院,2021,100,99,1,1.0,0.12799280881881714,0.1292961835861206,0.0013033747673034668
1560,1584,计算机学院,2021,100,100,0,0.0,0.191573828458786,0.191573828458786,0.0
1561,1585,计算机学院,2021,100,100,0,0.0,0.15694670379161835,0.15694670379161835,0.0
1562,1586,计算机学院,2021,100,100,0,0.0,0.1978742629289627,0.1978742629289627,0.0
1563,1587,计算机学院,2021,100,96,4,4.0,0.14031273126602173,0.14456798136234283,0.004255250096321106
1564,1588,计算机学院,2021,100,100,0,0.0,0.11770173907279968,0.11770173907279968,0.0
1565,1589,计算机学院,2021,100,93,7,7.000000000000001,0.16046454012393951,0.1731378436088562,0.012673303484916687
1566,1590,计算机学院,2021,100,94,6,6.0,0.21320481598377228,0.20683369040489197,-0.00637112557888031
1567,1591,计算机学院,2021,100,100,0,0.0,0.1351582556962967,0.1351582556962967,0.0
1568,1592,计算机学院,2021,100,100,0,0.0,0.13815675675868988,0.13815675675868988,0.0
1569,1593,计算机学院,2021,100,98,2,2.0,0.1847182810306549,0.18588204681873322,0.001163765788078308
1570,1594,计算机学院,2021,100,100,0,0.0,0.1215929314494133,0.1215929314494133,0.0
1571,1595,计算机学院,2021,100,100,0,0.0,0.14891082048416138,0.14891082048416138,0.0
1572,1596,计算机学院,2021,100,100,0,0.0,0.18600349128246307,0.18600349128246307,0.0
1573,1597,计算机学院,2021,100,100,0,0.0,0.16364353895187378,0.16364353895187378,0.0
1574,1598,计算机学院,2021,100,95,5,5.0,0.17021670937538147,0.1688920110464096,-0.0013246983289718628
1575,1599,计算机学院,2021,100,97,3,3.0,0.18520279228687286,0.17993663251399994,-0.005266159772872925
1576,1600,计算机学院,2021,100,100,0,0.0,0.07678132504224777,0.07678132504224777,0.0
1577,1601,计算机学院,2021,100,100,0,0.0,0.09639095515012741,0.09639095515012741,0.0
1578,1602,计算机学院,2021,100,100,0,0.0,0.1590086817741394,0.1590086817741394,0.0
1579,1603,计算机学院,2021,100,100,0,0.0,0.16159282624721527,0.16159282624721527,0.0
1580,1604,计算机学院,2021,100,100,0,0.0,0.17379364371299744,0.17379364371299744,0.0
1581,1605,计算机学院,2021,100,100,0,0.0,0.15311875939369202,0.15311875939369202,0.0
1582,1606,计算机学院,2021,100,100,0,0.0,0.08233775198459625,0.08233775198459625,0.0
1583,1607,计算机学院,2021,100,100,0,0.0,0.10008109360933304,0.10008109360933304,0.0
1584,1608,计算机学院,2021,100,97,3,3.0,0.07047730684280396,0.07135679572820663,0.0008794888854026794
1585,1609,计算机学院,2021,100,100,0,0.0,0.12133656442165375,0.12133656442165375,0.0
1586,1610,计算机学院,2021,100,100,0,0.0,0.14806503057479858,0.14806503057479858,0.0
1587,1611,计算机学院,2021,100,100,0,0.0,0.15734893083572388,0.15734893083572388,0.0
1588,1612,计算机学院,2021,100,100,0,0.0,0.021111460402607918,0.021111460402607918,0.0
1589,1613,计算机学院,2021,100,99,1,1.0,0.19018511474132538,0.1891964226961136,-0.000988692045211792
1590,1614,计算机学院,2021,100,100,0,0.0,0.06646594405174255,0.06646594405174255,0.0
1591,1615,计算机学院,2021,100,100,0,0.0,0.11917079985141754,0.11917079985141754,0.0
1592,1616,计算机学院,2021,100,99,1,1.0,0.10801539570093155,0.10663015395402908,-0.0013852417469024658
1593,1617,电子信息学院,2021,138,135,3,2.1739130434782608,0.1641787439584732,0.16077838838100433,-0.003400355577468872
1594,1618,电子信息学院,2021,138,136,2,1.4492753623188406,0.16488637030124664,0.16449499130249023,-0.0003913789987564087
1595,1619,电子信息学院,2021,138,138,0,0.0,0.13293619453907013,0.13293619453907013,0.0
1596,1620,电子信息学院,2021,138,138,0,0.0,0.09171652048826218,0.09171652048826218,0.0
1597,1621,电子信息学院,2021,138,131,7,5.072463768115942,0.10664284229278564,0.10825368016958237,0.0016108378767967224
1598,1622,电子信息学院,2021,138,135,3,2.1739130434782608,0.1619459092617035,0.15906965732574463,-0.0028762519359588623
1599,1623,电子信息学院,2021,138,138,0,0.0,0.11637391895055771,0.11637391895055771,0.0
1600,1624,电子信息学院,2021,138,138,0,0.0,0.07941937446594238,0.07941937446594238,0.0
1601,1625,电子信息学院,2021,138,138,0,0.0,0.13841794431209564,0.13841794431209564,0.0
1602,1626,电子信息学院,2021,138,138,0,0.0,0.0792822614312172,0.0792822614312172,0.0
1603,1627,电子信息学院,2021,138,138,0,0.0,0.09404489398002625,0.09404489398002625,0.0
1604,1628,电子信息学院,2021,138,138,0,0.0,0.1536048948764801,0.1536048948764801,0.0
1605,1629,电子信息学院,2021,138,138,0,0.0,0.09044533967971802,0.09044533967971802,0.0
1606,1630,电子信息学院,2021,138,135,3,2.1739130434782608,0.11027446389198303,0.10566432774066925,-0.004610136151313782
1607,1631,电子信息学院,2021,138,136,2,1.4492753623188406,0.0976795107126236,0.09963555634021759,0.001956045627593994
1608,1632,电子信息学院,2021,138,137,1,0.7246376811594203,0.19679196178913116,0.19505444169044495,-0.0017375200986862183
1609,1633,电子信息学院,2021,138,137,1,0.7246376811594203,0.13735878467559814,0.13405153155326843,-0.003307253122329712
1610,1634,电子信息学院,2021,138,133,5,3.6231884057971016,0.09872161597013474,0.09661685675382614,-0.0021047592163085938
1611,1635,电子信息学院,2021,138,138,0,0.0,0.11281338334083557,0.11281338334083557,0.0
1612,1636,电子信息学院,2021,138,137,1,0.7246376811594203,0.10927081108093262,0.1105397492647171,0.0012689381837844849
1613,1637,电子信息学院,2021,138,138,0,0.0,0.14370326697826385,0.14370326697826385,0.0
1614,1638,电子信息学院,2021,138,138,0,0.0,0.05657804757356644,0.05657804757356644,0.0
1615,1639,电子信息学院,2021,138,126,12,8.695652173913043,0.12532968819141388,0.11856143176555634,-0.006768256425857544
1616,1640,电子信息学院,2021,138,138,0,0.0,0.07947097718715668,0.07947097718715668,0.0
1617,1641,电子信息学院,2021,138,134,4,2.898550724637681,0.10156682878732681,0.09967239201068878,-0.001894436776638031
1618,1642,电子信息学院,2021,138,134,4,2.898550724637681,0.07416380941867828,0.07215273380279541,-0.0020110756158828735
1619,1643,电子信息学院,2021,138,135,3,2.1739130434782608,0.1557006537914276,0.14938154816627502,-0.006319105625152588
1620,1644,电子信息学院,2021,138,138,0,0.0,0.11673454940319061,0.11673454940319061,0.0
1621,1645,电子信息学院,2021,138,138,0,0.0,0.11389949917793274,0.11389949917793274,0.0
1622,1646,电子信息学院,2021,138,138,0,0.0,0.14773425459861755,0.14773425459861755,0.0
1623,1647,电子信息学院,2021,138,124,14,10.144927536231885,0.12820295989513397,0.13349506258964539,0.005292102694511414
1624,1648,电子信息学院,2021,138,124,14,10.144927536231885,0.15515968203544617,0.1649511158466339,0.009791433811187744
1625,1649,电子信息学院,2021,138,137,1,0.7246376811594203,0.13109995424747467,0.13050025701522827,-0.0005996972322463989
1626,1650,电子信息学院,2021,138,138,0,0.0,0.12864680588245392,0.12864680588245392,0.0
1627,1651,电子信息学院,2021,138,137,1,0.7246376811594203,0.15845051407814026,0.15952618420124054,0.0010756701231002808
1628,1652,电子信息学院,2021,138,137,1,0.7246376811594203,0.09407279640436172,0.09347895532846451,-0.0005938410758972168
1629,1653,遥感信息工程学院,2021,132,124,8,6.0606060606060606,0.26478883624076843,0.26198840141296387,-0.0028004348278045654
1630,1654,遥感信息工程学院,2021,132,129,3,2.272727272727273,0.264385461807251,0.26018261909484863,-0.004202842712402344
1631,1655,遥感信息工程学院,2021,132,130,2,1.5151515151515151,0.18940679728984833,0.19028882682323456,0.0008820295333862305
1632,1656,遥感信息工程学院,2021,132,132,0,0.0,0.251660019159317,0.251660019159317,0.0
1633,1657,遥感信息工程学院,2021,132,131,1,0.7575757575757576,0.20372708141803741,0.20212027430534363,-0.0016068071126937866
1634,1658,遥感信息工程学院,2021,132,131,1,0.7575757575757576,0.2683212459087372,0.2691848874092102,0.0008636415004730225
1635,1659,遥感信息工程学院,2021,132,115,17,12.878787878787879,0.24221710860729218,0.23387156426906586,-0.008345544338226318
1636,1660,遥感信息工程学院,2021,132,132,0,0.0,0.18124277889728546,0.18124277889728546,0.0
1637,1661,遥感信息工程学院,2021,132,130,2,1.5151515151515151,0.24049125611782074,0.24141418933868408,0.0009229332208633423
1638,1662,遥感信息工程学院,2021,132,128,4,3.0303030303030303,0.2058219611644745,0.20281802117824554,-0.003003939986228943
1639,1663,遥感信息工程学院,2021,132,128,4,3.0303030303030303,0.11157405376434326,0.11544374376535416,0.0038696900010108948
1640,1664,遥感信息工程学院,2021,132,132,0,0.0,0.11928059905767441,0.11928059905767441,0.0
1641,1665,遥感信息工程学院,2021,132,132,0,0.0,0.2389262169599533,0.2389262169599533,0.0
1642,1666,遥感信息工程学院,2021,132,119,13,9.848484848484848,0.060026247054338455,0.0636632964015007,0.0036370493471622467
1643,1667,测绘学院,2021,208,208,0,0.0,0.17856407165527344,0.17856407165527344,0.0
1644,1668,测绘学院,2021,208,208,0,0.0,0.15643978118896484,0.15643978118896484,0.0
1645,1669,测绘学院,2021,208,204,4,1.9230769230769231,0.24005365371704102,0.23976139724254608,-0.0002922564744949341
1646,1670,测绘学院,2021,208,208,0,0.0,0.23202195763587952,0.23202195763587952,0.0
1647,1671,测绘学院,2021,208,197,11,5.288461538461538,0.23481494188308716,0.2335870862007141,-0.0012278556823730469
1648,1672,测绘学院,2021,208,206,2,0.9615384615384616,0.17109352350234985,0.1715446412563324,0.00045111775398254395
1649,1673,测绘学院,2021,208,203,5,2.403846153846154,0.16700036823749542,0.16616857051849365,-0.00083179771900177
1650,1674,测绘学院,2021,208,208,0,0.0,0.23287509381771088,0.23287509381771088,0.0
1651,1675,测绘学院,2021,208,194,14,6.730769230769231,0.047254860401153564,0.05031900480389595,0.003064144402742386
1652,1676,测绘学院,2021,208,208,0,0.0,0.17300525307655334,0.17300525307655334,0.0
1653,1677,测绘学院,2021,208,206,2,0.9615384615384616,0.19518150389194489,0.19358518719673157,-0.0015963166952133179
1654,1678,测绘学院,2021,208,208,0,0.0,0.2710420489311218,0.2710420489311218,0.0
1655,1679,测绘学院,2021,208,208,0,0.0,0.18181158602237701,0.18181158602237701,0.0
1656,1680,测绘学院,2021,208,207,1,0.4807692307692308,0.18624155223369598,0.18477380275726318,-0.0014677494764328003
1657,1681,测绘学院,2021,208,185,23,11.057692307692307,0.21409323811531067,0.20960284769535065,-0.004490390419960022
1658,1682,测绘学院,2021,208,194,14,6.730769230769231,0.14702993631362915,0.14633989334106445,-0.0006900429725646973
1659,1683,测绘学院,2021,208,183,25,12.01923076923077,0.2405027598142624,0.22263288497924805,-0.017869874835014343
1660,1684,测绘学院,2021,208,208,0,0.0,0.20165060460567474,0.20165060460567474,0.0
1661,1685,测绘学院,2021,208,208,0,0.0,0.20356860756874084,0.20356860756874084,0.0
1662,1686,测绘学院,2021,208,208,0,0.0,0.25728708505630493,0.25728708505630493,0.0
1663,1687,测绘学院,2021,208,206,2,0.9615384615384616,0.20599773526191711,0.20588599145412445,-0.00011174380779266357
1664,1688,测绘学院,2021,208,208,0,0.0,0.10033431649208069,0.10033431649208069,0.0
1665,1689,测绘学院,2021,208,205,3,1.4423076923076923,0.16010576486587524,0.1567646712064743,-0.00334109365940094
1666,1690,测绘学院,2021,208,207,1,0.4807692307692308,0.2552943527698517,0.2538113296031952,-0.0014830231666564941
1667,1691,测绘学院,2021,208,206,2,0.9615384615384616,0.2144644409418106,0.2102407068014145,-0.004223734140396118
1668,1692,测绘学院,2021,208,208,0,0.0,0.20369233191013336,0.20369233191013336,0.0
1669,1693,测绘学院,2021,208,183,25,12.01923076923077,0.18506453931331635,0.16973327100276947,-0.015331268310546875
1670,1694,测绘学院,2021,208,200,8,3.8461538461538463,0.21352536976337433,0.21245205402374268,-0.0010733157396316528
1671,1695,测绘学院,2021,208,208,0,0.0,0.14546966552734375,0.14546966552734375,0.0
1672,1696,测绘学院,2021,208,206,2,0.9615384615384616,0.178156778216362,0.17769503593444824,-0.0004617422819137573
1673,1697,测绘学院,2021,208,208,0,0.0,0.22171694040298462,0.22171694040298462,0.0
1674,1698,测绘学院,2021,208,208,0,0.0,0.23824971914291382,0.23824971914291382,0.0
1675,1699,测绘学院,2021,208,205,3,1.4423076923076923,0.17694292962551117,0.17373552918434143,-0.0032074004411697388
1676,1700,测绘学院,2021,208,190,18,8.653846153846153,0.14767016470432281,0.13392165303230286,-0.013748511672019958
1677,1701,印刷与包装系,2021,24,21,3,12.5,0.18809451162815094,0.1701016128063202,-0.01799289882183075
1678,1702,印刷与包装系,2021,24,24,0,0.0,0.1437000036239624,0.1437000036239624,0.0
1679,1703,印刷与包装系,2021,24,24,0,0.0,0.1560213714838028,0.1560213714838028,0.0
1680,1704,印刷与包装系,2021,24,19,5,20.833333333333336,0.17814785242080688,0.1775134652853012,-0.0006343871355056763
1681,1705,印刷与包装系,2021,24,24,0,0.0,0.16321530938148499,0.16321530938148499,0.0
1682,1706,印刷与包装系,2021,24,15,9,37.5,0.2543829679489136,0.24427610635757446,-0.010106861591339111
1683,1707,印刷与包装系,2021,24,13,11,45.83333333333333,0.28619930148124695,0.1995534598827362,-0.08664584159851074
1684,1708,印刷与包装系,2021,24,21,3,12.5,0.21820633113384247,0.19534674286842346,-0.022859588265419006
1685,1709,基础医学院,2021,150,131,19,12.666666666666668,0.20100103318691254,0.19963955879211426,-0.0013614743947982788
1686,1710,基础医学院,2021,150,148,2,1.3333333333333335,0.1930851936340332,0.19427266716957092,0.0011874735355377197
1687,1711,基础医学院,2021,150,142,8,5.333333333333334,0.2269064337015152,0.23143042623996735,0.0045239925384521484
1688,1712,基础医学院,2021,150,150,0,0.0,0.1621529757976532,0.1621529757976532,0.0
1689,1713,基础医学院,2021,150,149,1,0.6666666666666667,0.2011393904685974,0.2000959813594818,-0.0010434091091156006
1690,1714,基础医学院,2021,150,150,0,0.0,0.19010573625564575,0.19010573625564575,0.0
1691,1715,基础医学院,2021,150,150,0,0.0,0.19021618366241455,0.19021618366241455,0.0
1692,1716,基础医学院,2021,150,150,0,0.0,0.249368816614151,0.249368816614151,0.0
1693,1717,基础医学院,2021,150,150,0,0.0,0.23937904834747314,0.23937904834747314,0.0
1694,1718,基础医学院,2021,150,150,0,0.0,0.24850082397460938,0.24850082397460938,0.0
1695,1719,基础医学院,2021,150,144,6,4.0,0.22702687978744507,0.21940113604068756,-0.007625743746757507
1696,1720,基础医学院,2021,150,150,0,0.0,0.20141074061393738,0.20141074061393738,0.0
1697,1721,基础医学院,2021,150,148,2,1.3333333333333335,0.2498285472393036,0.2466508448123932,-0.0031777024269104004
1698,1722,基础医学院,2021,150,149,1,0.6666666666666667,0.2055673450231552,0.20544147491455078,-0.00012587010860443115
1699,1723,基础医学院,2021,150,150,0,0.0,0.21312743425369263,0.21312743425369263,0.0
1700,1724,第一临床学院,2021,377,376,1,0.2652519893899204,0.22228270769119263,0.22110047936439514,-0.0011822283267974854
1701,1725,第一临床学院,2021,377,374,3,0.7957559681697612,0.19440534710884094,0.19476351141929626,0.00035816431045532227
1702,1726,第一临床学院,2021,377,372,5,1.3262599469496021,0.1905086189508438,0.18794795870780945,-0.002560660243034363
1703,1727,第一临床学院,2021,377,365,12,3.183023872679045,0.23608317971229553,0.22965623438358307,-0.006426945328712463
1704,1728,第一临床学院,2021,377,377,0,0.0,0.12974175810813904,0.12974175810813904,0.0
1705,1729,第一临床学院,2021,377,373,4,1.0610079575596816,0.19374966621398926,0.19240519404411316,-0.0013444721698760986
1706,1730,第一临床学院,2021,377,370,7,1.8567639257294428,0.16378997266292572,0.16074375808238983,-0.0030462145805358887
1707,1731,第一临床学院,2021,377,356,21,5.570291777188329,0.12875959277153015,0.11294221132993698,-0.01581738144159317
1708,1732,第一临床学院,2021,377,376,1,0.2652519893899204,0.19832304120063782,0.1978234201669693,-0.0004996210336685181
1709,1733,第一临床学院,2021,377,371,6,1.5915119363395225,0.223609060049057,0.2225792557001114,-0.0010298043489456177
1710,1734,第一临床学院,2021,377,376,1,0.2652519893899204,0.24476459622383118,0.2446940839290619,-7.051229476928711e-05
1711,1735,第一临床学院,2021,377,375,2,0.5305039787798408,0.21122729778289795,0.2104625254869461,-0.0007647722959518433
1712,1736,第一临床学院,2021,377,377,0,0.0,0.1490725874900818,0.1490725874900818,0.0
1713,1737,第一临床学院,2021,377,373,4,1.0610079575596816,0.18515561521053314,0.1846482902765274,-0.0005073249340057373
1714,1738,第二临床学院,2021,340,339,1,0.29411764705882354,0.17706087231636047,0.17637908458709717,-0.0006817877292633057
1715,1739,第二临床学院,2021,340,334,6,1.7647058823529411,0.18658225238323212,0.1797158271074295,-0.006866425275802612
1716,1740,第二临床学院,2021,340,340,0,0.0,0.22017081081867218,0.22017081081867218,0.0
1717,1741,第二临床学院,2021,340,320,20,5.88235294117647,0.2109500914812088,0.20188410580158234,-0.009065985679626465
1718,1742,第二临床学院,2021,340,338,2,0.5882352941176471,0.19324848055839539,0.19270005822181702,-0.0005484223365783691
1719,1743,口腔医学院,2021,171,163,8,4.678362573099415,0.18199869990348816,0.18113751709461212,-0.0008611828088760376
1720,1744,口腔医学院,2021,171,167,4,2.3391812865497075,0.18681085109710693,0.1863947957754135,-0.0004160553216934204
1721,1745,口腔医学院,2021,171,171,0,0.0,0.16129980981349945,0.16129980981349945,0.0
1722,1746,口腔医学院,2021,171,171,0,0.0,0.12786425650119781,0.12786425650119781,0.0
1723,1747,口腔医学院,2021,171,169,2,1.1695906432748537,0.2084096223115921,0.2063470035791397,-0.0020626187324523926
1724,1748,口腔医学院,2021,171,171,0,0.0,0.18813157081604004,0.18813157081604004,0.0
1725,1749,口腔医学院,2021,171,170,1,0.5847953216374269,0.20156744122505188,0.2000722587108612,-0.0014951825141906738
1726,1750,口腔医学院,2021,171,151,20,11.695906432748536,0.15135207772254944,0.1485346555709839,-0.0028174221515655518
1727,1751,健康学院,2021,128,118,10,7.8125,0.20464608073234558,0.18292860686779022,-0.02171747386455536
1728,1752,健康学院,2021,128,128,0,0.0,0.1795106828212738,0.1795106828212738,0.0
1729,1753,健康学院,2021,128,126,2,1.5625,0.07814384996891022,0.0764458104968071,-0.001698039472103119
1730,1754,健康学院,2021,128,126,2,1.5625,0.0963013768196106,0.0943087711930275,-0.0019926056265830994
1731,1755,健康学院,2021,128,128,0,0.0,0.15320637822151184,0.15320637822151184,0.0
1732,1756,健康学院,2021,128,120,8,6.25,0.09233401715755463,0.0920167788863182,-0.0003172382712364197
1733,1757,健康学院,2021,128,127,1,0.78125,0.15989628434181213,0.158757746219635,-0.001138538122177124
1734,1758,健康学院,2021,128,125,3,2.34375,0.10276250541210175,0.10120086371898651,-0.0015616416931152344
1735,1759,健康学院,2021,128,92,36,28.125,0.14992055296897888,0.15043169260025024,0.0005111396312713623
1736,1760,健康学院,2021,128,125,3,2.34375,0.10894177854061127,0.10629096627235413,-0.002650812268257141
1737,1761,健康学院,2021,128,128,0,0.0,0.14829711616039276,0.14829711616039276,0.0
1738,1762,健康学院,2021,128,125,3,2.34375,0.10006442666053772,0.09341626614332199,-0.006648160517215729
1739,1763,健康学院,2021,128,124,4,3.125,0.15123721957206726,0.14561884105205536,-0.005618378520011902
1740,1764,健康学院,2021,128,118,10,7.8125,0.2130422294139862,0.19633127748966217,-0.016710951924324036
1741,1765,健康学院,2021,128,126,2,1.5625,0.19960592687129974,0.19592443108558655,-0.003681495785713196
1742,1766,健康学院,2021,128,128,0,0.0,0.17588616907596588,0.17588616907596588,0.0
1743,1767,健康学院,2021,128,126,2,1.5625,0.19746659696102142,0.1944187879562378,-0.0030478090047836304
1744,1768,健康学院,2021,128,128,0,0.0,0.12887543439865112,0.12887543439865112,0.0
1745,1769,健康学院,2021,128,128,0,0.0,0.11614548414945602,0.11614548414945602,0.0
1746,1770,健康学院,2021,128,128,0,0.0,0.10748215019702911,0.10748215019702911,0.0
1747,1771,药学院,2021,65,63,2,3.076923076923077,0.24048325419425964,0.2319311946630478,-0.008552059531211853
1748,1772,药学院,2021,65,64,1,1.5384615384615385,0.22715674340724945,0.22437205910682678,-0.0027846843004226685
1749,1773,药学院,2021,65,57,8,12.307692307692308,0.18118509650230408,0.17162777483463287,-0.009557321667671204
1750,1774,药学院,2021,65,64,1,1.5384615384615385,0.2194700688123703,0.2206331491470337,0.0011630803346633911
1751,1775,药学院,2021,65,57,8,12.307692307692308,0.1417849212884903,0.1455824375152588,0.0037975162267684937
1752,1776,药学院,2021,65,57,8,12.307692307692308,0.23677535355091095,0.21842414140701294,-0.01835121214389801
1753,1779,测绘遥感信息工程国家重点实验室,2021,259,259,0,0.0,0.27655330300331116,0.27655330300331116,0.0
1754,1780,测绘遥感信息工程国家重点实验室,2021,259,255,4,1.5444015444015444,0.17552800476551056,0.17643678188323975,0.000908777117729187
1755,1781,测绘遥感信息工程国家重点实验室,2021,259,259,0,0.0,0.25155875086784363,0.25155875086784363,0.0
1756,1782,测绘遥感信息工程国家重点实验室,2021,259,235,24,9.266409266409266,0.2153458446264267,0.20895352959632874,-0.006392315030097961
1757,1783,测绘遥感信息工程国家重点实验室,2021,259,255,4,1.5444015444015444,0.21177281439304352,0.21103976666927338,-0.0007330477237701416
1758,1784,测绘遥感信息工程国家重点实验室,2021,259,253,6,2.3166023166023164,0.13818064332008362,0.13296779990196228,-0.005212843418121338
1759,1785,测绘遥感信息工程国家重点实验室,2021,259,252,7,2.7027027027027026,0.194329172372818,0.197208970785141,0.002879798412322998
1760,1786,测绘遥感信息工程国家重点实验室,2021,259,255,4,1.5444015444015444,0.14446040987968445,0.14304324984550476,-0.0014171600341796875
1761,1787,国家网络安全学院,2021,61,60,1,1.639344262295082,0.19558964669704437,0.20036061108112335,0.0047709643840789795
1762,1788,国家网络安全学院,2021,61,60,1,1.639344262295082,0.10335814952850342,0.10533241927623749,0.00197426974773407
1763,1789,国家网络安全学院,2021,61,61,0,0.0,0.23116914927959442,0.23116914927959442,0.0
1764,1790,国家网络安全学院,2021,61,61,0,0.0,0.12443573027849197,0.12443573027849197,0.0
1765,1791,国家网络安全学院,2021,61,61,0,0.0,0.21037572622299194,0.21037572622299194,0.0
1766,1792,弘毅学堂,2021,210,210,0,0.0,-0.02910071797668934,-0.02910071797668934,0.0
1767,1793,弘毅学堂,2021,210,210,0,0.0,-0.0009834764059633017,-0.0009834764059633017,0.0
1768,1794,弘毅学堂,2021,210,210,0,0.0,-0.031246744096279144,-0.031246744096279144,0.0
1769,1795,弘毅学堂,2021,210,210,0,0.0,-0.015413865447044373,-0.015413865447044373,0.0
1770,1796,弘毅学堂,2021,210,208,2,0.9523809523809524,0.03607206046581268,0.035311855375766754,-0.000760205090045929
1771,1797,弘毅学堂,2021,210,210,0,0.0,0.042071614414453506,0.042071614414453506,0.0
1772,1798,弘毅学堂,2021,210,205,5,2.380952380952381,0.10418263077735901,0.10090798884630203,-0.0032746419310569763
1773,1799,弘毅学堂,2021,210,210,0,0.0,0.061508532613515854,0.061508532613515854,0.0
1774,1800,弘毅学堂,2021,210,205,5,2.380952380952381,-0.00633560074493289,-0.005240357015281916,0.0010952437296509743
1775,1801,弘毅学堂,2021,210,209,1,0.4761904761904762,0.020944463089108467,0.021286295726895332,0.00034183263778686523
1776,1802,弘毅学堂,2021,210,210,0,0.0,0.08420401066541672,0.08420401066541672,0.0
1777,1803,哲学学院,2022,82,82,0,0.0,-0.006933523342013359,-0.006933523342013359,0.0
1778,1804,文学院,2022,99,99,0,0.0,0.01508573442697525,0.01508573442697525,0.0
1779,1805,文学院,2022,99,99,0,0.0,0.039632394909858704,0.039632394909858704,0.0
1780,1806,外国语言文学学院,2022,140,140,0,0.0,0.020306222140789032,0.020306222140789032,0.0
1781,1807,外国语言文学学院,2022,140,140,0,0.0,0.0028320597484707832,0.0028320597484707832,0.0
1782,1808,外国语言文学学院,2022,140,140,0,0.0,0.055365532636642456,0.055365532636642456,0.0
1783,1809,新闻与传播学院,2022,34,32,2,5.88235294117647,-0.000482959789223969,0.005400367081165314,0.005883326870389283
1784,1810,历史学院,2022,19,15,4,21.052631578947366,0.014968725852668285,0.005043630953878164,-0.009925094898790121
1785,1811,经济与管理学院,2022,431,428,3,0.6960556844547563,0.0627439022064209,0.061678696423769,-0.0010652057826519012
1786,1812,经济与管理学院,2022,431,431,0,0.0,0.034148141741752625,0.034148141741752625,0.0
1787,1813,经济与管理学院,2022,431,431,0,0.0,0.07316435128450394,0.07316435128450394,0.0
1788,1814,法学院,2022,104,97,7,6.730769230769231,0.0341411754488945,0.03874826058745384,0.004607085138559341
1789,1815,法学院,2022,104,104,0,0.0,0.05110394209623337,0.05110394209623337,0.0
1790,1816,法学院,2022,104,104,0,0.0,0.07694502174854279,0.07694502174854279,0.0
1791,1817,法学院,2022,104,103,1,0.9615384615384616,0.006449189502745867,0.007520268205553293,0.0010710787028074265
1792,1818,法学院,2022,104,102,2,1.9230769230769231,0.028855720534920692,0.02851208485662937,-0.0003436356782913208
1793,1819,法学院,2022,104,104,0,0.0,0.04698393866419792,0.04698393866419792,0.0
1794,1820,法学院,2022,104,104,0,0.0,-0.009102662093937397,-0.009102662093937397,0.0
1795,1821,政治与公共管理学院,2022,48,48,0,0.0,0.1123628243803978,0.1123628243803978,0.0
1796,1822,马克思主义学院,2022,8,8,0,0.0,-0.017883598804473877,-0.017883598804473877,0.0
1797,1823,信息管理学院,2022,254,253,1,0.39370078740157477,0.09044119715690613,0.0891464427113533,-0.001294754445552826
1798,1824,信息管理学院,2022,254,254,0,0.0,0.11401975154876709,0.11401975154876709,0.0
1799,1825,信息管理学院,2022,254,237,17,6.692913385826772,0.1229543685913086,0.11894925683736801,-0.004005111753940582
1800,1826,信息管理学院,2022,254,254,0,0.0,0.05989452823996544,0.05989452823996544,0.0
1801,1827,信息管理学院,2022,254,249,5,1.968503937007874,0.08651239424943924,0.08437202125787735,-0.0021403729915618896
1802,1828,物理科学与技术学院,2022,129,123,6,4.651162790697675,0.2786933183670044,0.27901896834373474,0.0003256499767303467
1803,1829,化学与分子科学学院,2022,427,419,8,1.873536299765808,0.32575151324272156,0.321466863155365,-0.004284650087356567
1804,1830,化学与分子科学学院,2022,427,414,13,3.0444964871194378,0.12216036766767502,0.1203441321849823,-0.0018162354826927185
1805,1831,化学与分子科学学院,2022,427,396,31,7.259953161592506,0.28127336502075195,0.27142566442489624,-0.009847700595855713
1806,1832,化学与分子科学学院,2022,427,424,3,0.702576112412178,0.2779347002506256,0.27854329347610474,0.000608593225479126
1807,1833,化学与分子科学学院,2022,427,381,46,10.772833723653395,0.3336692750453949,0.3089846968650818,-0.02468457818031311
1808,1834,化学与分子科学学院,2022,427,420,7,1.639344262295082,0.2254103422164917,0.22359447181224823,-0.0018158704042434692
1809,1835,生命科学学院,2022,324,324,0,0.0,0.12148353457450867,0.12148353457450867,0.0
1810,1836,生命科学学院,2022,324,322,2,0.6172839506172839,0.09360082447528839,0.09256979823112488,-0.0010310262441635132
1811,1837,生命科学学院,2022,324,323,1,0.30864197530864196,0.1813088357448578,0.1804429292678833,-0.0008659064769744873
1812,1838,生命科学学院,2022,324,320,4,1.2345679012345678,0.21207082271575928,0.21274545788764954,0.0006746351718902588
1813,1839,生命科学学院,2022,324,309,15,4.62962962962963,0.15135744214057922,0.1482021063566208,-0.003155335783958435
1814,1840,生命科学学院,2022,324,318,6,1.8518518518518516,0.017554545775055885,0.016717663034796715,-0.0008368827402591705
1815,1841,生命科学学院,2022,324,308,16,4.938271604938271,0.09924262017011642,0.098119355738163,-0.0011232644319534302
1816,1842,生命科学学院,2022,324,319,5,1.5432098765432098,0.19670508801937103,0.1932201385498047,-0.003484949469566345
1817,1843,资源与环境科学学院,2022,287,287,0,0.0,0.08749694377183914,0.08749694377183914,0.0
1818,1844,资源与环境科学学院,2022,287,286,1,0.34843205574912894,0.1531633883714676,0.15223872661590576,-0.0009246617555618286
1819,1845,资源与环境科学学院,2022,287,277,10,3.484320557491289,0.17745473980903625,0.16714979708194733,-0.010304942727088928
1820,1846,资源与环境科学学院,2022,287,274,13,4.529616724738676,0.14841648936271667,0.14936096966266632,0.000944480299949646
1821,1847,资源与环境科学学院,2022,287,282,5,1.7421602787456445,0.11853688210248947,0.11409728229045868,-0.004439599812030792
1822,1848,动力与机械学院,2022,260,248,12,4.615384615384616,0.18289636075496674,0.173356831073761,-0.00953952968120575
1823,1849,动力与机械学院,2022,260,248,12,4.615384615384616,0.19014227390289307,0.17946162819862366,-0.01068064570426941
1824,1850,动力与机械学院,2022,260,241,19,7.307692307692308,0.21481458842754364,0.21497799456119537,0.0001634061336517334
1825,1851,动力与机械学院,2022,260,260,0,0.0,0.10750789195299149,0.10750789195299149,0.0
1826,1852,动力与机械学院,2022,260,241,19,7.307692307692308,0.1656690239906311,0.15634357929229736,-0.00932544469833374
1827,1853,动力与机械学院,2022,260,260,0,0.0,0.1860475391149521,0.1860475391149521,0.0
1828,1854,电气与自动化学院,2022,224,224,0,0.0,0.1318383514881134,0.1318383514881134,0.0
1829,1855,电气与自动化学院,2022,224,223,1,0.4464285714285714,0.16435544192790985,0.16331122815608978,-0.0010442137718200684
1830,1856,电气与自动化学院,2022,224,223,1,0.4464285714285714,0.2064998596906662,0.2067401111125946,0.00024025142192840576
1831,1857,电气与自动化学院,2022,224,219,5,2.232142857142857,0.13924409449100494,0.13921676576137543,-2.73287296295166e-05
1832,1858,土木建筑工程学院,2022,272,272,0,0.0,0.21665680408477783,0.21665680408477783,0.0
1833,1859,土木建筑工程学院,2022,272,248,24,8.823529411764707,0.11839395761489868,0.11737562716007233,-0.001018330454826355
1834,1860,土木建筑工程学院,2022,272,266,6,2.2058823529411766,0.11458432674407959,0.11524254083633423,0.0006582140922546387
1835,1861,土木建筑工程学院,2022,272,229,43,15.808823529411764,0.20895913243293762,0.18277320265769958,-0.026185929775238037
1836,1862,水利水电学院,2022,304,304,0,0.0,0.1620262861251831,0.1620262861251831,0.0
1837,1863,水利水电学院,2022,304,303,1,0.3289473684210526,0.1629154533147812,0.16271735727787018,-0.00019809603691101074
1838,1864,水利水电学院,2022,304,287,17,5.592105263157895,0.21290206909179688,0.2146807461977005,0.0017786771059036255
1839,1865,城市设计学院,2022,128,128,0,0.0,0.15463462471961975,0.15463462471961975,0.0
1840,1866,城市设计学院,2022,128,128,0,0.0,0.1531677544116974,0.1531677544116974,0.0
1841,1867,城市设计学院,2022,128,128,0,0.0,0.12221919000148773,0.12221919000148773,0.0
1842,1868,城市设计学院,2022,128,124,4,3.125,0.12364546954631805,0.11953405290842056,-0.0041114166378974915
1843,1869,城市设计学院,2022,128,128,0,0.0,0.07637715339660645,0.07637715339660645,0.0
1844,1870,城市设计学院,2022,128,128,0,0.0,0.12698376178741455,0.12698376178741455,0.0
1845,1871,电子信息学院,2022,218,217,1,0.45871559633027525,0.10890094190835953,0.10694582760334015,-0.0019551143050193787
1846,1872,电子信息学院,2022,218,218,0,0.0,0.13263539969921112,0.13263539969921112,0.0
1847,1873,电子信息学院,2022,218,218,0,0.0,0.12547948956489563,0.12547948956489563,0.0
1848,1874,电子信息学院,2022,218,216,2,0.9174311926605505,0.14141903817653656,0.13895979523658752,-0.0024592429399490356
1849,1875,电子信息学院,2022,218,212,6,2.7522935779816518,0.10987704247236252,0.1059173196554184,-0.003959722816944122
1850,1876,电子信息学院,2022,218,218,0,0.0,0.14759181439876556,0.14759181439876556,0.0
1851,1877,电子信息学院,2022,218,216,2,0.9174311926605505,0.06517993658781052,0.06597103178501129,0.0007910951972007751
1852,1878,电子信息学院,2022,218,218,0,0.0,0.18985332548618317,0.18985332548618317,0.0
1853,1879,电子信息学院,2022,218,216,2,0.9174311926605505,0.1393825262784958,0.1362072229385376,-0.003175303339958191
1854,1880,计算机学院,2022,167,163,4,2.3952095808383236,0.15465468168258667,0.15241195261478424,-0.002242729067802429
1855,1881,计算机学院,2022,167,167,0,0.0,0.1173250824213028,0.1173250824213028,0.0
1856,1882,计算机学院,2022,167,163,4,2.3952095808383236,0.08341763913631439,0.08140993118286133,-0.002007707953453064
1857,1883,遥感信息工程学院,2022,217,212,5,2.3041474654377883,0.2757820188999176,0.2746692895889282,-0.0011127293109893799
1858,1884,遥感信息工程学院,2022,217,216,1,0.4608294930875576,0.11457554250955582,0.11462333798408508,4.779547452926636e-05
1859,1885,遥感信息工程学院,2022,217,215,2,0.9216589861751152,0.26354655623435974,0.262565553188324,-0.0009810030460357666
1860,1886,遥感信息工程学院,2022,217,217,0,0.0,0.25467580556869507,0.25467580556869507,0.0
1861,1887,测绘学院,2022,335,331,4,1.1940298507462688,0.2502872347831726,0.2476036101579666,-0.0026836246252059937
1862,1888,测绘学院,2022,335,335,0,0.0,-0.012797391042113304,-0.012797391042113304,0.0
1863,1889,测绘学院,2022,335,323,12,3.582089552238806,0.16998252272605896,0.17349089682102203,0.0035083740949630737
1864,1890,国家网络安全学院,2022,109,100,9,8.256880733944955,0.2632938623428345,0.2641224265098572,0.0008285641670227051
1865,1891,国家网络安全学院,2022,109,102,7,6.422018348623854,0.18334166705608368,0.18880805373191833,0.005466386675834656
1866,1902,公共卫生学院,2022,41,38,3,7.317073170731707,0.20945869386196136,0.19309183955192566,-0.016366854310035706
1867,1903,公共卫生学院,2022,41,41,0,0.0,0.22078895568847656,0.22078895568847656,0.0
1868,1904,公共卫生学院,2022,41,40,1,2.4390243902439024,0.16736941039562225,0.16229240596294403,-0.005077004432678223
1869,1905,公共卫生学院,2022,41,41,0,0.0,0.1142568588256836,0.1142568588256836,0.0
1870,1906,公共卫生学院,2022,41,40,1,2.4390243902439024,0.2548377811908722,0.25264009833335876,-0.0021976828575134277
1871,1907,护理学院,2022,18,12,6,33.33333333333333,0.12827648222446442,0.08622581511735916,-0.042050667107105255
1872,1908,药学院,2022,103,102,1,0.9708737864077669,0.24775324761867523,0.2445784956216812,-0.0031747519969940186
1873,1909,药学院,2022,103,101,2,1.9417475728155338,0.19798441231250763,0.19225309789180756,-0.005731314420700073
1874,1910,药学院,2022,103,87,16,15.53398058252427,0.22921299934387207,0.2627088129520416,0.033495813608169556
1875,1911,药学院,2022,103,100,3,2.912621359223301,0.2054559886455536,0.20094451308250427,-0.004511475563049316
1876,1912,药学院,2022,103,101,2,1.9417475728155338,0.17170080542564392,0.17220228910446167,0.000501483678817749
1877,1913,药学院,2022,103,97,6,5.825242718446602,0.17100080847740173,0.16727928817272186,-0.0037215203046798706
1878,1914,第一临床学院,2022,572,572,0,0.0,0.20505531132221222,0.20505531132221222,0.0
1879,1915,第一临床学院,2022,572,569,3,0.5244755244755245,0.15428175032138824,0.15410561859607697,-0.0001761317253112793
1880,1916,第一临床学院,2022,572,572,0,0.0,0.19747674465179443,0.19747674465179443,0.0
1881,1917,第一临床学院,2022,572,570,2,0.34965034965034963,0.200044184923172,0.1995982825756073,-0.00044590234756469727
1882,1918,第一临床学院,2022,572,555,17,2.972027972027972,0.22748082876205444,0.220413476228714,-0.007067352533340454
1883,1919,第一临床学院,2022,572,553,19,3.3216783216783217,0.1855037361383438,0.1783837378025055,-0.007119998335838318
1884,1920,第一临床学院,2022,572,568,4,0.6993006993006993,0.14882056415081024,0.14785748720169067,-0.0009630769491195679
1885,1921,第二临床学院,2022,486,463,23,4.732510288065844,0.17336374521255493,0.1641886830329895,-0.00917506217956543
1886,1922,第二临床学院,2022,486,475,11,2.263374485596708,0.2144717276096344,0.2156125009059906,0.0011407732963562012
1887,1923,第二临床学院,2022,486,463,23,4.732510288065844,0.24456265568733215,0.2368236631155014,-0.0077389925718307495
1888,1924,第二临床学院,2022,486,486,0,0.0,0.2048211693763733,0.2048211693763733,0.0
1889,1925,第二临床学院,2022,486,486,0,0.0,0.09339050948619843,0.09339050948619843,0.0
1890,1926,第二临床学院,2022,486,483,3,0.6172839506172839,0.18536552786827087,0.18517695367336273,-0.0001885741949081421
1891,1927,第二临床学院,2022,486,463,23,4.732510288065844,0.2219768464565277,0.21809977293014526,-0.0038770735263824463
1892,1928,口腔医学院,2022,261,242,19,7.2796934865900385,0.2086658477783203,0.2079000622034073,-0.0007657855749130249
1893,1929,口腔医学院,2022,261,261,0,0.0,0.19870702922344208,0.19870702922344208,0.0
1894,1930,口腔医学院,2022,261,261,0,0.0,0.25593334436416626,0.25593334436416626,0.0
1895,1931,口腔医学院,2022,261,253,8,3.065134099616858,0.14658288657665253,0.1392580270767212,-0.0073248594999313354
1896,1932,口腔医学院,2022,261,261,0,0.0,0.11994802206754684,0.11994802206754684,0.0
1897,1933,口腔医学院,2022,261,227,34,13.026819923371647,0.20684972405433655,0.18662379682064056,-0.020225927233695984
1898,1934,弘毅学堂,2022,318,318,0,0.0,0.04247867316007614,0.04247867316007614,0.0
1899,1935,弘毅学堂,2022,318,316,2,0.628930817610063,0.14814157783985138,0.14682045578956604,-0.0013211220502853394
1900,1936,弘毅学堂,2022,318,317,1,0.3144654088050315,-0.008129692636430264,-0.008099776692688465,2.99159437417984e-05
1901,1937,弘毅学堂,2022,318,318,0,0.0,0.031224790960550308,0.031224790960550308,0.0
1902,1938,弘毅学堂,2022,318,307,11,3.459119496855346,0.008036142215132713,0.004936681129038334,-0.0030994610860943794
1903,1939,弘毅学堂,2022,318,318,0,0.0,0.03162822499871254,0.03162822499871254,0.0
1904,1940,弘毅学堂,2022,318,318,0,0.0,-0.0086461016908288,-0.0086461016908288,0.0
1905,1941,测绘遥感信息工程国家重点实验室,2022,411,388,23,5.59610705596107,0.20908914506435394,0.20521847903728485,-0.003870666027069092
1906,1942,测绘遥感信息工程国家重点实验室,2022,411,405,6,1.4598540145985401,0.19564582407474518,0.19595235586166382,0.00030653178691864014
1907,1943,测绘遥感信息工程国家重点实验室,2022,411,410,1,0.24330900243309003,0.2456001192331314,0.246249720454216,0.0006496012210845947
1908,1944,测绘遥感信息工程国家重点实验室,2022,411,389,22,5.35279805352798,0.2948317229747772,0.2865356206893921,-0.008296102285385132
1909,1945,测绘遥感信息工程国家重点实验室,2022,411,411,0,0.0,0.30390724539756775,0.30390724539756775,0.0
1910,1946,测绘遥感信息工程国家重点实验室,2022,411,402,9,2.18978102189781,0.23310008645057678,0.2338784635066986,0.0007783770561218262
1911,1947,测绘遥感信息工程国家重点实验室,2022,411,403,8,1.9464720194647203,0.057764098048210144,0.058112699538469315,0.00034860149025917053
1912,1948,测绘遥感信息工程国家重点实验室,2022,411,359,52,12.652068126520682,0.30342990159988403,0.2824627459049225,-0.020967155694961548
1913,1949,测绘遥感信息工程国家重点实验室,2022,411,411,0,0.0,0.168388232588768,0.168388232588768,0.0
1914,1950,测绘遥感信息工程国家重点实验室,2022,411,408,3,0.7299270072992701,0.27854597568511963,0.27715080976486206,-0.0013951659202575684
1915,1953,哲学学院,2022,82,82,0,0.0,0.0610773041844368,0.0610773041844368,0.0
1916,1954,哲学学院,2022,82,82,0,0.0,0.003953805658966303,0.003953805658966303,0.0
1917,1955,文学院,2022,99,99,0,0.0,0.02418474666774273,0.02418474666774273,0.0
1918,1956,文学院,2022,99,99,0,0.0,0.04203831031918526,0.04203831031918526,0.0
1919,1957,文学院,2022,99,96,3,3.0303030303030303,-0.015775032341480255,-0.01600160449743271,-0.0002265721559524536
1920,1958,文学院,2022,99,99,0,0.0,0.02057129517197609,0.02057129517197609,0.0
1921,1959,文学院,2022,99,99,0,0.0,-0.024442508816719055,-0.024442508816719055,0.0
1922,1960,文学院,2022,99,99,0,0.0,-0.029558222740888596,-0.029558222740888596,0.0
1923,1961,文学院,2022,99,97,2,2.0202020202020203,0.012406687252223492,0.012584943324327469,0.0001782560721039772
1924,1962,外国语言文学学院,2022,140,140,0,0.0,0.034833651036024094,0.034833651036024094,0.0
1925,1963,外国语言文学学院,2022,140,140,0,0.0,-0.008615857921540737,-0.008615857921540737,0.0
1926,1964,外国语言文学学院,2022,140,136,4,2.857142857142857,-0.008912062272429466,-0.006501328200101852,0.002410734072327614
1927,1965,外国语言文学学院,2022,140,140,0,0.0,-0.009915485978126526,-0.009915485978126526,0.0
1928,1966,外国语言文学学院,2022,140,140,0,0.0,-0.054295655339956284,-0.054295655339956284,0.0
1929,1967,外国语言文学学院,2022,140,140,0,0.0,0.034181833267211914,0.034181833267211914,0.0
1930,1968,新闻与传播学院,2022,34,34,0,0.0,0.07963977754116058,0.07963977754116058,0.0
1931,1969,新闻与传播学院,2022,34,33,1,2.941176470588235,0.038033612072467804,0.040787968784570694,0.00275435671210289
1932,1970,新闻与传播学院,2022,34,34,0,0.0,0.054498493671417236,0.054498493671417236,0.0
1933,1971,新闻与传播学院,2022,34,34,0,0.0,0.0004315956903155893,0.0004315956903155893,0.0
1934,1972,新闻与传播学院,2022,34,34,0,0.0,0.06080283224582672,0.06080283224582672,0.0
1935,1973,历史学院,2022,19,18,1,5.263157894736842,0.0280356053262949,0.030569186434149742,0.002533581107854843
1936,1974,艺术学院,2022,36,36,0,0.0,0.01899482123553753,0.01899482123553753,0.0
1937,1975,艺术学院,2022,36,36,0,0.0,-0.0279360581189394,-0.0279360581189394,0.0
1938,1976,经济与管理学院,2022,431,431,0,0.0,0.08034876734018326,0.08034876734018326,0.0
1939,1977,经济与管理学院,2022,431,431,0,0.0,0.07887935638427734,0.07887935638427734,0.0
1940,1978,经济与管理学院,2022,431,431,0,0.0,0.09234268963336945,0.09234268963336945,0.0
1941,1979,经济与管理学院,2022,431,429,2,0.46403712296983757,0.03485950082540512,0.03499782830476761,0.0001383274793624878
1942,1980,经济与管理学院,2022,431,431,0,0.0,0.12186219543218613,0.12186219543218613,0.0
1943,1981,经济与管理学院,2022,431,431,0,0.0,0.07805826514959335,0.07805826514959335,0.0
1944,1982,经济与管理学院,2022,431,397,34,7.888631090487238,0.056228071451187134,0.0630735531449318,0.006845481693744659
1945,1983,经济与管理学院,2022,431,431,0,0.0,0.11804744601249695,0.11804744601249695,0.0
1946,1984,经济与管理学院,2022,431,430,1,0.23201856148491878,0.08195372670888901,0.08248584717512131,0.0005321204662322998
1947,1985,经济与管理学院,2022,431,431,0,0.0,0.0555548258125782,0.0555548258125782,0.0
1948,1986,经济与管理学院,2022,431,431,0,0.0,0.08957108110189438,0.08957108110189438,0.0
1949,1987,经济与管理学院,2022,431,431,0,0.0,0.025854090228676796,0.025854090228676796,0.0
1950,1988,经济与管理学院,2022,431,430,1,0.23201856148491878,0.1252421736717224,0.1247955709695816,-0.0004466027021408081
1951,1989,法学院,2022,104,104,0,0.0,-0.008600072003901005,-0.008600072003901005,0.0
1952,1990,法学院,2022,104,76,28,26.923076923076923,0.029495898634195328,0.03044980764389038,0.0009539090096950531
1953,1991,法学院,2022,104,104,0,0.0,0.0713140219449997,0.0713140219449997,0.0
1954,1992,法学院,2022,104,104,0,0.0,0.018175767734646797,0.018175767734646797,0.0
1955,1993,法学院,2022,104,102,2,1.9230769230769231,-0.01659897342324257,-0.015530583448708057,0.0010683899745345116
1956,1994,法学院,2022,104,104,0,0.0,0.02660713531076908,0.02660713531076908,0.0
1957,1995,法学院,2022,104,104,0,0.0,0.010290435515344143,0.010290435515344143,0.0
1958,1996,法学院,2022,104,104,0,0.0,0.0012225116370245814,0.0012225116370245814,0.0
1959,1997,法学院,2022,104,76,28,26.923076923076923,0.08172708004713058,0.07117053866386414,-0.010556541383266449
1960,1998,法学院,2022,104,104,0,0.0,-0.034040991216897964,-0.034040991216897964,0.0
1961,1999,法学院,2022,104,104,0,0.0,0.01660308428108692,0.01660308428108692,0.0
1962,2000,法学院,2022,104,102,2,1.9230769230769231,-0.018214328214526176,-0.0218734759837389,-0.0036591477692127228
1963,2001,法学院,2022,104,103,1,0.9615384615384616,0.05610562115907669,0.05611281096935272,7.189810276031494e-06
1964,2002,法学院,2022,104,104,0,0.0,0.07325993478298187,0.07325993478298187,0.0
1965,2003,法学院,2022,104,104,0,0.0,0.029788611456751823,0.029788611456751823,0.0
1966,2004,法学院,2022,104,97,7,6.730769230769231,-0.012910406105220318,-0.010496835224330425,0.0024135708808898926
1967,2005,法学院,2022,104,104,0,0.0,0.030719967558979988,0.030719967558979988,0.0
1968,2006,法学院,2022,104,99,5,4.807692307692308,0.04352004826068878,0.04478627070784569,0.0012662224471569061
1969,2007,政治与公共管理学院,2022,48,38,10,20.833333333333336,0.027486734092235565,0.05234895646572113,0.024862222373485565
1970,2008,政治与公共管理学院,2022,48,44,4,8.333333333333332,0.08557864278554916,0.07710171490907669,-0.008476927876472473
1971,2009,政治与公共管理学院,2022,48,48,0,0.0,0.09023916721343994,0.09023916721343994,0.0
1972,2010,政治与公共管理学院,2022,48,48,0,0.0,0.0777924433350563,0.0777924433350563,0.0
1973,2011,政治与公共管理学院,2022,48,48,0,0.0,0.05425812676548958,0.05425812676548958,0.0
1974,2012,马克思主义学院,2022,8,8,0,0.0,-0.012012578547000885,-0.012012578547000885,0.0
1975,2013,马克思主义学院,2022,8,8,0,0.0,-0.039828136563301086,-0.039828136563301086,0.0
1976,2014,马克思主义学院,2022,8,8,0,0.0,-0.013596564531326294,-0.013596564531326294,0.0
1977,2015,马克思主义学院,2022,8,8,0,0.0,0.005708640906959772,0.005708640906959772,0.0
1978,2016,马克思主义学院,2022,8,8,0,0.0,-0.031548600643873215,-0.031548600643873215,0.0
1979,2017,信息管理学院,2022,254,249,5,1.968503937007874,0.07045038789510727,0.07322504371404648,0.002774655818939209
1980,2018,信息管理学院,2022,254,248,6,2.3622047244094486,0.08678913861513138,0.08886894583702087,0.002079807221889496
1981,2019,信息管理学院,2022,254,250,4,1.574803149606299,0.05043909698724747,0.048416946083307266,-0.002022150903940201
1982,2020,信息管理学院,2022,254,252,2,0.7874015748031495,0.05877162888646126,0.05824511498212814,-0.0005265139043331146
1983,2021,信息管理学院,2022,254,237,17,6.692913385826772,0.12447410076856613,0.1174517497420311,-0.007022351026535034
1984,2022,信息管理学院,2022,254,248,6,2.3622047244094486,0.08905341476202011,0.08954117447137833,0.00048775970935821533
1985,2023,信息管理学院,2022,254,253,1,0.39370078740157477,0.052791014313697815,0.05132366716861725,-0.0014673471450805664
1986,2024,信息管理学院,2022,254,254,0,0.0,0.0682314932346344,0.0682314932346344,0.0
1987,2025,信息管理学院,2022,254,254,0,0.0,0.15020403265953064,0.15020403265953064,0.0
1988,2026,信息管理学院,2022,254,252,2,0.7874015748031495,0.08800908923149109,0.08662417531013489,-0.0013849139213562012
1989,2027,信息管理学院,2022,254,254,0,0.0,-4.319459549151361e-05,-4.319459549151361e-05,0.0
1990,2028,信息管理学院,2022,254,249,5,1.968503937007874,0.06636863946914673,0.06734765321016312,0.000979013741016388
1991,2029,信息管理学院,2022,254,249,5,1.968503937007874,0.08310525119304657,0.08626319468021393,0.0031579434871673584
1992,2030,数学与统计学院,2022,10,10,0,0.0,0.043763186782598495,0.043763186782598495,0.0
1993,2031,物理科学与技术学院,2022,129,125,4,3.10077519379845,0.12971709668636322,0.12508179247379303,-0.00463530421257019
1994,2032,物理科学与技术学院,2022,129,127,2,1.550387596899225,0.1568778157234192,0.15417373180389404,-0.0027040839195251465
1995,2033,物理科学与技术学院,2022,129,123,6,4.651162790697675,0.2768102288246155,0.2744394540786743,-0.002370774745941162
1996,2034,化学与分子科学学院,2022,427,421,6,1.405152224824356,0.1772722452878952,0.17651152610778809,-0.0007607191801071167
1997,2035,化学与分子科学学院,2022,427,420,7,1.639344262295082,0.22320258617401123,0.22102297842502594,-0.0021796077489852905
1998,2036,化学与分子科学学院,2022,427,417,10,2.3419203747072603,0.21398040652275085,0.2091636061668396,-0.004816800355911255
1999,2037,化学与分子科学学院,2022,427,427,0,0.0,0.20732127130031586,0.20732127130031586,0.0
2000,2038,化学与分子科学学院,2022,427,425,2,0.468384074941452,0.2934115529060364,0.29307931661605835,-0.00033223628997802734
2001,2039,化学与分子科学学院,2022,427,416,11,2.576112412177986,0.24833814799785614,0.24557934701442719,-0.002758800983428955
2002,2040,化学与分子科学学院,2022,427,402,25,5.85480093676815,0.2897491157054901,0.2772815227508545,-0.01246759295463562
2003,2041,化学与分子科学学院,2022,427,427,0,0.0,0.29856714606285095,0.29856714606285095,0.0
2004,2042,化学与分子科学学院,2022,427,421,6,1.405152224824356,0.2289772480726242,0.22797036170959473,-0.00100688636302948
2005,2043,生命科学学院,2022,324,318,6,1.8518518518518516,0.05031764507293701,0.04702327400445938,-0.0032943710684776306
2006,2044,生命科学学院,2022,324,324,0,0.0,0.20299075543880463,0.20299075543880463,0.0
2007,2045,生命科学学院,2022,324,323,1,0.30864197530864196,0.09652223438024521,0.09577106684446335,-0.0007511675357818604
2008,2046,生命科学学院,2022,324,324,0,0.0,0.11688616126775742,0.11688616126775742,0.0
2009,2047,生命科学学院,2022,324,316,8,2.4691358024691357,0.1801147162914276,0.1767411231994629,-0.0033735930919647217
2010,2048,生命科学学院,2022,324,324,0,0.0,0.11783523112535477,0.11783523112535477,0.0
2011,2049,生命科学学院,2022,324,318,6,1.8518518518518516,0.17892923951148987,0.17112837731838226,-0.007800862193107605
2012,2050,生命科学学院,2022,324,324,0,0.0,0.20458127558231354,0.20458127558231354,0.0
2013,2051,生命科学学院,2022,324,323,1,0.30864197530864196,0.1418304592370987,0.1410149782896042,-0.0008154809474945068
2014,2052,生命科学学院,2022,324,324,0,0.0,0.20583266019821167,0.20583266019821167,0.0
2015,2053,生命科学学院,2022,324,321,3,0.9259259259259258,0.1540563553571701,0.15451815724372864,0.0004618018865585327
2016,2054,生命科学学院,2022,324,324,0,0.0,0.1881510466337204,0.1881510466337204,0.0
2017,2055,生命科学学院,2022,324,324,0,0.0,0.2539384365081787,0.2539384365081787,0.0
2018,2056,资源与环境科学学院,2022,287,278,9,3.1358885017421603,0.16483843326568604,0.15951842069625854,-0.00532001256942749
2019,2057,资源与环境科学学院,2022,287,283,4,1.3937282229965158,0.17910915613174438,0.17552414536476135,-0.0035850107669830322
2020,2058,资源与环境科学学院,2022,287,280,7,2.4390243902439024,0.17366544902324677,0.17251524329185486,-0.0011502057313919067
2021,2059,资源与环境科学学院,2022,287,283,4,1.3937282229965158,0.11202298104763031,0.1108417734503746,-0.0011812075972557068
2022,2060,资源与环境科学学院,2022,287,283,4,1.3937282229965158,0.17496663331985474,0.1718752086162567,-0.0030914247035980225
2023,2061,资源与环境科学学院,2022,287,287,0,0.0,0.021823769435286522,0.021823769435286522,0.0
2024,2062,资源与环境科学学院,2022,287,287,0,0.0,0.1991022676229477,0.1991022676229477,0.0
2025,2063,资源与环境科学学院,2022,287,279,8,2.7874564459930316,0.14730606973171234,0.14276030659675598,-0.00454576313495636
2026,2064,资源与环境科学学院,2022,287,283,4,1.3937282229965158,0.13873843848705292,0.13500823080539703,-0.003730207681655884
2027,2065,资源与环境科学学院,2022,287,287,0,0.0,0.15195003151893616,0.15195003151893616,0.0
2028,2066,资源与环境科学学院,2022,287,287,0,0.0,0.2054627537727356,0.2054627537727356,0.0
2029,2067,动力与机械学院,2022,260,250,10,3.8461538461538463,0.20401278138160706,0.19647037982940674,-0.007542401552200317
2030,2068,动力与机械学院,2022,260,259,1,0.38461538461538464,0.15558938682079315,0.1559242457151413,0.00033485889434814453
2031,2069,动力与机械学院,2022,260,260,0,0.0,0.05642523244023323,0.05642523244023323,0.0
2032,2070,动力与机械学院,2022,260,245,15,5.769230769230769,0.1778990477323532,0.17193248867988586,-0.005966559052467346
2033,2071,动力与机械学院,2022,260,260,0,0.0,0.19252237677574158,0.19252237677574158,0.0
2034,2072,动力与机械学院,2022,260,253,7,2.6923076923076925,0.1884550005197525,0.18386465311050415,-0.004590347409248352
2035,2073,动力与机械学院,2022,260,260,0,0.0,0.04589992016553879,0.04589992016553879,0.0
2036,2074,动力与机械学院,2022,260,260,0,0.0,0.07719892263412476,0.07719892263412476,0.0
2037,2075,动力与机械学院,2022,260,260,0,0.0,0.19069847464561462,0.19069847464561462,0.0
2038,2076,动力与机械学院,2022,260,253,7,2.6923076923076925,0.16075260937213898,0.15841291844844818,-0.002339690923690796
2039,2077,动力与机械学院,2022,260,256,4,1.5384615384615385,0.16856935620307922,0.16268561780452728,-0.005883738398551941
2040,2078,动力与机械学院,2022,260,260,0,0.0,0.15791521966457367,0.15791521966457367,0.0
2041,2079,电气与自动化学院,2022,224,223,1,0.4464285714285714,0.18405981361865997,0.1847418248653412,0.0006820112466812134
2042,2080,电气与自动化学院,2022,224,222,2,0.8928571428571428,0.17080916464328766,0.16985929012298584,-0.0009498745203018188
2043,2081,电气与自动化学院,2022,224,224,0,0.0,0.18991389870643616,0.18991389870643616,0.0
2044,2082,电气与自动化学院,2022,224,223,1,0.4464285714285714,0.1967368870973587,0.19751764833927155,0.0007807612419128418
2045,2083,电气与自动化学院,2022,224,223,1,0.4464285714285714,0.14784052968025208,0.14825661480426788,0.0004160851240158081
2046,2084,电气与自动化学院,2022,224,223,1,0.4464285714285714,0.1821822077035904,0.18197977542877197,-0.0002024322748184204
2047,2085,电气与自动化学院,2022,224,217,7,3.125,0.1962009221315384,0.19277265667915344,-0.0034282654523849487
2048,2086,电气与自动化学院,2022,224,223,1,0.4464285714285714,0.17423115670681,0.17495347559452057,0.0007223188877105713
2049,2087,电气与自动化学院,2022,224,217,7,3.125,0.19321878254413605,0.19198334217071533,-0.0012354403734207153
2050,2088,土木建筑工程学院,2022,272,264,8,2.941176470588235,0.1775490641593933,0.16708683967590332,-0.01046222448348999
2051,2089,土木建筑工程学院,2022,272,266,6,2.2058823529411766,0.10887129604816437,0.10847149044275284,-0.00039980560541152954
2052,2090,土木建筑工程学院,2022,272,272,0,0.0,0.14379407465457916,0.14379407465457916,0.0
2053,2091,土木建筑工程学院,2022,272,261,11,4.044117647058823,0.17601321637630463,0.17657001316547394,0.0005567967891693115
2054,2092,土木建筑工程学院,2022,272,267,5,1.8382352941176472,0.24215395748615265,0.2400151491165161,-0.0021388083696365356
2055,2093,土木建筑工程学院,2022,272,248,24,8.823529411764707,0.17762219905853271,0.18637995421886444,0.008757755160331726
2056,2094,土木建筑工程学院,2022,272,229,43,15.808823529411764,0.21849659085273743,0.19593024253845215,-0.02256634831428528
2057,2095,土木建筑工程学院,2022,272,265,7,2.5735294117647056,0.17268969118595123,0.16763609647750854,-0.005053594708442688
2058,2096,土木建筑工程学院,2022,272,266,6,2.2058823529411766,0.19668003916740417,0.19103311002254486,-0.005646929144859314
2059,2097,水利水电学院,2022,304,301,3,0.9868421052631579,0.1697062999010086,0.16894309222698212,-0.0007632076740264893
2060,2098,水利水电学院,2022,304,299,5,1.644736842105263,0.23520077764987946,0.23038257658481598,-0.0048182010650634766
2061,2099,水利水电学院,2022,304,280,24,7.894736842105263,0.1959797739982605,0.18202662467956543,-0.013953149318695068
2062,2100,水利水电学院,2022,304,301,3,0.9868421052631579,0.1666734516620636,0.16564132273197174,-0.001032128930091858
2063,2101,水利水电学院,2022,304,296,8,2.631578947368421,0.1371665894985199,0.13616499304771423,-0.001001596450805664
2064,2102,水利水电学院,2022,304,296,8,2.631578947368421,0.16583262383937836,0.16434521973133087,-0.0014874041080474854
2065,2103,城市设计学院,2022,128,127,1,0.78125,0.0882260799407959,0.08998721837997437,0.0017611384391784668
2066,2104,城市设计学院,2022,128,127,1,0.78125,0.15381264686584473,0.15180525183677673,-0.002007395029067993
2067,2105,城市设计学院,2022,128,127,1,0.78125,0.1515587419271469,0.15061108767986298,-0.0009476542472839355
2068,2106,城市设计学院,2022,128,128,0,0.0,0.19180649518966675,0.19180649518966675,0.0
2069,2107,城市设计学院,2022,128,127,1,0.78125,0.08184920251369476,0.08333448320627213,0.001485280692577362
2070,2108,城市设计学院,2022,128,124,4,3.125,0.13936273753643036,0.13197313249111176,-0.0073896050453186035
2071,2109,城市设计学院,2022,128,128,0,0.0,0.13585975766181946,0.13585975766181946,0.0
2072,2110,城市设计学院,2022,128,128,0,0.0,0.14037717878818512,0.14037717878818512,0.0
2073,2111,城市设计学院,2022,128,122,6,4.6875,0.12446027994155884,0.11768981069326401,-0.00677046924829483
2074,2112,城市设计学院,2022,128,119,9,7.03125,0.1739261895418167,0.1772816777229309,0.0033554881811141968
2075,2113,电子信息学院,2022,218,218,0,0.0,0.10729574412107468,0.10729574412107468,0.0
2076,2114,电子信息学院,2022,218,204,14,6.422018348623854,0.1316492110490799,0.12775608897209167,-0.00389312207698822
2077,2115,电子信息学院,2022,218,215,3,1.3761467889908259,0.08162792772054672,0.07472145557403564,-0.006906472146511078
2078,2116,电子信息学院,2022,218,218,0,0.0,0.12629464268684387,0.12629464268684387,0.0
2079,2117,电子信息学院,2022,218,218,0,0.0,0.14371484518051147,0.14371484518051147,0.0
2080,2118,电子信息学院,2022,218,215,3,1.3761467889908259,0.12584562599658966,0.1232912540435791,-0.002554371953010559
2081,2119,电子信息学院,2022,218,215,3,1.3761467889908259,0.10926835983991623,0.10741198062896729,-0.001856379210948944
2082,2120,电子信息学院,2022,218,200,18,8.256880733944955,0.18165238201618195,0.17413215339183807,-0.007520228624343872
2083,2121,电子信息学院,2022,218,218,0,0.0,0.07889942079782486,0.07889942079782486,0.0
2084,2122,电子信息学院,2022,218,218,0,0.0,0.06685862690210342,0.06685862690210342,0.0
2085,2123,电子信息学院,2022,218,218,0,0.0,0.13804061710834503,0.13804061710834503,0.0
2086,2124,电子信息学院,2022,218,218,0,0.0,0.08838848024606705,0.08838848024606705,0.0
2087,2125,电子信息学院,2022,218,217,1,0.45871559633027525,0.09618648141622543,0.09598401188850403,-0.00020246952772140503
2088,2126,电子信息学院,2022,218,218,0,0.0,0.1532110720872879,0.1532110720872879,0.0
2089,2127,电子信息学院,2022,218,204,14,6.422018348623854,0.07838408648967743,0.0738602876663208,-0.004523798823356628
2090,2128,电子信息学院,2022,218,217,1,0.45871559633027525,0.031969524919986725,0.03184238076210022,-0.00012714415788650513
2091,2129,电子信息学院,2022,218,212,6,2.7522935779816518,0.15544572472572327,0.14856287837028503,-0.006882846355438232
2092,2130,电子信息学院,2022,218,218,0,0.0,0.11416863650083542,0.11416863650083542,0.0
2093,2131,电子信息学院,2022,218,218,0,0.0,0.14043845236301422,0.14043845236301422,0.0
2094,2132,电子信息学院,2022,218,217,1,0.45871559633027525,0.0950542613863945,0.0949307307600975,-0.00012353062629699707
2095,2133,电子信息学院,2022,218,217,1,0.45871559633027525,0.094358429312706,0.09333160519599915,-0.0010268241167068481
2096,2134,计算机学院,2022,167,156,11,6.58682634730539,0.14570815861225128,0.15006758272647858,0.004359424114227295
2097,2135,计算机学院,2022,167,167,0,0.0,0.0734344869852066,0.0734344869852066,0.0
2098,2136,计算机学院,2022,167,167,0,0.0,0.1673988252878189,0.1673988252878189,0.0
2099,2137,计算机学院,2022,167,167,0,0.0,0.1867050677537918,0.1867050677537918,0.0
2100,2138,计算机学院,2022,167,167,0,0.0,0.04706673324108124,0.04706673324108124,0.0
2101,2139,计算机学院,2022,167,164,3,1.7964071856287425,0.06727194786071777,0.06508588790893555,-0.0021860599517822266
2102,2140,计算机学院,2022,167,167,0,0.0,0.19734308123588562,0.19734308123588562,0.0
2103,2141,计算机学院,2022,167,164,3,1.7964071856287425,0.10906146466732025,0.10980933159589767,0.0007478669285774231
2104,2142,计算机学院,2022,167,167,0,0.0,0.19111135601997375,0.19111135601997375,0.0
2105,2143,计算机学院,2022,167,167,0,0.0,0.109508216381073,0.109508216381073,0.0
2106,2144,遥感信息工程学院,2022,217,216,1,0.4608294930875576,0.0617465004324913,0.060139283537864685,-0.0016072168946266174
2107,2145,遥感信息工程学院,2022,217,216,1,0.4608294930875576,0.14974857866764069,0.14953266084194183,-0.00021591782569885254
2108,2146,遥感信息工程学院,2022,217,217,0,0.0,0.248659148812294,0.248659148812294,0.0
2109,2147,遥感信息工程学院,2022,217,216,1,0.4608294930875576,0.15905092656612396,0.15828560292720795,-0.0007653236389160156
2110,2148,遥感信息工程学院,2022,217,214,3,1.3824884792626728,0.16571420431137085,0.16526304185390472,-0.0004511624574661255
2111,2149,遥感信息工程学院,2022,217,216,1,0.4608294930875576,0.14702805876731873,0.14619719982147217,-0.0008308589458465576
2112,2150,遥感信息工程学院,2022,217,215,2,0.9216589861751152,0.26258352398872375,0.26136070489883423,-0.0012228190898895264
2113,2151,遥感信息工程学院,2022,217,217,0,0.0,0.27435943484306335,0.27435943484306335,0.0
2114,2152,遥感信息工程学院,2022,217,214,3,1.3824884792626728,0.2500515878200531,0.25104716420173645,0.0009955763816833496
2115,2153,遥感信息工程学院,2022,217,211,6,2.7649769585253456,0.2840099632740021,0.2840888202190399,7.88569450378418e-05
2116,2154,测绘学院,2022,335,331,4,1.1940298507462688,0.14862681925296783,0.14752088487148285,-0.0011059343814849854
2117,2155,测绘学院,2022,335,335,0,0.0,0.19630323350429535,0.19630323350429535,0.0
2118,2156,测绘学院,2022,335,323,12,3.582089552238806,0.2227516770362854,0.21862062811851501,-0.004131048917770386
2119,2157,测绘学院,2022,335,332,3,0.8955223880597015,0.18081088364124298,0.1810871660709381,0.0002762824296951294
2120,2158,测绘学院,2022,335,331,4,1.1940298507462688,0.1404394805431366,0.1395331621170044,-0.0009063184261322021
2121,2159,测绘学院,2022,335,333,2,0.5970149253731344,0.24505740404129028,0.24397026002407074,-0.0010871440172195435
2122,2160,测绘学院,2022,335,335,0,0.0,0.15239505469799042,0.15239505469799042,0.0
2123,2161,测绘学院,2022,335,335,0,0.0,0.16797740757465363,0.16797740757465363,0.0
2124,2162,国家网络安全学院,2022,109,109,0,0.0,0.19722822308540344,0.19722822308540344,0.0
2125,2163,国家网络安全学院,2022,109,109,0,0.0,0.23284609615802765,0.23284609615802765,0.0
2126,2164,国家网络安全学院,2022,109,109,0,0.0,0.22189819812774658,0.22189819812774658,0.0
2127,2182,公共卫生学院,2022,41,35,6,14.634146341463413,0.16734358668327332,0.14827656745910645,-0.01906701922416687
2128,2183,公共卫生学院,2022,41,41,0,0.0,0.10495131462812424,0.10495131462812424,0.0
2129,2184,公共卫生学院,2022,41,41,0,0.0,0.21517230570316315,0.21517230570316315,0.0
2130,2185,公共卫生学院,2022,41,35,6,14.634146341463413,0.0986357182264328,0.08003465831279755,-0.018601059913635254
2131,2186,公共卫生学院,2022,41,41,0,0.0,0.11015556752681732,0.11015556752681732,0.0
2132,2187,公共卫生学院,2022,41,41,0,0.0,0.22736965119838715,0.22736965119838715,0.0
2133,2188,公共卫生学院,2022,41,40,1,2.4390243902439024,0.17071275413036346,0.163176491856575,-0.007536262273788452
2134,2189,公共卫生学院,2022,41,41,0,0.0,0.12276049703359604,0.12276049703359604,0.0
2135,2190,护理学院,2022,18,17,1,5.555555555555555,0.21611565351486206,0.2097591757774353,-0.006356477737426758
2136,2191,护理学院,2022,18,18,0,0.0,0.21936501562595367,0.21936501562595367,0.0
2137,2192,护理学院,2022,18,18,0,0.0,0.22207961976528168,0.22207961976528168,0.0
2138,2193,护理学院,2022,18,18,0,0.0,0.14622586965560913,0.14622586965560913,0.0
2139,2194,护理学院,2022,18,18,0,0.0,0.10626541823148727,0.10626541823148727,0.0
2140,2195,护理学院,2022,18,18,0,0.0,0.17665742337703705,0.17665742337703705,0.0
2141,2196,药学院,2022,103,103,0,0.0,0.2617920935153961,0.2617920935153961,0.0
2142,2197,药学院,2022,103,101,2,1.9417475728155338,0.11380450427532196,0.10888497531414032,-0.004919528961181641
2143,2198,药学院,2022,103,89,14,13.592233009708737,0.21601006388664246,0.19235438108444214,-0.023655682802200317
2144,2199,药学院,2022,103,103,0,0.0,0.198058620095253,0.198058620095253,0.0
2145,2200,药学院,2022,103,89,14,13.592233009708737,0.241444930434227,0.2134903520345688,-0.027954578399658203
2146,2201,药学院,2022,103,103,0,0.0,0.1500280350446701,0.1500280350446701,0.0
2147,2202,药学院,2022,103,103,0,0.0,0.2073480486869812,0.2073480486869812,0.0
2148,2203,药学院,2022,103,90,13,12.62135922330097,0.26776400208473206,0.27888330817222595,0.011119306087493896
2149,2204,药学院,2022,103,98,5,4.854368932038835,0.18109069764614105,0.17359669506549835,-0.0074940025806427
2150,2205,第一临床学院,2022,572,572,0,0.0,0.21048927307128906,0.21048927307128906,0.0
2151,2206,第一临床学院,2022,572,570,2,0.34965034965034963,0.19535352289676666,0.19417724013328552,-0.0011762827634811401
2152,2207,第一临床学院,2022,572,567,5,0.8741258741258742,0.2160262018442154,0.21446040272712708,-0.0015657991170883179
2153,2208,第一临床学院,2022,572,570,2,0.34965034965034963,0.20930500328540802,0.2088884860277176,-0.0004165172576904297
2154,2209,第一临床学院,2022,572,571,1,0.17482517482517482,0.21243718266487122,0.21204465627670288,-0.00039252638816833496
2155,2210,第一临床学院,2022,572,564,8,1.3986013986013985,0.2039961814880371,0.19687579572200775,-0.007120385766029358
2156,2211,第一临床学院,2022,572,572,0,0.0,0.03198322281241417,0.03198322281241417,0.0
2157,2212,第一临床学院,2022,572,571,1,0.17482517482517482,0.03506219759583473,0.035248491913080215,0.0001862943172454834
2158,2213,第一临床学院,2022,572,568,4,0.6993006993006993,0.23464475572109222,0.23332548141479492,-0.0013192743062973022
2159,2214,第一临床学院,2022,572,572,0,0.0,0.13606739044189453,0.13606739044189453,0.0
2160,2215,第一临床学院,2022,572,569,3,0.5244755244755245,0.2457999438047409,0.24585451185703278,5.456805229187012e-05
2161,2216,第一临床学院,2022,572,566,6,1.048951048951049,0.12070544809103012,0.11962275952100754,-0.001082688570022583
2162,2217,第一临床学院,2022,572,526,46,8.041958041958042,0.17538905143737793,0.17558453977108002,0.0001954883337020874
2163,2218,第一临床学院,2022,572,568,4,0.6993006993006993,0.17980292439460754,0.17868290841579437,-0.0011200159788131714
2164,2219,第二临床学院,2022,486,482,4,0.823045267489712,0.01561377476900816,0.014228896237909794,-0.0013848785310983658
2165,2220,第二临床学院,2022,486,463,23,4.732510288065844,0.18663397431373596,0.1787668764591217,-0.007867097854614258
2166,2221,第二临床学院,2022,486,478,8,1.646090534979424,0.18281610310077667,0.18164534866809845,-0.0011707544326782227
2167,2222,第二临床学院,2022,486,486,0,0.0,0.22365039587020874,0.22365039587020874,0.0
2168,2223,第二临床学院,2022,486,484,2,0.411522633744856,0.2169061005115509,0.2159179151058197,-0.0009881854057312012
2169,2224,第二临床学院,2022,486,466,20,4.11522633744856,0.2120724320411682,0.20108841359615326,-0.010984018445014954
2170,2225,第二临床学院,2022,486,481,5,1.02880658436214,0.037590909749269485,0.03761155530810356,2.0645558834075928e-05
2171,2226,第二临床学院,2022,486,471,15,3.0864197530864197,0.23122505843639374,0.23503026366233826,0.003805205225944519
2172,2227,第二临床学院,2022,486,466,20,4.11522633744856,0.19764243066310883,0.18563738465309143,-0.012005046010017395
2173,2228,第二临床学院,2022,486,481,5,1.02880658436214,0.0313512459397316,0.03125645965337753,-9.478628635406494e-05
2174,2229,第二临床学院,2022,486,485,1,0.205761316872428,0.08391723781824112,0.0840592160820961,0.00014197826385498047
2175,2230,第二临床学院,2022,486,471,15,3.0864197530864197,0.23075784742832184,0.23520150780677795,0.004443660378456116
2176,2231,口腔医学院,2022,261,257,4,1.532567049808429,0.21111701428890228,0.2134033441543579,0.0022863298654556274
2177,2232,口腔医学院,2022,261,256,5,1.9157088122605364,0.15275873243808746,0.15383297204971313,0.0010742396116256714
2178,2233,口腔医学院,2022,261,261,0,0.0,0.12896457314491272,0.12896457314491272,0.0
2179,2234,口腔医学院,2022,261,261,0,0.0,0.162758931517601,0.162758931517601,0.0
2180,2235,口腔医学院,2022,261,257,4,1.532567049808429,0.22785872220993042,0.22828151285648346,0.00042279064655303955
2181,2236,口腔医学院,2022,261,261,0,0.0,0.19154655933380127,0.19154655933380127,0.0
2182,2237,口腔医学院,2022,261,257,4,1.532567049808429,0.20868876576423645,0.20787012577056885,-0.0008186399936676025
2183,2238,口腔医学院,2022,261,261,0,0.0,0.13357886672019958,0.13357886672019958,0.0
2184,2239,口腔医学院,2022,261,261,0,0.0,0.1238960474729538,0.1238960474729538,0.0
2185,2240,口腔医学院,2022,261,261,0,0.0,0.19541653990745544,0.19541653990745544,0.0
2186,2241,弘毅学堂,2022,318,318,0,0.0,0.010475183837115765,0.010475183837115765,0.0
2187,2242,弘毅学堂,2022,318,318,0,0.0,0.03121364675462246,0.03121364675462246,0.0
2188,2243,弘毅学堂,2022,318,318,0,0.0,0.04663783684372902,0.04663783684372902,0.0
2189,2244,弘毅学堂,2022,318,311,7,2.20125786163522,0.046380169689655304,0.04542626813054085,-0.0009539015591144562
2190,2245,弘毅学堂,2022,318,316,2,0.628930817610063,0.0437406450510025,0.04345463588833809,-0.00028600916266441345
2191,2246,弘毅学堂,2022,318,318,0,0.0,0.03445611149072647,0.03445611149072647,0.0
2192,2247,弘毅学堂,2022,318,311,7,2.20125786163522,0.011419614776968956,0.010572253726422787,-0.0008473610505461693
2193,2248,弘毅学堂,2022,318,317,1,0.3144654088050315,0.01680508814752102,0.016754670068621635,-5.0418078899383545e-05
2194,2249,弘毅学堂,2022,318,318,0,0.0,0.005493955686688423,0.005493955686688423,0.0
2195,2250,弘毅学堂,2022,318,318,0,0.0,0.11433221399784088,0.11433221399784088,0.0
2196,2251,测绘遥感信息工程国家重点实验室,2022,411,405,6,1.4598540145985401,0.20429213345050812,0.2051476240158081,0.0008554905652999878
2197,2252,测绘遥感信息工程国家重点实验室,2022,411,410,1,0.24330900243309003,0.12164836376905441,0.12149833142757416,-0.00015003234148025513
2198,2253,测绘遥感信息工程国家重点实验室,2022,411,411,0,0.0,0.2666304409503937,0.2666304409503937,0.0
2199,2254,测绘遥感信息工程国家重点实验室,2022,411,411,0,0.0,0.1905393898487091,0.1905393898487091,0.0
2200,2255,测绘遥感信息工程国家重点实验室,2022,411,375,36,8.75912408759124,0.24278686940670013,0.23523738980293274,-0.007549479603767395
2201,2256,测绘遥感信息工程国家重点实验室,2022,411,405,6,1.4598540145985401,0.24623185396194458,0.2447003275156021,-0.0015315264463424683
2202,2257,测绘遥感信息工程国家重点实验室,2022,411,401,10,2.4330900243309004,0.248086616396904,0.24548973143100739,-0.0025968849658966064
2203,2258,测绘遥感信息工程国家重点实验室,2022,411,389,22,5.35279805352798,0.10344915091991425,0.10364511609077454,0.00019596517086029053
2204,2259,测绘遥感信息工程国家重点实验室,2022,411,410,1,0.24330900243309003,0.2407190203666687,0.24140773713588715,0.0006887167692184448
2205,2260,测绘遥感信息工程国家重点实验室,2022,411,401,10,2.4330900243309004,0.15432250499725342,0.1545381098985672,0.00021560490131378174
2206,2261,测绘遥感信息工程国家重点实验室,2022,411,372,39,9.48905109489051,0.17040129005908966,0.16135936975479126,-0.009041920304298401
2207,2262,测绘遥感信息工程国家重点实验室,2022,411,406,5,1.2165450121654502,0.24111883342266083,0.23978473246097565,-0.0013341009616851807
2208,2263,测绘遥感信息工程国家重点实验室,2022,411,363,48,11.678832116788321,0.2749388515949249,0.2561159133911133,-0.018822938203811646
2209,2264,测绘遥感信息工程国家重点实验室,2022,411,410,1,0.24330900243309003,0.18129444122314453,0.18082262575626373,-0.00047181546688079834
2210,2265,测绘遥感信息工程国家重点实验室,2022,411,401,10,2.4330900243309004,0.2207663208246231,0.22194845974445343,0.0011821389198303223
2211,2266,测绘遥感信息工程国家重点实验室,2022,411,408,3,0.7299270072992701,0.2867077887058258,0.28775396943092346,0.0010461807250976562
2212,2269,文学院,2023,123,123,0,0.0,0.04417341202497482,0.04417341202497482,0.0
2213,2270,文学院,2023,123,123,0,0.0,0.02844143658876419,0.02844143658876419,0.0
2214,2271,文学院,2023,123,123,0,0.0,-0.017154483124613762,-0.017154483124613762,0.0
2215,2272,文学院,2023,123,123,0,0.0,0.10105788707733154,0.10105788707733154,0.0
2216,2273,外国语言文学学院,2023,181,181,0,0.0,0.048990648239851,0.048990648239851,0.0
2217,2274,新闻与传播学院,2023,49,47,2,4.081632653061225,0.007683887612074614,0.011117592453956604,0.0034337048418819904
2218,2275,新闻与传播学院,2023,49,48,1,2.0408163265306123,0.03639669343829155,0.03742799162864685,0.001031298190355301
2219,2276,经济与管理学院,2023,558,558,0,0.0,0.07473468780517578,0.07473468780517578,0.0
2220,2277,经济与管理学院,2023,558,558,0,0.0,0.12847775220870972,0.12847775220870972,0.0
2221,2278,经济与管理学院,2023,558,558,0,0.0,0.08131421357393265,0.08131421357393265,0.0
2222,2279,经济与管理学院,2023,558,528,30,5.376344086021505,0.10368901491165161,0.1034691259264946,-0.00021988898515701294
2223,2280,经济与管理学院,2023,558,558,0,0.0,0.057222139090299606,0.057222139090299606,0.0
2224,2281,经济与管理学院,2023,558,558,0,0.0,0.11584070324897766,0.11584070324897766,0.0
2225,2282,法学院,2023,140,132,8,5.714285714285714,0.032839469611644745,0.029484936967492104,-0.0033545326441526413
2226,2283,法学院,2023,140,135,5,3.571428571428571,-0.02087613195180893,-0.02415914088487625,-0.0032830089330673218
2227,2284,法学院,2023,140,140,0,0.0,0.043841131031513214,0.043841131031513214,0.0
2228,2285,法学院,2023,140,140,0,0.0,-0.0146139245480299,-0.0146139245480299,0.0
2229,2286,法学院,2023,140,140,0,0.0,0.01978587917983532,0.01978587917983532,0.0
2230,2287,法学院,2023,140,139,1,0.7142857142857143,0.013512847945094109,0.013166500255465508,-0.0003463476896286011
2231,2288,法学院,2023,140,140,0,0.0,0.038477156311273575,0.038477156311273575,0.0
2232,2289,法学院,2023,140,140,0,0.0,-0.008937894366681576,-0.008937894366681576,0.0
2233,2290,政治与公共管理学院,2023,67,64,3,4.477611940298507,0.034434571862220764,0.03673484921455383,0.002300277352333069
2234,2291,信息管理学院,2023,312,290,22,7.051282051282051,0.06212789565324783,0.06386063247919083,0.0017327368259429932
2235,2292,信息管理学院,2023,312,312,0,0.0,0.07830004394054413,0.07830004394054413,0.0
2236,2293,信息管理学院,2023,312,312,0,0.0,0.07621370255947113,0.07621370255947113,0.0
2237,2294,信息管理学院,2023,312,306,6,1.9230769230769231,0.09664993733167648,0.09102460741996765,-0.005625329911708832
2238,2295,信息管理学院,2023,312,294,18,5.769230769230769,0.12482906132936478,0.12220922112464905,-0.0026198402047157288
2239,2296,信息管理学院,2023,312,309,3,0.9615384615384616,0.08618398755788803,0.08441086858510971,-0.0017731189727783203
2240,2297,信息管理学院,2023,312,280,32,10.256410256410255,0.10758108645677567,0.1107562929391861,0.003175206482410431
2241,2298,物理科学与技术学院,2023,187,186,1,0.53475935828877,0.12351243197917938,0.12327132374048233,-0.000241108238697052
2242,2299,物理科学与技术学院,2023,187,186,1,0.53475935828877,0.10660171508789062,0.1066124439239502,1.0728836059570312e-05
2243,2300,化学与分子科学学院,2023,586,581,5,0.8532423208191127,0.2547505795955658,0.25308093428611755,-0.0016696453094482422
2244,2301,化学与分子科学学院,2023,586,572,14,2.3890784982935154,0.2083652764558792,0.2066991776227951,-0.0016660988330841064
2245,2302,化学与分子科学学院,2023,586,541,45,7.679180887372014,0.3530145287513733,0.3373172879219055,-0.015697240829467773
2246,2303,化学与分子科学学院,2023,586,574,12,2.04778156996587,0.27896103262901306,0.27619919180870056,-0.0027618408203125
2247,2304,生命科学学院,2023,410,408,2,0.4878048780487805,0.1608775556087494,0.1590794175863266,-0.0017981380224227905
2248,2305,生命科学学院,2023,410,384,26,6.341463414634147,0.22796954214572906,0.23252208530902863,0.0045525431632995605
2249,2306,生命科学学院,2023,410,401,9,2.195121951219512,0.17143861949443817,0.16832335293293,-0.0031152665615081787
2250,2307,生命科学学院,2023,410,408,2,0.4878048780487805,0.19896557927131653,0.19893641769886017,-2.9161572456359863e-05
2251,2308,生命科学学院,2023,410,408,2,0.4878048780487805,0.16623154282569885,0.16642336547374725,0.00019182264804840088
2252,2309,生命科学学院,2023,410,385,25,6.097560975609756,0.21072141826152802,0.21430636942386627,0.003584951162338257
2253,2310,资源与环境科学学院,2023,370,344,26,7.027027027027027,0.16583828628063202,0.15311934053897858,-0.012718945741653442
2254,2311,资源与环境科学学院,2023,370,370,0,0.0,0.036411531269550323,0.036411531269550323,0.0
2255,2312,资源与环境科学学院,2023,370,370,0,0.0,0.1651715189218521,0.1651715189218521,0.0
2256,2313,动力与机械学院,2023,340,323,17,5.0,0.1313474476337433,0.13127554953098297,-7.189810276031494e-05
2257,2314,动力与机械学院,2023,340,340,0,0.0,0.07007034868001938,0.07007034868001938,0.0
2258,2315,动力与机械学院,2023,340,313,27,7.941176470588235,0.17867262661457062,0.1625848412513733,-0.016087785363197327
2259,2316,动力与机械学院,2023,340,338,2,0.5882352941176471,0.12212324887514114,0.12215769290924072,3.444403409957886e-05
2260,2317,动力与机械学院,2023,340,323,17,5.0,0.09814610332250595,0.09766023606061935,-0.0004858672618865967
2261,2318,电气与自动化学院,2023,301,298,3,0.9966777408637874,0.20736519992351532,0.20774301886558533,0.0003778189420700073
2262,2319,电气与自动化学院,2023,301,300,1,0.33222591362126247,0.12795180082321167,0.12730704247951508,-0.0006447583436965942
2263,2320,电气与自动化学院,2023,301,301,0,0.0,0.11645838618278503,0.11645838618278503,0.0
2264,2321,电气与自动化学院,2023,301,300,1,0.33222591362126247,0.22318430244922638,0.22296541929244995,-0.00021888315677642822
2265,2322,土木建筑工程学院,2023,382,337,45,11.780104712041885,0.22475147247314453,0.19999463856220245,-0.024756833910942078
2266,2323,土木建筑工程学院,2023,382,369,13,3.4031413612565444,0.13329407572746277,0.1300448179244995,-0.003249257802963257
2267,2324,水利水电学院,2023,400,369,31,7.75,0.16901732981204987,0.15677973628044128,-0.012237593531608582
2268,2325,水利水电学院,2023,400,369,31,7.75,0.1754218488931656,0.1623593270778656,-0.013062521815299988
2269,2326,水利水电学院,2023,400,387,13,3.25,0.20470848679542542,0.19841788709163666,-0.006290599703788757
2270,2327,城市设计学院,2023,167,153,14,8.383233532934131,0.13666827976703644,0.14200283586978912,0.0053345561027526855
2271,2328,城市设计学院,2023,167,165,2,1.1976047904191618,0.11684968322515488,0.12006191164255142,0.0032122284173965454
2272,2329,城市设计学院,2023,167,167,0,0.0,0.1168941929936409,0.1168941929936409,0.0
2273,2330,城市设计学院,2023,167,165,2,1.1976047904191618,0.1451963633298874,0.14900551736354828,0.0038091540336608887
2274,2331,电子信息学院,2023,272,272,0,0.0,0.13177919387817383,0.13177919387817383,0.0
2275,2332,电子信息学院,2023,272,268,4,1.4705882352941175,0.14083918929100037,0.13958261907100677,-0.0012565702199935913
2276,2333,电子信息学院,2023,272,265,7,2.5735294117647056,0.15938609838485718,0.1482786387205124,-0.011107459664344788
2277,2334,电子信息学院,2023,272,251,21,7.720588235294118,0.18177706003189087,0.16189587116241455,-0.01988118886947632
2278,2335,电子信息学院,2023,272,271,1,0.3676470588235294,0.11229775846004486,0.11208835989236832,-0.0002093985676765442
2279,2336,电子信息学院,2023,272,268,4,1.4705882352941175,0.11395222693681717,0.11125480383634567,-0.0026974231004714966
2280,2337,电子信息学院,2023,272,269,3,1.1029411764705883,0.11171086877584457,0.1082984060049057,-0.0034124627709388733
2281,2338,电子信息学院,2023,272,267,5,1.8382352941176472,0.10608993470668793,0.10533059388399124,-0.0007593408226966858
2282,2339,电子信息学院,2023,272,272,0,0.0,0.11777608841657639,0.11777608841657639,0.0
2283,2340,电子信息学院,2023,272,272,0,0.0,0.17266815900802612,0.17266815900802612,0.0
2284,2341,电子信息学院,2023,272,272,0,0.0,0.11023406684398651,0.11023406684398651,0.0
2285,2342,计算机学院,2023,238,231,7,2.941176470588235,0.175337016582489,0.17596690356731415,0.0006298869848251343
2286,2343,遥感信息工程学院,2023,287,287,0,0.0,0.22816304862499237,0.22816304862499237,0.0
2287,2344,遥感信息工程学院,2023,287,287,0,0.0,0.15991245210170746,0.15991245210170746,0.0
2288,2345,遥感信息工程学院,2023,287,282,5,1.7421602787456445,0.23147444427013397,0.23117227852344513,-0.0003021657466888428
2289,2346,遥感信息工程学院,2023,287,254,33,11.498257839721255,0.20869265496730804,0.22723524272441864,0.018542587757110596
2290,2347,测绘学院,2023,422,420,2,0.47393364928909953,0.16622546315193176,0.1650671660900116,-0.001158297061920166
2291,2348,测绘学院,2023,422,418,4,0.9478672985781991,0.20362424850463867,0.20384123921394348,0.00021699070930480957
2292,2357,公共卫生学院,2023,60,50,10,16.666666666666664,0.24867700040340424,0.22118137776851654,-0.027495622634887695
2293,2358,公共卫生学院,2023,60,57,3,5.0,0.24671463668346405,0.24626681208610535,-0.0004478245973587036
2294,2359,公共卫生学院,2023,60,59,1,1.6666666666666667,0.17118988931179047,0.16688543558120728,-0.004304453730583191
2295,2360,公共卫生学院,2023,60,59,1,1.6666666666666667,0.14639002084732056,0.1445356160402298,-0.0018544048070907593
2296,2361,公共卫生学院,2023,60,60,0,0.0,0.1515061855316162,0.1515061855316162,0.0
2297,2362,护理学院,2023,27,27,0,0.0,0.12138809263706207,0.12138809263706207,0.0
2298,2363,护理学院,2023,27,19,8,29.629629629629626,0.15711548924446106,0.11338703334331512,-0.043728455901145935
2299,2364,护理学院,2023,27,27,0,0.0,0.1332198977470398,0.1332198977470398,0.0
2300,2365,护理学院,2023,27,27,0,0.0,0.14140518009662628,0.14140518009662628,0.0
2301,2366,护理学院,2023,27,18,9,33.33333333333333,0.13198235630989075,0.13551625609397888,0.0035338997840881348
2302,2367,药学院,2023,140,134,6,4.285714285714286,0.23366717994213104,0.22548583149909973,-0.008181348443031311
2303,2368,药学院,2023,140,121,19,13.571428571428571,0.20496101677417755,0.18544794619083405,-0.019513070583343506
2304,2369,药学院,2023,140,133,7,5.0,0.24434050917625427,0.236565500497818,-0.007775008678436279
2305,2370,第一临床学院,2023,754,750,4,0.5305039787798408,0.23470790684223175,0.2332117110490799,-0.0014961957931518555
2306,2371,第一临床学院,2023,754,752,2,0.2652519893899204,0.19132459163665771,0.1911916583776474,-0.00013293325901031494
2307,2372,第一临床学院,2023,754,749,5,0.6631299734748011,0.17046718299388885,0.1680339276790619,-0.0024332553148269653
2308,2373,第一临床学院,2023,754,732,22,2.9177718832891246,0.2198885828256607,0.2151080220937729,-0.004780560731887817
2309,2374,第一临床学院,2023,754,750,4,0.5305039787798408,0.10016632080078125,0.09988652914762497,-0.0002797916531562805
2310,2375,第一临床学院,2023,754,751,3,0.3978779840848806,0.1982063204050064,0.19650202989578247,-0.001704290509223938
2311,2376,第一临床学院,2023,754,714,40,5.305039787798409,0.20273172855377197,0.1915026158094406,-0.01122911274433136
2312,2377,第一临床学院,2023,754,748,6,0.7957559681697612,0.2332383692264557,0.23226822912693024,-0.0009701400995254517
2313,2378,第二临床学院,2023,617,554,63,10.21069692058347,0.04929111897945404,0.04825860261917114,-0.001032516360282898
2314,2379,第二临床学院,2023,617,587,30,4.862236628849271,0.1576412171125412,0.15517859160900116,-0.002462625503540039
2315,2380,第二临床学院,2023,617,591,26,4.213938411669368,0.2065829038619995,0.20043227076530457,-0.006150633096694946
2316,2381,第二临床学院,2023,617,582,35,5.6726094003241485,0.15385174751281738,0.14269760251045227,-0.011154145002365112
2317,2382,第二临床学院,2023,617,591,26,4.213938411669368,0.22140121459960938,0.21749882400035858,-0.0039023905992507935
2318,2383,第二临床学院,2023,617,613,4,0.6482982171799028,0.1426832228899002,0.1402413249015808,-0.002441897988319397
2319,2384,第二临床学院,2023,617,617,0,0.0,0.08756943047046661,0.08756943047046661,0.0
2320,2385,第二临床学院,2023,617,602,15,2.4311183144246353,0.20040984451770782,0.20400942862033844,0.0035995841026306152
2321,2386,第二临床学院,2023,617,615,2,0.3241491085899514,0.12268081307411194,0.12242637574672699,-0.00025443732738494873
2322,2387,第二临床学院,2023,617,554,63,10.21069692058347,0.04470450431108475,0.04341273009777069,-0.0012917742133140564
2323,2388,第二临床学院,2023,617,615,2,0.3241491085899514,0.21160458028316498,0.21092702448368073,-0.0006775557994842529
2324,2389,口腔医学院,2023,345,344,1,0.2898550724637681,0.2139609009027481,0.21359030902385712,-0.0003705918788909912
2325,2390,口腔医学院,2023,345,318,27,7.82608695652174,0.22421447932720184,0.21945442259311676,-0.004760056734085083
2326,2391,口腔医学院,2023,345,334,11,3.1884057971014492,0.175278440117836,0.16649463772773743,-0.008783802390098572
2327,2392,口腔医学院,2023,345,342,3,0.8695652173913043,0.10092280060052872,0.10049118101596832,-0.0004316195845603943
2328,2393,口腔医学院,2023,345,334,11,3.1884057971014492,0.11579291522502899,0.11399953067302704,-0.0017933845520019531
2329,2394,口腔医学院,2023,345,329,16,4.63768115942029,0.21888962388038635,0.2220877856016159,0.0031981617212295532
2330,2395,弘毅学堂,2023,422,422,0,0.0,0.0620257742702961,0.0620257742702961,0.0
2331,2396,弘毅学堂,2023,422,421,1,0.23696682464454977,0.06184826418757439,0.06187599524855614,2.7731060981750488e-05
2332,2397,弘毅学堂,2023,422,422,0,0.0,0.016166921705007553,0.016166921705007553,0.0
2333,2398,测绘遥感信息工程国家重点实验室,2023,539,495,44,8.16326530612245,0.2487749308347702,0.24070027470588684,-0.008074656128883362
2334,2399,测绘遥感信息工程国家重点实验室,2023,539,539,0,0.0,0.21006856858730316,0.21006856858730316,0.0
2335,2400,测绘遥感信息工程国家重点实验室,2023,539,533,6,1.1131725417439702,0.15234066545963287,0.15213699638843536,-0.00020366907119750977
2336,2401,测绘遥感信息工程国家重点实验室,2023,539,527,12,2.2263450834879404,0.24455827474594116,0.2420337200164795,-0.00252455472946167
2337,2402,测绘遥感信息工程国家重点实验室,2023,539,539,0,0.0,0.20464231073856354,0.20464231073856354,0.0
2338,2403,测绘遥感信息工程国家重点实验室,2023,539,527,12,2.2263450834879404,0.2546016573905945,0.25307992100715637,-0.0015217363834381104
2339,2404,测绘遥感信息工程国家重点实验室,2023,539,495,44,8.16326530612245,0.2725565731525421,0.2625277042388916,-0.010028868913650513
2340,2405,测绘遥感信息工程国家重点实验室,2023,539,539,0,0.0,0.2705727517604828,0.2705727517604828,0.0
2341,2406,测绘遥感信息工程国家重点实验室,2023,539,529,10,1.855287569573284,0.2255847156047821,0.22720296680927277,0.0016182512044906616
2342,2407,测绘遥感信息工程国家重点实验室,2023,539,533,6,1.1131725417439702,0.19047141075134277,0.1893489509820938,-0.0011224597692489624
2343,2408,测绘遥感信息工程国家重点实验室,2023,539,538,1,0.1855287569573284,0.19658783078193665,0.1970531940460205,0.0004653632640838623
2344,2409,测绘遥感信息工程国家重点实验室,2023,539,481,58,10.760667903525047,0.25388675928115845,0.24141155183315277,-0.012475207448005676
2345,2412,工业科学研究院,2023,44,20,24,54.54545454545454,0.3155839145183563,0.2827386260032654,-0.03284528851509094
2346,2413,工业科学研究院,2023,44,41,3,6.8181818181818175,0.35037872195243835,0.3383414149284363,-0.012037307024002075
2347,2418,中国南极测绘研究中心,2023,20,14,6,30.0,0.3330831825733185,0.34751108288764954,0.014427900314331055
2348,2419,哲学学院,2023,106,106,0,0.0,0.06072642654180527,0.06072642654180527,0.0
2349,2420,哲学学院,2023,106,106,0,0.0,0.013101409189403057,0.013101409189403057,0.0
2350,2421,文学院,2023,123,123,0,0.0,0.043712761253118515,0.043712761253118515,0.0
2351,2422,文学院,2023,123,122,1,0.8130081300813009,0.0028625514823943377,0.002856627106666565,-5.924375727772713e-06
2352,2423,文学院,2023,123,123,0,0.0,0.04034696891903877,0.04034696891903877,0.0
2353,2424,文学院,2023,123,123,0,0.0,0.04040141403675079,0.04040141403675079,0.0
2354,2425,文学院,2023,123,120,3,2.4390243902439024,0.029507571831345558,0.02733944170176983,-0.0021681301295757294
2355,2426,文学院,2023,123,123,0,0.0,0.008778772316873074,0.008778772316873074,0.0
2356,2427,文学院,2023,123,123,0,0.0,0.06809191405773163,0.06809191405773163,0.0
2357,2428,文学院,2023,123,123,0,0.0,-0.014643384143710136,-0.014643384143710136,0.0
2358,2429,文学院,2023,123,120,3,2.4390243902439024,0.04619447514414787,0.04503585398197174,-0.0011586211621761322
2359,2430,文学院,2023,123,123,0,0.0,0.021210290491580963,0.021210290491580963,0.0
2360,2431,文学院,2023,123,123,0,0.0,0.05073083937168121,0.05073083937168121,0.0
2361,2432,文学院,2023,123,123,0,0.0,0.010155247524380684,0.010155247524380684,0.0
2362,2433,外国语言文学学院,2023,181,179,2,1.1049723756906076,0.06095341593027115,0.06214715167880058,0.0011937357485294342
2363,2434,外国语言文学学院,2023,181,176,5,2.7624309392265194,-0.041963763535022736,-0.04086475074291229,0.0010990127921104431
2364,2435,外国语言文学学院,2023,181,179,2,1.1049723756906076,0.03991982713341713,0.039632391184568405,-0.00028743594884872437
2365,2436,新闻与传播学院,2023,49,49,0,0.0,0.0650346651673317,0.0650346651673317,0.0
2366,2437,新闻与传播学院,2023,49,49,0,0.0,0.04204512760043144,0.04204512760043144,0.0
2367,2438,新闻与传播学院,2023,49,48,1,2.0408163265306123,0.07494045048952103,0.06888125091791153,-0.006059199571609497
2368,2439,新闻与传播学院,2023,49,49,0,0.0,0.034373462200164795,0.034373462200164795,0.0
2369,2440,新闻与传播学院,2023,49,49,0,0.0,0.06131288409233093,0.06131288409233093,0.0
2370,2441,新闻与传播学院,2023,49,49,0,0.0,0.03014267422258854,0.03014267422258854,0.0
2371,2442,历史学院,2023,27,27,0,0.0,0.03461279720067978,0.03461279720067978,0.0
2372,2443,历史学院,2023,27,26,1,3.7037037037037033,0.007505952846258879,0.003682139329612255,-0.0038238135166466236
2373,2444,艺术学院,2023,50,34,16,32.0,-0.02134654112160206,0.0057232012040913105,0.02706974232569337
2374,2445,经济与管理学院,2023,558,558,0,0.0,0.0459454208612442,0.0459454208612442,0.0
2375,2446,经济与管理学院,2023,558,557,1,0.17921146953405018,0.06741391122341156,0.0673903375864029,-2.3573637008666992e-05
2376,2447,经济与管理学院,2023,558,556,2,0.35842293906810035,0.03657403215765953,0.03682772442698479,0.00025369226932525635
2377,2448,经济与管理学院,2023,558,557,1,0.17921146953405018,0.07217962294816971,0.07119984179735184,-0.000979781150817871
2378,2449,经济与管理学院,2023,558,542,16,2.867383512544803,0.18122069537639618,0.17385075986385345,-0.007369935512542725
2379,2450,经济与管理学院,2023,558,557,1,0.17921146953405018,0.11015506088733673,0.1095893606543541,-0.0005657002329826355
2380,2451,经济与管理学院,2023,558,558,0,0.0,0.10961692035198212,0.10961692035198212,0.0
2381,2452,经济与管理学院,2023,558,557,1,0.17921146953405018,0.11011981219053268,0.11034968495368958,0.00022987276315689087
2382,2453,经济与管理学院,2023,558,558,0,0.0,0.0826379805803299,0.0826379805803299,0.0
2383,2454,经济与管理学院,2023,558,557,1,0.17921146953405018,0.07098817825317383,0.07091931998729706,-6.885826587677002e-05
2384,2455,经济与管理学院,2023,558,557,1,0.17921146953405018,0.09637360274791718,0.09622728079557419,-0.00014632195234298706
2385,2456,经济与管理学院,2023,558,558,0,0.0,0.07652311772108078,0.07652311772108078,0.0
2386,2457,经济与管理学院,2023,558,556,2,0.35842293906810035,0.08633614331483841,0.08583693206310272,-0.0004992112517356873
2387,2458,经济与管理学院,2023,558,556,2,0.35842293906810035,0.09654208272695541,0.09635181725025177,-0.0001902654767036438
2388,2459,经济与管理学院,2023,558,558,0,0.0,0.05636678263545036,0.05636678263545036,0.0
2389,2460,经济与管理学院,2023,558,558,0,0.0,0.11924620717763901,0.11924620717763901,0.0
2390,2461,经济与管理学院,2023,558,557,1,0.17921146953405018,0.09366586804389954,0.09326367825269699,-0.00040218979120254517
2391,2462,经济与管理学院,2023,558,551,7,1.2544802867383513,0.13048119843006134,0.13034780323505402,-0.00013339519500732422
2392,2463,法学院,2023,140,139,1,0.7142857142857143,0.023019101470708847,0.023681236431002617,0.0006621349602937698
2393,2464,法学院,2023,140,140,0,0.0,0.12415587902069092,0.12415587902069092,0.0
2394,2465,法学院,2023,140,131,9,6.428571428571428,0.028529280796647072,0.03128933534026146,0.0027600545436143875
2395,2466,法学院,2023,140,131,9,6.428571428571428,0.002130529610440135,0.0039017137605696917,0.0017711841501295567
2396,2467,法学院,2023,140,140,0,0.0,0.004432640969753265,0.004432640969753265,0.0
2397,2468,法学院,2023,140,140,0,0.0,0.05601359158754349,0.05601359158754349,0.0
2398,2469,法学院,2023,140,140,0,0.0,0.012247972190380096,0.012247972190380096,0.0
2399,2470,法学院,2023,140,140,0,0.0,-0.02362903207540512,-0.02362903207540512,0.0
2400,2471,法学院,2023,140,140,0,0.0,-0.011558697558939457,-0.011558697558939457,0.0
2401,2472,法学院,2023,140,140,0,0.0,0.01280594989657402,0.01280594989657402,0.0
2402,2473,法学院,2023,140,140,0,0.0,0.046109046787023544,0.046109046787023544,0.0
2403,2474,法学院,2023,140,139,1,0.7142857142857143,-0.0178556926548481,-0.018466660752892494,-0.0006109680980443954
2404,2475,法学院,2023,140,132,8,5.714285714285714,0.0671471655368805,0.06228219345211983,-0.004864972084760666
2405,2476,法学院,2023,140,103,37,26.42857142857143,0.06303886324167252,0.05547409504652023,-0.007564768195152283
2406,2477,法学院,2023,140,140,0,0.0,-0.005633717868477106,-0.005633717868477106,0.0
2407,2478,法学院,2023,140,140,0,0.0,0.04827997460961342,0.04827997460961342,0.0
2408,2479,法学院,2023,140,138,2,1.4285714285714286,0.048117540776729584,0.04888290539383888,0.0007653646171092987
2409,2480,法学院,2023,140,140,0,0.0,-0.010551609098911285,-0.010551609098911285,0.0
2410,2481,法学院,2023,140,138,2,1.4285714285714286,0.0075968606397509575,0.008892109617590904,0.0012952489778399467
2411,2482,法学院,2023,140,132,8,5.714285714285714,0.0013168074656277895,0.010322066955268383,0.009005259489640594
2412,2483,法学院,2023,140,140,0,0.0,-0.010062803514301777,-0.010062803514301777,0.0
2413,2484,法学院,2023,140,139,1,0.7142857142857143,0.09792911261320114,0.09776085615158081,-0.0001682564616203308
2414,2485,法学院,2023,140,136,4,2.857142857142857,-0.005272559355944395,-0.0071291010826826096,-0.0018565417267382145
2415,2486,法学院,2023,140,138,2,1.4285714285714286,-0.026288636028766632,-0.0246843583881855,0.001604277640581131
2416,2487,法学院,2023,140,140,0,0.0,0.04222683981060982,0.04222683981060982,0.0
2417,2488,政治与公共管理学院,2023,67,67,0,0.0,0.04004485160112381,0.04004485160112381,0.0
2418,2489,政治与公共管理学院,2023,67,67,0,0.0,0.06243622303009033,0.06243622303009033,0.0
2419,2490,政治与公共管理学院,2023,67,67,0,0.0,0.033244967460632324,0.033244967460632324,0.0
2420,2491,马克思主义学院,2023,8,8,0,0.0,0.01400837767869234,0.01400837767869234,0.0
2421,2492,马克思主义学院,2023,8,2,6,75.0,0.04395609349012375,-0.008407384157180786,-0.052363477647304535
2422,2493,信息管理学院,2023,312,309,3,0.9615384615384616,0.07138122618198395,0.07035955786705017,-0.0010216683149337769
2423,2494,信息管理学院,2023,312,294,18,5.769230769230769,0.17030398547649384,0.1709960401058197,0.0006920546293258667
2424,2495,信息管理学院,2023,312,312,0,0.0,0.04597945511341095,0.04597945511341095,0.0
2425,2496,信息管理学院,2023,312,312,0,0.0,0.06515249609947205,0.06515249609947205,0.0
2426,2497,信息管理学院,2023,312,289,23,7.371794871794872,0.1092769056558609,0.10880640894174576,-0.0004704967141151428
2427,2498,信息管理学院,2023,312,311,1,0.3205128205128205,0.053850624710321426,0.05394573137164116,9.510666131973267e-05
2428,2499,信息管理学院,2023,312,280,32,10.256410256410255,0.12476400285959244,0.11938953399658203,-0.0053744688630104065
2429,2500,信息管理学院,2023,312,290,22,7.051282051282051,0.09286647289991379,0.09504500776529312,0.0021785348653793335
2430,2501,信息管理学院,2023,312,306,6,1.9230769230769231,0.15624848008155823,0.14995811879634857,-0.006290361285209656
2431,2502,信息管理学院,2023,312,312,0,0.0,0.06406660377979279,0.06406660377979279,0.0
2432,2503,信息管理学院,2023,312,299,13,4.166666666666666,0.0577753521502018,0.05496934801340103,-0.002806004136800766
2433,2504,信息管理学院,2023,312,289,23,7.371794871794872,0.07176230847835541,0.07428526133298874,0.0025229528546333313
2434,2505,信息管理学院,2023,312,308,4,1.282051282051282,0.07706034183502197,0.0757206380367279,-0.0013397037982940674
2435,2506,信息管理学院,2023,312,312,0,0.0,0.07269775122404099,0.07269775122404099,0.0
2436,2507,信息管理学院,2023,312,311,1,0.3205128205128205,0.1058989092707634,0.1055135428905487,-0.00038536638021469116
2437,2508,信息管理学院,2023,312,301,11,3.5256410256410255,0.09080833196640015,0.08696550130844116,-0.0038428306579589844
2438,2509,信息管理学院,2023,312,312,0,0.0,0.07694799453020096,0.07694799453020096,0.0
2439,2510,信息管理学院,2023,312,300,12,3.8461538461538463,0.07655152678489685,0.07711568474769592,0.0005641579627990723
2440,2511,信息管理学院,2023,312,306,6,1.9230769230769231,0.07436433434486389,0.07580594718456268,0.0014416128396987915
2441,2512,信息管理学院,2023,312,312,0,0.0,0.08220550417900085,0.08220550417900085,0.0
2442,2513,信息管理学院,2023,312,311,1,0.3205128205128205,0.038663532584905624,0.03845459222793579,-0.00020894035696983337
2443,2514,数学与统计学院,2023,19,14,5,26.31578947368421,0.18006879091262817,0.12580932676792145,-0.054259464144706726
2444,2515,物理科学与技术学院,2023,187,185,2,1.06951871657754,0.13907867670059204,0.13435502350330353,-0.004723653197288513
2445,2516,物理科学与技术学院,2023,187,187,0,0.0,0.07454603165388107,0.07454603165388107,0.0
2446,2517,物理科学与技术学院,2023,187,186,1,0.53475935828877,0.1288681924343109,0.12667609751224518,-0.002192094922065735
2447,2518,物理科学与技术学院,2023,187,185,2,1.06951871657754,0.173044353723526,0.16732189059257507,-0.005722463130950928
2448,2519,物理科学与技术学院,2023,187,171,16,8.55614973262032,0.28499025106430054,0.269317090511322,-0.015673160552978516
2449,2520,化学与分子科学学院,2023,586,586,0,0.0,0.3170163035392761,0.3170163035392761,0.0
2450,2521,化学与分子科学学院,2023,586,572,14,2.3890784982935154,0.247096449136734,0.24209867417812347,-0.004997774958610535
2451,2522,化学与分子科学学院,2023,586,586,0,0.0,0.31960251927375793,0.31960251927375793,0.0
2452,2523,化学与分子科学学院,2023,586,565,21,3.583617747440273,0.32624420523643494,0.32117578387260437,-0.005068421363830566
2453,2524,化学与分子科学学院,2023,586,582,4,0.6825938566552902,0.15546341240406036,0.15404143929481506,-0.0014219731092453003
2454,2525,化学与分子科学学院,2023,586,586,0,0.0,0.278264582157135,0.278264582157135,0.0
2455,2526,化学与分子科学学院,2023,586,576,10,1.7064846416382253,0.3541039824485779,0.3502753973007202,-0.003828585147857666
2456,2527,化学与分子科学学院,2023,586,581,5,0.8532423208191127,0.3330354690551758,0.3332373797893524,0.00020191073417663574
2457,2528,化学与分子科学学院,2023,586,582,4,0.6825938566552902,0.20983143150806427,0.20968717336654663,-0.00014425814151763916
2458,2529,化学与分子科学学院,2023,586,580,6,1.023890784982935,0.24874553084373474,0.24776524305343628,-0.000980287790298462
2459,2530,化学与分子科学学院,2023,586,580,6,1.023890784982935,0.344943106174469,0.343174546957016,-0.001768559217453003
2460,2531,化学与分子科学学院,2023,586,541,45,7.679180887372014,0.3224855363368988,0.30440518260002136,-0.01808035373687744
2461,2532,化学与分子科学学院,2023,586,586,0,0.0,0.24664467573165894,0.24664467573165894,0.0
2462,2533,生命科学学院,2023,410,404,6,1.4634146341463417,0.20486868917942047,0.20395979285240173,-0.0009088963270187378
2463,2534,生命科学学院,2023,410,403,7,1.707317073170732,0.2322499006986618,0.2287779003381729,-0.0034720003604888916
2464,2535,生命科学学院,2023,410,410,0,0.0,0.1641480028629303,0.1641480028629303,0.0
2465,2536,生命科学学院,2023,410,398,12,2.9268292682926833,0.2280704379081726,0.2234145551919937,-0.004655882716178894
2466,2537,生命科学学院,2023,410,408,2,0.4878048780487805,0.2114277482032776,0.2103981375694275,-0.0010296106338500977
2467,2538,生命科学学院,2023,410,371,39,9.512195121951219,0.07937565445899963,0.0847574919462204,0.005381837487220764
2468,2539,生命科学学院,2023,410,404,6,1.4634146341463417,0.08800479024648666,0.08698192238807678,-0.0010228678584098816
2469,2540,生命科学学院,2023,410,410,0,0.0,0.19603469967842102,0.19603469967842102,0.0
2470,2541,生命科学学院,2023,410,401,9,2.195121951219512,0.15527571737766266,0.15017426013946533,-0.005101457238197327
2471,2542,生命科学学院,2023,410,408,2,0.4878048780487805,0.16016116738319397,0.15969635546207428,-0.00046481192111968994
2472,2543,生命科学学院,2023,410,410,0,0.0,0.13464058935642242,0.13464058935642242,0.0
2473,2544,生命科学学院,2023,410,404,6,1.4634146341463417,0.20510146021842957,0.19869545102119446,-0.006406009197235107
2474,2545,生命科学学院,2023,410,410,0,0.0,0.08798140287399292,0.08798140287399292,0.0
2475,2546,生命科学学院,2023,410,406,4,0.975609756097561,0.20641133189201355,0.2063676118850708,-4.3720006942749023e-05
2476,2547,生命科学学院,2023,410,408,2,0.4878048780487805,0.19353696703910828,0.19336040318012238,-0.00017656385898590088
2477,2548,生命科学学院,2023,410,410,0,0.0,0.10693569481372833,0.10693569481372833,0.0
2478,2549,生命科学学院,2023,410,408,2,0.4878048780487805,0.14512258768081665,0.14451655745506287,-0.0006060302257537842
2479,2550,生命科学学院,2023,410,407,3,0.7317073170731708,0.1524088978767395,0.15149454772472382,-0.000914350152015686
2480,2551,生命科学学院,2023,410,384,26,6.341463414634147,0.2222301959991455,0.21179921925067902,-0.010430976748466492
2481,2552,资源与环境科学学院,2023,370,369,1,0.2702702702702703,0.08045544475317001,0.07991057634353638,-0.0005448684096336365
2482,2553,资源与环境科学学院,2023,370,349,21,5.675675675675676,0.16323311626911163,0.1511564701795578,-0.012076646089553833
2483,2554,资源与环境科学学院,2023,370,359,11,2.9729729729729732,0.1218903511762619,0.11829394102096558,-0.0035964101552963257
2484,2555,资源与环境科学学院,2023,370,359,11,2.9729729729729732,0.17216695845127106,0.162522554397583,-0.00964440405368805
2485,2556,资源与环境科学学院,2023,370,362,8,2.1621621621621623,0.24621792137622833,0.24329954385757446,-0.0029183775186538696
2486,2557,资源与环境科学学院,2023,370,365,5,1.3513513513513513,0.22761143743991852,0.22483518719673157,-0.0027762502431869507
2487,2558,资源与环境科学学院,2023,370,344,26,7.027027027027027,0.08600997924804688,0.06654397398233414,-0.019466005265712738
2488,2559,资源与环境科学学院,2023,370,369,1,0.2702702702702703,0.1333969384431839,0.13231691718101501,-0.0010800212621688843
2489,2560,资源与环境科学学院,2023,370,370,0,0.0,0.07531436532735825,0.07531436532735825,0.0
2490,2561,资源与环境科学学院,2023,370,370,0,0.0,0.1289149671792984,0.1289149671792984,0.0
2491,2562,动力与机械学院,2023,340,340,0,0.0,0.1723773181438446,0.1723773181438446,0.0
2492,2563,动力与机械学院,2023,340,320,20,5.88235294117647,0.17488829791545868,0.1812787801027298,0.006390482187271118
2493,2564,动力与机械学院,2023,340,321,19,5.588235294117648,0.2314343899488449,0.23047110438346863,-0.0009632855653762817
2494,2565,动力与机械学院,2023,340,322,18,5.294117647058823,0.21183985471725464,0.19907981157302856,-0.012760043144226074
2495,2566,动力与机械学院,2023,340,312,28,8.235294117647058,0.17804409563541412,0.1571463942527771,-0.020897701382637024
2496,2567,动力与机械学院,2023,340,334,6,1.7647058823529411,0.19044142961502075,0.1886187642812729,-0.0018226653337478638
2497,2568,动力与机械学院,2023,340,340,0,0.0,0.18823479115962982,0.18823479115962982,0.0
2498,2569,动力与机械学院,2023,340,339,1,0.29411764705882354,0.1303328275680542,0.13039427995681763,6.145238876342773e-05
2499,2570,动力与机械学院,2023,340,309,31,9.117647058823529,0.13634201884269714,0.13798929750919342,0.0016472786664962769
2500,2571,动力与机械学院,2023,340,339,1,0.29411764705882354,0.1506752222776413,0.1506456583738327,-2.956390380859375e-05
2501,2572,动力与机械学院,2023,340,339,1,0.29411764705882354,0.08185065537691116,0.08222588151693344,0.00037522614002227783
2502,2573,动力与机械学院,2023,340,340,0,0.0,0.11077181994915009,0.11077181994915009,0.0
2503,2574,动力与机械学院,2023,340,321,19,5.588235294117648,0.23763838410377502,0.23686708509922028,-0.0007712990045547485
2504,2575,动力与机械学院,2023,340,340,0,0.0,0.04551146179437637,0.04551146179437637,0.0
2505,2576,动力与机械学院,2023,340,339,1,0.29411764705882354,0.1697712242603302,0.17036794126033783,0.0005967170000076294
2506,2577,动力与机械学院,2023,340,339,1,0.29411764705882354,0.10284727066755295,0.10308124125003815,0.00023397058248519897
2507,2579,电气与自动化学院,2023,301,298,3,0.9966777408637874,0.20473924279212952,0.2041892558336258,-0.0005499869585037231
2508,2580,电气与自动化学院,2023,301,301,0,0.0,0.18193650245666504,0.18193650245666504,0.0
2509,2581,电气与自动化学院,2023,301,296,5,1.6611295681063125,0.22326400876045227,0.22045351564884186,-0.0028104931116104126
2510,2582,电气与自动化学院,2023,301,300,1,0.33222591362126247,0.09362255781888962,0.09360379725694656,-1.87605619430542e-05
2511,2583,电气与自动化学院,2023,301,295,6,1.9933554817275747,0.14450812339782715,0.1436614692211151,-0.0008466541767120361
2512,2584,电气与自动化学院,2023,301,300,1,0.33222591362126247,0.22433461248874664,0.22456151247024536,0.00022689998149871826
2513,2585,电气与自动化学院,2023,301,298,3,0.9966777408637874,0.21086379885673523,0.21071065962314606,-0.00015313923358917236
2514,2586,电气与自动化学院,2023,301,298,3,0.9966777408637874,0.25558215379714966,0.2546042501926422,-0.0009779036045074463
2515,2587,电气与自动化学院,2023,301,300,1,0.33222591362126247,0.17978167533874512,0.1794074922800064,-0.0003741830587387085
2516,2588,电气与自动化学院,2023,301,300,1,0.33222591362126247,0.21212492883205414,0.21271198987960815,0.0005870610475540161
2517,2589,电气与自动化学院,2023,301,289,12,3.9867109634551494,0.18216325342655182,0.17403432726860046,-0.008128926157951355
2518,2590,电气与自动化学院,2023,301,295,6,1.9933554817275747,0.15398362278938293,0.1533564031124115,-0.0006272196769714355
2519,2591,土木建筑工程学院,2023,382,371,11,2.8795811518324608,0.23269030451774597,0.2244354486465454,-0.008254855871200562
2520,2592,土木建筑工程学院,2023,382,335,47,12.30366492146597,0.22916840016841888,0.20848597586154938,-0.020682424306869507
2521,2593,土木建筑工程学院,2023,382,369,13,3.4031413612565444,0.1153019592165947,0.10733448714017868,-0.007967472076416016
2522,2594,土木建筑工程学院,2023,382,376,6,1.5706806282722512,0.21460939943790436,0.20981872081756592,-0.00479067862033844
2523,2595,土木建筑工程学院,2023,382,377,5,1.3089005235602094,0.17122463881969452,0.17097586393356323,-0.0002487748861312866
2524,2596,土木建筑工程学院,2023,382,372,10,2.6178010471204187,0.14982187747955322,0.1451926827430725,-0.004629194736480713
2525,2597,水利水电学院,2023,400,397,3,0.75,0.17594335973262787,0.17357222735881805,-0.0023711323738098145
2526,2598,水利水电学院,2023,400,381,19,4.75,0.1405828893184662,0.1398104727268219,-0.0007724165916442871
2527,2599,水利水电学院,2023,400,386,14,3.5000000000000004,0.0617256835103035,0.059923600405454636,-0.0018020831048488617
2528,2600,水利水电学院,2023,400,338,62,15.5,0.21910539269447327,0.24381116032600403,0.02470576763153076
2529,2601,水利水电学院,2023,400,389,11,2.75,0.2313224822282791,0.22153180837631226,-0.009790673851966858
2530,2602,水利水电学院,2023,400,394,6,1.5,0.1289442479610443,0.12110141664743423,-0.007842831313610077
2531,2603,水利水电学院,2023,400,400,0,0.0,0.1507422775030136,0.1507422775030136,0.0
2532,2604,水利水电学院,2023,400,400,0,0.0,0.14930133521556854,0.14930133521556854,0.0
2533,2605,水利水电学院,2023,400,338,62,15.5,0.18756210803985596,0.21595250070095062,0.028390392661094666
2534,2606,城市设计学院,2023,167,153,14,8.383233532934131,0.146051287651062,0.15433262288570404,0.008281335234642029
2535,2607,城市设计学院,2023,167,167,0,0.0,0.19356562197208405,0.19356562197208405,0.0
2536,2608,城市设计学院,2023,167,163,4,2.3952095808383236,0.15464065968990326,0.152283176779747,-0.00235748291015625
2537,2609,城市设计学院,2023,167,167,0,0.0,0.1236773282289505,0.1236773282289505,0.0
2538,2610,城市设计学院,2023,167,166,1,0.5988023952095809,0.12585940957069397,0.12648333609104156,0.0006239265203475952
2539,2611,城市设计学院,2023,167,167,0,0.0,0.13122707605361938,0.13122707605361938,0.0
2540,2612,城市设计学院,2023,167,165,2,1.1976047904191618,0.19706396758556366,0.19295509159564972,-0.00410887598991394
2541,2613,城市设计学院,2023,167,153,14,8.383233532934131,0.12493743747472763,0.10660585761070251,-0.018331579864025116
2542,2614,城市设计学院,2023,167,165,2,1.1976047904191618,0.17207109928131104,0.17270877957344055,0.0006376802921295166
2543,2615,城市设计学院,2023,167,164,3,1.7964071856287425,0.10860265046358109,0.10845934599637985,-0.0001433044672012329
2544,2616,城市设计学院,2023,167,167,0,0.0,0.12601731717586517,0.12601731717586517,0.0
2545,2617,城市设计学院,2023,167,166,1,0.5988023952095809,0.16011746227741241,0.15856905281543732,-0.0015484094619750977
2546,2618,电子信息学院,2023,272,272,0,0.0,0.0811074897646904,0.0811074897646904,0.0
2547,2619,电子信息学院,2023,272,272,0,0.0,0.11440905183553696,0.11440905183553696,0.0
2548,2620,电子信息学院,2023,272,268,4,1.4705882352941175,0.1043950691819191,0.09964924305677414,-0.0047458261251449585
2549,2621,电子信息学院,2023,272,271,1,0.3676470588235294,0.16121146082878113,0.16168312728405,0.00047166645526885986
2550,2622,电子信息学院,2023,272,272,0,0.0,0.12858298420906067,0.12858298420906067,0.0
2551,2623,电子信息学院,2023,272,268,4,1.4705882352941175,0.04664968326687813,0.045704860240221024,-0.0009448230266571045
2552,2624,电子信息学院,2023,272,272,0,0.0,0.07551617920398712,0.07551617920398712,0.0
2553,2625,电子信息学院,2023,272,271,1,0.3676470588235294,0.13037148118019104,0.1303388923406601,-3.2588839530944824e-05
2554,2626,电子信息学院,2023,272,259,13,4.779411764705882,0.05938076972961426,0.05847093462944031,-0.0009098351001739502
2555,2627,电子信息学院,2023,272,269,3,1.1029411764705883,0.12891794741153717,0.12385264039039612,-0.005065307021141052
2556,2628,电子信息学院,2023,272,268,4,1.4705882352941175,0.08776942640542984,0.08771706372499466,-5.2362680435180664e-05
2557,2629,电子信息学院,2023,272,272,0,0.0,0.12459268420934677,0.12459268420934677,0.0
2558,2630,电子信息学院,2023,272,268,4,1.4705882352941175,0.14395812153816223,0.1426485776901245,-0.0013095438480377197
2559,2631,电子信息学院,2023,272,272,0,0.0,0.055375322699546814,0.055375322699546814,0.0
2560,2632,电子信息学院,2023,272,272,0,0.0,0.09259938448667526,0.09259938448667526,0.0
2561,2633,电子信息学院,2023,272,253,19,6.985294117647059,0.14592647552490234,0.1255256086587906,-0.020400866866111755
2562,2634,电子信息学院,2023,272,255,17,6.25,0.12960709631443024,0.13115087151527405,0.001543775200843811
2563,2635,电子信息学院,2023,272,272,0,0.0,0.14348658919334412,0.14348658919334412,0.0
2564,2636,电子信息学院,2023,272,270,2,0.7352941176470588,0.08979860693216324,0.0889657661318779,-0.0008328408002853394
2565,2637,电子信息学院,2023,272,270,2,0.7352941176470588,0.1561390459537506,0.15656481683254242,0.0004257708787918091
2566,2638,电子信息学院,2023,272,272,0,0.0,0.09836018830537796,0.09836018830537796,0.0
2567,2639,电子信息学院,2023,272,272,0,0.0,0.08889752626419067,0.08889752626419067,0.0
2568,2640,电子信息学院,2023,272,272,0,0.0,0.16964858770370483,0.16964858770370483,0.0
2569,2641,电子信息学院,2023,272,265,7,2.5735294117647056,0.17894265055656433,0.17022466659545898,-0.008717983961105347
2570,2642,电子信息学院,2023,272,272,0,0.0,0.15809565782546997,0.15809565782546997,0.0
2571,2643,电子信息学院,2023,272,272,0,0.0,0.08683913946151733,0.08683913946151733,0.0
2572,2644,电子信息学院,2023,272,269,3,1.1029411764705883,0.13681958615779877,0.1330496072769165,-0.003769978880882263
2573,2645,电子信息学院,2023,272,270,2,0.7352941176470588,0.12037172168493271,0.12003238499164581,-0.00033933669328689575
2574,2646,电子信息学院,2023,272,268,4,1.4705882352941175,0.14058060944080353,0.1407703310251236,0.00018972158432006836
2575,2647,电子信息学院,2023,272,272,0,0.0,0.12121793627738953,0.12121793627738953,0.0
2576,2648,电子信息学院,2023,272,256,16,5.88235294117647,0.13419631123542786,0.12827478349208832,-0.005921527743339539
2577,2649,电子信息学院,2023,272,272,0,0.0,0.10269887000322342,0.10269887000322342,0.0
2578,2650,电子信息学院,2023,272,268,4,1.4705882352941175,0.12748092412948608,0.12147767096757889,-0.006003253161907196
2579,2651,计算机学院,2023,238,238,0,0.0,0.0343843512237072,0.0343843512237072,0.0
2580,2652,计算机学院,2023,238,238,0,0.0,0.14971981942653656,0.14971981942653656,0.0
2581,2653,计算机学院,2023,238,232,6,2.5210084033613445,0.11451342701911926,0.11482559144496918,0.00031216442584991455
2582,2654,遥感信息工程学院,2023,287,241,46,16.02787456445993,0.18804511427879333,0.18784993886947632,-0.0001951754093170166
2583,2655,遥感信息工程学院,2023,287,261,26,9.059233449477352,0.18509885668754578,0.1605161428451538,-0.024582713842391968
2584,2656,遥感信息工程学院,2023,287,284,3,1.0452961672473868,0.10901222378015518,0.10874322056770325,-0.0002690032124519348
2585,2657,遥感信息工程学院,2023,287,287,0,0.0,0.18706339597702026,0.18706339597702026,0.0
2586,2658,遥感信息工程学院,2023,287,281,6,2.0905923344947737,0.1878325641155243,0.18547894060611725,-0.0023536235094070435
2587,2659,遥感信息工程学院,2023,287,287,0,0.0,0.2125367373228073,0.2125367373228073,0.0
2588,2660,遥感信息工程学院,2023,287,285,2,0.6968641114982579,0.24479156732559204,0.24409709870815277,-0.00069446861743927
2589,2661,遥感信息工程学院,2023,287,273,14,4.878048780487805,0.2824384868144989,0.2756681442260742,-0.006770342588424683
2590,2662,遥感信息工程学院,2023,287,287,0,0.0,0.23718620836734772,0.23718620836734772,0.0
2591,2663,遥感信息工程学院,2023,287,281,6,2.0905923344947737,0.25767388939857483,0.254689484834671,-0.0029844045639038086
2592,2664,遥感信息工程学院,2023,287,284,3,1.0452961672473868,0.22211793065071106,0.2220349907875061,-8.293986320495605e-05
2593,2665,遥感信息工程学院,2023,287,284,3,1.0452961672473868,0.060298480093479156,0.05983395501971245,-0.0004645250737667084
2594,2666,测绘学院,2023,422,417,5,1.1848341232227488,0.2410459965467453,0.23888912796974182,-0.002156868577003479
2595,2667,测绘学院,2023,422,421,1,0.23696682464454977,0.24402621388435364,0.24465398490428925,0.0006277710199356079
2596,2668,测绘学院,2023,422,421,1,0.23696682464454977,0.21342606842517853,0.21286387741565704,-0.0005621910095214844
2597,2669,测绘学院,2023,422,373,49,11.61137440758294,0.18031704425811768,0.16266539692878723,-0.017651647329330444
2598,2670,测绘学院,2023,422,418,4,0.9478672985781991,0.1564701497554779,0.15672579407691956,0.0002556443214416504
2599,2671,测绘学院,2023,422,420,2,0.47393364928909953,0.198859304189682,0.19946324825286865,0.0006039440631866455
2600,2672,国家网络安全学院,2023,158,154,4,2.5316455696202533,0.19742178916931152,0.19519205391407013,-0.002229735255241394
2601,2673,国家网络安全学院,2023,158,142,16,10.126582278481013,0.2494945228099823,0.24562311172485352,-0.003871411085128784
2602,2700,公共卫生学院,2023,60,50,10,16.666666666666664,0.21244488656520844,0.20854781568050385,-0.00389707088470459
2603,2701,公共卫生学院,2023,60,50,10,16.666666666666664,0.28023383021354675,0.2588158845901489,-0.021417945623397827
2604,2702,公共卫生学院,2023,60,59,1,1.6666666666666667,0.1337604820728302,0.12766245007514954,-0.006098031997680664
2605,2703,公共卫生学院,2023,60,60,0,0.0,0.18865372240543365,0.18865372240543365,0.0
2606,2704,公共卫生学院,2023,60,60,0,0.0,0.18986622989177704,0.18986622989177704,0.0
2607,2705,公共卫生学院,2023,60,50,10,16.666666666666664,0.22132913768291473,0.19586113095283508,-0.02546800673007965
2608,2706,公共卫生学院,2023,60,54,6,10.0,0.10057475417852402,0.0863528624176979,-0.01422189176082611
2609,2707,公共卫生学院,2023,60,57,3,5.0,0.1708613485097885,0.16086901724338531,-0.009992331266403198
2610,2708,公共卫生学院,2023,60,59,1,1.6666666666666667,0.055047404021024704,0.05100395902991295,-0.004043444991111755
2611,2709,公共卫生学院,2023,60,60,0,0.0,0.16982100903987885,0.16982100903987885,0.0
2612,2710,公共卫生学院,2023,60,60,0,0.0,0.1299900859594345,0.1299900859594345,0.0
2613,2711,公共卫生学院,2023,60,48,12,20.0,0.09541276842355728,0.10064663738012314,0.005233868956565857
2614,2712,公共卫生学院,2023,60,60,0,0.0,0.1258390247821808,0.1258390247821808,0.0
2615,2713,公共卫生学院,2023,60,60,0,0.0,0.18951484560966492,0.18951484560966492,0.0
2616,2714,公共卫生学院,2023,60,57,3,5.0,0.1492920219898224,0.15071216225624084,0.001420140266418457
2617,2715,公共卫生学院,2023,60,60,0,0.0,0.13504259288311005,0.13504259288311005,0.0
2618,2716,护理学院,2023,27,25,2,7.4074074074074066,0.14807330071926117,0.14543870091438293,-0.002634599804878235
2619,2717,护理学院,2023,27,23,4,14.814814814814813,0.12524941563606262,0.08928163349628448,-0.03596778213977814
2620,2718,护理学院,2023,27,27,0,0.0,0.15477317571640015,0.15477317571640015,0.0
2621,2719,护理学院,2023,27,26,1,3.7037037037037033,0.08493781089782715,0.08556787669658661,0.0006300657987594604
2622,2720,护理学院,2023,27,19,8,29.629629629629626,0.12761130928993225,0.09713176637887955,-0.030479542911052704
2623,2721,护理学院,2023,27,27,0,0.0,0.08117340505123138,0.08117340505123138,0.0
2624,2722,护理学院,2023,27,27,0,0.0,0.1585923582315445,0.1585923582315445,0.0
2625,2723,护理学院,2023,27,19,8,29.629629629629626,0.11930349469184875,0.07814110070466995,-0.0411623939871788
2626,2724,护理学院,2023,27,23,4,14.814814814814813,0.1554228663444519,0.10822834819555283,-0.04719451814889908
2627,2725,护理学院,2023,27,27,0,0.0,0.11035294085741043,0.11035294085741043,0.0
2628,2726,护理学院,2023,27,24,3,11.11111111111111,0.13390128314495087,0.10176851600408554,-0.032132767140865326
2629,2727,护理学院,2023,27,27,0,0.0,0.13639633357524872,0.13639633357524872,0.0
2630,2728,护理学院,2023,27,26,1,3.7037037037037033,0.1475408673286438,0.1434369683265686,-0.004103899002075195
2631,2729,护理学院,2023,27,27,0,0.0,0.10636305063962936,0.10636305063962936,0.0
2632,2730,护理学院,2023,27,27,0,0.0,0.1697646826505661,0.1697646826505661,0.0
2633,2731,护理学院,2023,27,27,0,0.0,0.11547718942165375,0.11547718942165375,0.0
2634,2732,药学院,2023,140,139,1,0.7142857142857143,0.19290435314178467,0.19195668399333954,-0.0009476691484451294
2635,2733,药学院,2023,140,136,4,2.857142857142857,0.16408541798591614,0.15981760621070862,-0.0042678117752075195
2636,2734,药学院,2023,140,115,25,17.857142857142858,0.18601515889167786,0.2028428018093109,0.016827642917633057
2637,2735,药学院,2023,140,116,24,17.142857142857142,0.2636873424053192,0.29563209414482117,0.03194475173950195
2638,2736,药学院,2023,140,136,4,2.857142857142857,0.22203071415424347,0.215653657913208,-0.006377056241035461
2639,2737,药学院,2023,140,140,0,0.0,0.25236764550209045,0.25236764550209045,0.0
2640,2738,药学院,2023,140,136,4,2.857142857142857,0.15453362464904785,0.1564803421497345,0.0019467175006866455
2641,2739,药学院,2023,140,140,0,0.0,0.26167622208595276,0.26167622208595276,0.0
2642,2740,药学院,2023,140,138,2,1.4285714285714286,0.12472601979970932,0.12189304083585739,-0.0028329789638519287
2643,2741,第一临床学院,2023,754,745,9,1.1936339522546418,0.16214804351329803,0.16004401445388794,-0.002104029059410095
2644,2742,第一临床学院,2023,754,754,0,0.0,0.13699406385421753,0.13699406385421753,0.0
2645,2743,第一临床学院,2023,754,743,11,1.4588859416445623,0.19732332229614258,0.19212524592876434,-0.005198076367378235
2646,2744,第一临床学院,2023,754,731,23,3.050397877984085,0.1877046823501587,0.18241503834724426,-0.005289644002914429
2647,2745,第一临床学院,2023,754,753,1,0.1326259946949602,0.1994028240442276,0.1991366446018219,-0.0002661794424057007
2648,2746,第一临床学院,2023,754,741,13,1.7241379310344827,0.18481405079364777,0.18488308787345886,6.903707981109619e-05
2649,2747,第一临床学院,2023,754,754,0,0.0,0.20267586410045624,0.20267586410045624,0.0
2650,2748,第一临床学院,2023,754,752,2,0.2652519893899204,0.21850189566612244,0.21801574528217316,-0.0004861503839492798
2651,2749,第一临床学院,2023,754,751,3,0.3978779840848806,0.17871642112731934,0.17741940915584564,-0.0012970119714736938
2652,2750,第一临床学院,2023,754,751,3,0.3978779840848806,0.20535171031951904,0.2044745534658432,-0.0008771568536758423
2653,2751,第一临床学院,2023,754,732,22,2.9177718832891246,0.20823781192302704,0.20795153081417084,-0.00028628110885620117
2654,2752,第一临床学院,2023,754,730,24,3.183023872679045,0.23551207780838013,0.22801150381565094,-0.007500573992729187
2655,2753,第一临床学院,2023,754,754,0,0.0,0.2325720489025116,0.2325720489025116,0.0
2656,2754,第一临床学院,2023,754,736,18,2.3872679045092835,0.23407532274723053,0.2264733910560608,-0.007601931691169739
2657,2755,第一临床学院,2023,754,754,0,0.0,0.192842498421669,0.192842498421669,0.0
2658,2756,第一临床学院,2023,754,754,0,0.0,0.19625137746334076,0.19625137746334076,0.0
2659,2757,第一临床学院,2023,754,752,2,0.2652519893899204,0.2336667776107788,0.23315539956092834,-0.0005113780498504639
2660,2758,第一临床学院,2023,754,732,22,2.9177718832891246,0.08398791402578354,0.08455757796764374,0.000569663941860199
2661,2759,第一临床学院,2023,754,752,2,0.2652519893899204,0.19836726784706116,0.198210671544075,-0.00015659630298614502
2662,2760,第一临床学院,2023,754,749,5,0.6631299734748011,0.22466017305850983,0.22543008625507355,0.0007699131965637207
2663,2761,第一临床学院,2023,754,742,12,1.5915119363395225,0.2071506679058075,0.20781750977039337,0.0006668418645858765
2664,2762,第一临床学院,2023,754,746,8,1.0610079575596816,0.24080827832221985,0.23913420736789703,-0.001674070954322815
2665,2763,第一临床学院,2023,754,751,3,0.3978779840848806,0.08254081010818481,0.0819418802857399,-0.0005989298224449158
2666,2764,第二临床学院,2023,617,612,5,0.8103727714748784,0.18033257126808167,0.17918694019317627,-0.0011456310749053955
2667,2765,第二临床学院,2023,617,609,8,1.2965964343598055,0.17201615869998932,0.17034082114696503,-0.001675337553024292
2668,2766,第二临床学院,2023,617,617,0,0.0,0.003956975415349007,0.003956975415349007,0.0
2669,2767,第二临床学院,2023,617,599,18,2.9173419773095626,0.2178741842508316,0.21486973762512207,-0.0030044466257095337
2670,2768,第二临床学院,2023,617,609,8,1.2965964343598055,0.20671485364437103,0.20536525547504425,-0.0013495981693267822
2671,2769,第二临床学院,2023,617,609,8,1.2965964343598055,0.1179405227303505,0.11557118594646454,-0.002369336783885956
2672,2770,第二临床学院,2023,617,610,7,1.1345218800648298,0.18456239998340607,0.18475036323070526,0.00018796324729919434
2673,2771,第二临床学院,2023,617,608,9,1.4586709886547813,0.19405685365200043,0.1925041824579239,-0.001552671194076538
2674,2772,第二临床学院,2023,617,609,8,1.2965964343598055,0.23583799600601196,0.2350805550813675,-0.0007574409246444702
2675,2773,第二临床学院,2023,617,617,0,0.0,0.14087030291557312,0.14087030291557312,0.0
2676,2774,第二临床学院,2023,617,614,3,0.48622366288492713,0.12112775444984436,0.1206154078245163,-0.000512346625328064
2677,2775,第二临床学院,2023,617,615,2,0.3241491085899514,0.22754482924938202,0.2267175167798996,-0.0008273124694824219
2678,2776,第二临床学院,2023,617,614,3,0.48622366288492713,0.24042074382305145,0.23968081176280975,-0.0007399320602416992
2679,2777,第二临床学院,2023,617,610,7,1.1345218800648298,0.17569048702716827,0.17265234887599945,-0.0030381381511688232
2680,2778,第二临床学院,2023,617,617,0,0.0,0.22173021733760834,0.22173021733760834,0.0
2681,2779,第二临床学院,2023,617,617,0,0.0,0.059906214475631714,0.059906214475631714,0.0
2682,2780,第二临床学院,2023,617,615,2,0.3241491085899514,0.15786658227443695,0.1573677659034729,-0.0004988163709640503
2683,2781,第二临床学院,2023,617,596,21,3.403565640194489,0.20247775316238403,0.20024390518665314,-0.002233847975730896
2684,2782,第二临床学院,2023,617,607,10,1.6207455429497568,0.02345697022974491,0.02282426320016384,-0.00063270702958107
2685,2783,第二临床学院,2023,617,607,10,1.6207455429497568,0.039682380855083466,0.03706670552492142,-0.0026156753301620483
2686,2784,第二临床学院,2023,617,615,2,0.3241491085899514,0.15333205461502075,0.15257643163204193,-0.0007556229829788208
2687,2785,第二临床学院,2023,617,617,0,0.0,0.18554255366325378,0.18554255366325378,0.0
2688,2786,第二临床学院,2023,617,602,15,2.4311183144246353,0.22513416409492493,0.2281685769557953,0.0030344128608703613
2689,2787,第二临床学院,2023,617,615,2,0.3241491085899514,0.20934908092021942,0.20860625803470612,-0.0007428228855133057
2690,2788,第二临床学院,2023,617,608,9,1.4586709886547813,0.19269351661205292,0.19145800173282623,-0.0012355148792266846
2691,2789,第二临床学院,2023,617,597,20,3.2414910858995136,0.2333526909351349,0.23075377941131592,-0.0025989115238189697
2692,2790,第二临床学院,2023,617,607,10,1.6207455429497568,0.21617712080478668,0.21573816239833832,-0.00043895840644836426
2693,2791,第二临床学院,2023,617,614,3,0.48622366288492713,0.2409140169620514,0.24049112200737,-0.0004228949546813965
2694,2792,第二临床学院,2023,617,608,9,1.4586709886547813,0.2025216519832611,0.20184221863746643,-0.0006794333457946777
2695,2793,第二临床学院,2023,617,603,14,2.2690437601296596,0.1740528792142868,0.17339931428432465,-0.0006535649299621582
2696,2794,第二临床学院,2023,617,612,5,0.8103727714748784,0.11379192769527435,0.11267082393169403,-0.0011211037635803223
2697,2795,第二临床学院,2023,617,616,1,0.1620745542949757,0.20919747650623322,0.20962850749492645,0.0004310309886932373
2698,2796,第二临床学院,2023,617,616,1,0.1620745542949757,0.10155434906482697,0.10158056020736694,2.6211142539978027e-05
2699,2797,第二临床学院,2023,617,607,10,1.6207455429497568,0.03923351317644119,0.03870992735028267,-0.0005235858261585236
2700,2798,口腔医学院,2023,345,334,11,3.1884057971014492,0.16372224688529968,0.15660801529884338,-0.007114231586456299
2701,2799,口腔医学院,2023,345,326,19,5.507246376811594,0.223687082529068,0.22641587257385254,0.002728790044784546
2702,2800,口腔医学院,2023,345,343,2,0.5797101449275363,0.11785731464624405,0.11784805357456207,-9.261071681976318e-06
2703,2801,口腔医学院,2023,345,304,41,11.884057971014492,0.1783430427312851,0.17489124834537506,-0.003451794385910034
2704,2802,口腔医学院,2023,345,345,0,0.0,0.16163383424282074,0.16163383424282074,0.0
2705,2803,口腔医学院,2023,345,345,0,0.0,0.21561673283576965,0.21561673283576965,0.0
2706,2804,口腔医学院,2023,345,342,3,0.8695652173913043,0.13230690360069275,0.13075082004070282,-0.0015560835599899292
2707,2805,口腔医学院,2023,345,341,4,1.1594202898550725,0.1355224996805191,0.13432949781417847,-0.0011930018663406372
2708,2806,口腔医学院,2023,345,344,1,0.2898550724637681,0.15813985466957092,0.15763041377067566,-0.0005094408988952637
2709,2807,口腔医学院,2023,345,344,1,0.2898550724637681,0.2259903997182846,0.2254338413476944,-0.00055655837059021
2710,2808,口腔医学院,2023,345,340,5,1.4492753623188406,0.13930539786815643,0.1391746997833252,-0.0001306980848312378
2711,2809,口腔医学院,2023,345,344,1,0.2898550724637681,0.14872032403945923,0.14940008521080017,0.0006797611713409424
2712,2810,口腔医学院,2023,345,345,0,0.0,0.21997950971126556,0.21997950971126556,0.0
2713,2811,口腔医学院,2023,345,344,1,0.2898550724637681,0.10478980094194412,0.1041952595114708,-0.0005945414304733276
2714,2812,口腔医学院,2023,345,345,0,0.0,0.17594830691814423,0.17594830691814423,0.0
2715,2813,口腔医学院,2023,345,345,0,0.0,0.15960946679115295,0.15960946679115295,0.0
2716,2814,口腔医学院,2023,345,343,2,0.5797101449275363,0.13280603289604187,0.13260479271411896,-0.0002012401819229126
2717,2815,口腔医学院,2023,345,340,5,1.4492753623188406,0.200927272439003,0.199040487408638,-0.0018867850303649902
2718,2816,口腔医学院,2023,345,344,1,0.2898550724637681,0.20527784526348114,0.2061017006635666,0.0008238554000854492
2719,2817,弘毅学堂,2023,422,420,2,0.47393364928909953,0.13038241863250732,0.13078013062477112,0.00039771199226379395
2720,2818,弘毅学堂,2023,422,422,0,0.0,0.02865166962146759,0.02865166962146759,0.0
2721,2819,弘毅学堂,2023,422,422,0,0.0,0.0066187214106321335,0.0066187214106321335,0.0
2722,2820,弘毅学堂,2023,422,422,0,0.0,0.01106150820851326,0.01106150820851326,0.0
2723,2821,弘毅学堂,2023,422,421,1,0.23696682464454977,-0.008347364142537117,-0.008453354239463806,-0.00010599009692668915
2724,2822,弘毅学堂,2023,422,414,8,1.8957345971563981,0.16670097410678864,0.16748815774917603,0.0007871836423873901
2725,2823,弘毅学堂,2023,422,422,0,0.0,0.09079950302839279,0.09079950302839279,0.0
2726,2824,弘毅学堂,2023,422,422,0,0.0,0.03259775787591934,0.03259775787591934,0.0
2727,2825,弘毅学堂,2023,422,422,0,0.0,0.06662033498287201,0.06662033498287201,0.0
2728,2826,弘毅学堂,2023,422,414,8,1.8957345971563981,0.13847696781158447,0.13888771831989288,0.00041075050830841064
2729,2827,测绘遥感信息工程国家重点实验室,2023,539,513,26,4.823747680890538,0.2611933648586273,0.2540779411792755,-0.007115423679351807
2730,2828,测绘遥感信息工程国家重点实验室,2023,539,537,2,0.3710575139146568,0.26380521059036255,0.26309773325920105,-0.000707477331161499
2731,2829,测绘遥感信息工程国家重点实验室,2023,539,481,58,10.760667903525047,0.1943257749080658,0.18592174351215363,-0.00840403139591217
2732,2830,测绘遥感信息工程国家重点实验室,2023,539,525,14,2.5974025974025974,0.21779410541057587,0.21700945496559143,-0.000784650444984436
2733,2831,测绘遥感信息工程国家重点实验室,2023,539,534,5,0.927643784786642,0.24877998232841492,0.24866239726543427,-0.00011758506298065186
2734,2832,测绘遥感信息工程国家重点实验室,2023,539,536,3,0.5565862708719851,0.18647630512714386,0.1845848560333252,-0.0018914490938186646
2735,2833,测绘遥感信息工程国家重点实验室,2023,539,530,9,1.6697588126159555,0.20437845587730408,0.20442786812782288,4.941225051879883e-05
2736,2834,测绘遥感信息工程国家重点实验室,2023,539,513,26,4.823747680890538,0.2890375554561615,0.2817121744155884,-0.00732538104057312
2737,2835,测绘遥感信息工程国家重点实验室,2023,539,522,17,3.153988868274583,0.18302811682224274,0.17683443427085876,-0.006193682551383972
2738,2836,测绘遥感信息工程国家重点实验室,2023,539,527,12,2.2263450834879404,0.24172526597976685,0.2408204823732376,-0.0009047836065292358
2739,2837,测绘遥感信息工程国家重点实验室,2023,539,529,10,1.855287569573284,0.12040653824806213,0.11694927513599396,-0.0034572631120681763
2740,2838,测绘遥感信息工程国家重点实验室,2023,539,539,0,0.0,0.2733427882194519,0.2733427882194519,0.0
2741,2839,测绘遥感信息工程国家重点实验室,2023,539,518,21,3.896103896103896,0.18970565497875214,0.19016848504543304,0.0004628300666809082
2742,2840,测绘遥感信息工程国家重点实验室,2023,539,522,17,3.153988868274583,0.2717766761779785,0.2682483494281769,-0.0035283267498016357
2743,2841,测绘遥感信息工程国家重点实验室,2023,539,525,14,2.5974025974025974,0.21694929897785187,0.21527336537837982,-0.001675933599472046
2744,2842,测绘遥感信息工程国家重点实验室,2023,539,533,6,1.1131725417439702,0.22125957906246185,0.2210415154695511,-0.0002180635929107666
2745,2843,测绘遥感信息工程国家重点实验室,2023,539,529,10,1.855287569573284,0.2626427710056305,0.2653665244579315,0.0027237534523010254
2746,2844,测绘遥感信息工程国家重点实验室,2023,539,528,11,2.0408163265306123,0.16044707596302032,0.15649674832820892,-0.003950327634811401
2747,2845,测绘遥感信息工程国家重点实验室,2023,539,530,9,1.6697588126159555,0.21884597837924957,0.21896764636039734,0.00012166798114776611
2748,2846,测绘遥感信息工程国家重点实验室,2023,539,530,9,1.6697588126159555,0.2735101282596588,0.27245455980300903,-0.0010555684566497803
2749,2847,测绘遥感信息工程国家重点实验室,2023,539,526,13,2.411873840445269,0.20278166234493256,0.20212295651435852,-0.0006587058305740356
2750,2848,测绘遥感信息工程国家重点实验室,2023,539,532,7,1.2987012987012987,0.2619479298591614,0.2612798511981964,-0.0006680786609649658
2751,2849,测绘遥感信息工程国家重点实验室,2023,539,539,0,0.0,0.183348149061203,0.183348149061203,0.0
2752,2850,测绘遥感信息工程国家重点实验室,2023,539,539,0,0.0,0.2755112946033478,0.2755112946033478,0.0
2753,2856,工业科学研究院,2023,44,44,0,0.0,0.18070857226848602,0.18070857226848602,0.0
2754,2857,工业科学研究院,2023,44,41,3,6.8181818181818175,0.3250278830528259,0.33648887276649475,0.011460989713668823
2755,2858,工业科学研究院,2023,44,30,14,31.818181818181817,0.3224339187145233,0.31539058685302734,-0.007043331861495972
2756,2859,工业科学研究院,2023,44,32,12,27.27272727272727,0.19348235428333282,0.14068648219108582,-0.05279587209224701
2757,2866,中国南极测绘研究中心,2023,20,20,0,0.0,0.3079894483089447,0.3079894483089447,0.0
2758,2867,中国南极测绘研究中心,2023,20,20,0,0.0,0.33501365780830383,0.33501365780830383,0.0
2759,2868,中国南极测绘研究中心,2023,20,19,1,5.0,0.3457852602005005,0.3610682487487793,0.015282988548278809
2760,2869,哲学学院,2023,106,105,1,0.9433962264150944,0.017295092344284058,0.01500590331852436,-0.002289189025759697
2761,2870,哲学学院,2023,106,106,0,0.0,0.006462033838033676,0.006462033838033676,0.0
2762,2871,文学院,2023,123,121,2,1.6260162601626018,0.050972696393728256,0.049858689308166504,-0.0011140070855617523
2763,2872,文学院,2023,123,109,14,11.38211382113821,0.04093044251203537,0.0427112840116024,0.0017808414995670319
2764,2873,文学院,2023,123,113,10,8.130081300813007,0.04405449703335762,0.04740709811449051,0.003352601081132889
2765,2874,外国语言文学学院,2023,181,179,2,1.1049723756906076,-0.0010381350293755531,-0.0018643733346834779,-0.0008262383053079247
2766,2875,外国语言文学学院,2023,181,181,0,0.0,0.015155881643295288,0.015155881643295288,0.0
2767,2876,新闻与传播学院,2023,49,48,1,2.0408163265306123,0.02534574083983898,0.020278146490454674,-0.005067594349384308
2768,2877,新闻与传播学院,2023,49,49,0,0.0,0.05565377697348595,0.05565377697348595,0.0
2769,2878,新闻与传播学院,2023,49,48,1,2.0408163265306123,0.054607853293418884,0.0537569522857666,-0.0008509010076522827
2770,2879,历史学院,2023,27,24,3,11.11111111111111,-0.024442140012979507,-0.025979021564126015,-0.0015368815511465073
2771,2880,历史学院,2023,27,27,0,0.0,0.035296130925416946,0.035296130925416946,0.0
2772,2881,历史学院,2023,27,27,0,0.0,-0.013924621045589447,-0.013924621045589447,0.0
2773,2882,经济与管理学院,2023,558,558,0,0.0,0.06699195504188538,0.06699195504188538,0.0
2774,2883,经济与管理学院,2023,558,558,0,0.0,0.1103384867310524,0.1103384867310524,0.0
2775,2884,经济与管理学院,2023,558,558,0,0.0,0.09509007632732391,0.09509007632732391,0.0
2776,2885,经济与管理学院,2023,558,557,1,0.17921146953405018,0.09561441838741302,0.09529191255569458,-0.0003225058317184448
2777,2886,经济与管理学院,2023,558,558,0,0.0,0.15948905050754547,0.15948905050754547,0.0
2778,2887,经济与管理学院,2023,558,558,0,0.0,0.10491694509983063,0.10491694509983063,0.0
2779,2888,经济与管理学院,2023,558,558,0,0.0,0.09167126566171646,0.09167126566171646,0.0
2780,2889,经济与管理学院,2023,558,551,7,1.2544802867383513,0.12526296079158783,0.123151496052742,-0.002111464738845825
2781,2890,经济与管理学院,2023,558,550,8,1.4336917562724014,0.10501840710639954,0.10405536741018295,-0.0009630396962165833
2782,2891,经济与管理学院,2023,558,550,8,1.4336917562724014,0.08997930586338043,0.08815981447696686,-0.0018194913864135742
2783,2892,经济与管理学院,2023,558,558,0,0.0,0.11747465282678604,0.11747465282678604,0.0
2784,2893,经济与管理学院,2023,558,558,0,0.0,0.0802314504981041,0.0802314504981041,0.0
2785,2894,经济与管理学院,2023,558,558,0,0.0,0.10435397177934647,0.10435397177934647,0.0
2786,2895,经济与管理学院,2023,558,558,0,0.0,0.09060387313365936,0.09060387313365936,0.0
2787,2896,经济与管理学院,2023,558,558,0,0.0,0.09784223884344101,0.09784223884344101,0.0
2788,2897,经济与管理学院,2023,558,558,0,0.0,0.06438874453306198,0.06438874453306198,0.0
2789,2898,经济与管理学院,2023,558,558,0,0.0,0.09227356314659119,0.09227356314659119,0.0
2790,2899,法学院,2023,140,132,8,5.714285714285714,-0.014085539616644382,-0.008793874643743038,0.005291664972901344
2791,2900,法学院,2023,140,140,0,0.0,0.04133986309170723,0.04133986309170723,0.0
2792,2901,法学院,2023,140,140,0,0.0,-0.023569796234369278,-0.023569796234369278,0.0
2793,2902,法学院,2023,140,140,0,0.0,0.006717396900057793,0.006717396900057793,0.0
2794,2903,法学院,2023,140,140,0,0.0,0.029066279530525208,0.029066279530525208,0.0
2795,2904,法学院,2023,140,140,0,0.0,0.013081558980047703,0.013081558980047703,0.0
2796,2905,法学院,2023,140,140,0,0.0,-0.0008765910170041025,-0.0008765910170041025,0.0
2797,2906,政治与公共管理学院,2023,67,67,0,0.0,0.038099318742752075,0.038099318742752075,0.0
2798,2907,政治与公共管理学院,2023,67,67,0,0.0,0.10467951744794846,0.10467951744794846,0.0
2799,2908,政治与公共管理学院,2023,67,67,0,0.0,0.05244480073451996,0.05244480073451996,0.0
2800,2909,马克思主义学院,2023,8,8,0,0.0,0.08816453814506531,0.08816453814506531,0.0
2801,2910,马克思主义学院,2023,8,8,0,0.0,-0.02456597238779068,-0.02456597238779068,0.0
2802,2911,信息管理学院,2023,312,311,1,0.3205128205128205,0.07509464770555496,0.07437755912542343,-0.0007170885801315308
2803,2912,信息管理学院,2023,312,309,3,0.9615384615384616,0.11773557960987091,0.11649084091186523,-0.0012447386980056763
2804,2913,信息管理学院,2023,312,312,0,0.0,0.06458272784948349,0.06458272784948349,0.0
2805,2914,信息管理学院,2023,312,309,3,0.9615384615384616,0.1062936931848526,0.10366937518119812,-0.00262431800365448
2806,2915,信息管理学院,2023,312,311,1,0.3205128205128205,0.12985330820083618,0.12955839931964874,-0.00029490888118743896
2807,2916,数学与统计学院,2023,19,19,0,0.0,0.1408011019229889,0.1408011019229889,0.0
2808,2917,化学与分子科学学院,2023,586,582,4,0.6825938566552902,0.14431418478488922,0.14465788006782532,0.0003436952829360962
2809,2918,生命科学学院,2023,410,403,7,1.707317073170732,0.22894655168056488,0.227379709482193,-0.0015668421983718872
2810,2919,生命科学学院,2023,410,403,7,1.707317073170732,0.19955064356327057,0.19481782615184784,-0.0047328174114227295
2811,2920,生命科学学院,2023,410,408,2,0.4878048780487805,0.15926089882850647,0.15826071798801422,-0.0010001808404922485
2812,2921,生命科学学院,2023,410,408,2,0.4878048780487805,0.1477809101343155,0.14722520112991333,-0.0005557090044021606
2813,2922,资源与环境科学学院,2023,370,368,2,0.5405405405405406,0.14976687729358673,0.14777474105358124,-0.001992136240005493
2814,2923,资源与环境科学学院,2023,370,352,18,4.864864864864865,0.13916607201099396,0.13159355521202087,-0.0075725167989730835
2815,2924,资源与环境科学学院,2023,370,365,5,1.3513513513513513,0.14138701558113098,0.1376856565475464,-0.0037013590335845947
2816,2925,资源与环境科学学院,2023,370,352,18,4.864864864864865,0.10147669166326523,0.09574337303638458,-0.005733318626880646
2817,2926,动力与机械学院,2023,340,320,20,5.88235294117647,0.21439290046691895,0.21808364987373352,0.003690749406814575
2818,2927,动力与机械学院,2023,340,333,7,2.0588235294117645,0.1617494374513626,0.1600218266248703,-0.0017276108264923096
2819,2928,电气与自动化学院,2023,301,298,3,0.9966777408637874,0.2288050353527069,0.22735877335071564,-0.001446262001991272
2820,2929,电气与自动化学院,2023,301,294,7,2.3255813953488373,0.2099684625864029,0.2063116580247879,-0.0036568045616149902
2821,2930,电气与自动化学院,2023,301,301,0,0.0,0.21385926008224487,0.21385926008224487,0.0
2822,2931,电气与自动化学院,2023,301,301,0,0.0,0.18995903432369232,0.18995903432369232,0.0
2823,2932,电气与自动化学院,2023,301,289,12,3.9867109634551494,0.12155886739492416,0.11411896347999573,-0.007439903914928436
2824,2933,电气与自动化学院,2023,301,301,0,0.0,0.10396786034107208,0.10396786034107208,0.0
2825,2934,土木建筑工程学院,2023,382,380,2,0.5235602094240838,0.08421285450458527,0.0823601558804512,-0.0018526986241340637
2826,2935,土木建筑工程学院,2023,382,376,6,1.5706806282722512,0.11724184453487396,0.11268700659275055,-0.004554837942123413
2827,2936,土木建筑工程学院,2023,382,372,10,2.6178010471204187,0.17019106447696686,0.1665373295545578,-0.0036537349224090576
2828,2937,水利水电学院,2023,400,392,8,2.0,0.1767575442790985,0.17137910425662994,-0.005378440022468567
2829,2938,城市设计学院,2023,167,142,25,14.97005988023952,0.18999458849430084,0.16739264130592346,-0.02260194718837738
2830,2939,城市设计学院,2023,167,167,0,0.0,0.09571066498756409,0.09571066498756409,0.0
2831,2940,电子信息学院,2023,272,271,1,0.3676470588235294,0.1255839467048645,0.12540636956691742,-0.00017757713794708252
2832,2941,电子信息学院,2023,272,261,11,4.044117647058823,0.14818520843982697,0.14767040312290192,-0.0005148053169250488
2833,2942,电子信息学院,2023,272,250,22,8.088235294117647,0.20488440990447998,0.18734613060951233,-0.01753827929496765
2834,2943,电子信息学院,2023,272,272,0,0.0,0.060525018721818924,0.060525018721818924,0.0
2835,2944,电子信息学院,2023,272,268,4,1.4705882352941175,0.13670170307159424,0.1333138793706894,-0.003387823700904846
2836,2945,电子信息学院,2023,272,255,17,6.25,0.1489601731300354,0.1532410979270935,0.0042809247970581055
2837,2946,电子信息学院,2023,272,265,7,2.5735294117647056,0.1602030098438263,0.16248025000095367,0.0022772401571273804
2838,2947,电子信息学院,2023,272,267,5,1.8382352941176472,0.16582323610782623,0.16812030971050262,0.0022970736026763916
2839,2948,电子信息学院,2023,272,271,1,0.3676470588235294,0.1106814295053482,0.11055445671081543,-0.00012697279453277588
2840,2949,计算机学院,2023,238,212,26,10.92436974789916,0.19142507016658783,0.1930006444454193,0.001575574278831482
2841,2950,计算机学院,2023,238,232,6,2.5210084033613445,0.1558806449174881,0.15601228177547455,0.0001316368579864502
2842,2951,计算机学院,2023,238,238,0,0.0,0.09961886703968048,0.09961886703968048,0.0
2843,2952,计算机学院,2023,238,238,0,0.0,0.09099418669939041,0.09099418669939041,0.0
2844,2953,计算机学院,2023,238,238,0,0.0,0.17053918540477753,0.17053918540477753,0.0
2845,2954,计算机学院,2023,238,238,0,0.0,0.12646083533763885,0.12646083533763885,0.0
2846,2955,遥感信息工程学院,2023,287,286,1,0.34843205574912894,0.24207213521003723,0.24297338724136353,0.0009012520313262939
2847,2956,遥感信息工程学院,2023,287,284,3,1.0452961672473868,0.23901143670082092,0.23856370151042938,-0.00044773519039154053
2848,2957,遥感信息工程学院,2023,287,284,3,1.0452961672473868,0.171723872423172,0.17069654166698456,-0.001027330756187439
2849,2958,遥感信息工程学院,2023,287,280,7,2.4390243902439024,0.18974901735782623,0.18484649062156677,-0.0049025267362594604
2850,2959,遥感信息工程学院,2023,287,284,3,1.0452961672473868,0.23836548626422882,0.23910780251026154,0.0007423162460327148
2851,2960,测绘学院,2023,422,368,54,12.796208530805686,0.18321582674980164,0.173012375831604,-0.010203450918197632
2852,2961,测绘学院,2023,422,408,14,3.3175355450236967,0.2359880954027176,0.2313232421875,-0.00466485321521759
2853,2962,测绘学院,2023,422,408,14,3.3175355450236967,0.20903635025024414,0.20240619778633118,-0.006630152463912964
2854,2963,测绘学院,2023,422,419,3,0.7109004739336493,0.16965560615062714,0.1699572056531906,0.00030159950256347656
2855,2964,测绘学院,2023,422,422,0,0.0,0.1913716346025467,0.1913716346025467,0.0
2856,2965,国家网络安全学院,2023,158,153,5,3.1645569620253164,0.29156142473220825,0.2869187295436859,-0.004642695188522339
2857,2966,国家网络安全学院,2023,158,153,5,3.1645569620253164,0.19306065142154694,0.19647091627120972,0.0034102648496627808
2858,2972,公共卫生学院,2023,60,60,0,0.0,0.08537745475769043,0.08537745475769043,0.0
2859,2973,公共卫生学院,2023,60,57,3,5.0,0.12270728498697281,0.1259327232837677,0.0032254382967948914
2860,2974,护理学院,2023,27,27,0,0.0,0.08062104880809784,0.08062104880809784,0.0
2861,2975,护理学院,2023,27,25,2,7.4074074074074066,0.14328132569789886,0.1547006517648697,0.011419326066970825
2862,2976,药学院,2023,140,133,7,5.0,0.25392499566078186,0.24985122680664062,-0.004073768854141235
2863,2977,药学院,2023,140,140,0,0.0,0.19209112226963043,0.19209112226963043,0.0
2864,2978,第一临床学院,2023,754,754,0,0.0,0.17241305112838745,0.17241305112838745,0.0
2865,2979,第一临床学院,2023,754,743,11,1.4588859416445623,0.1432962566614151,0.14189040660858154,-0.0014058500528335571
2866,2980,第一临床学院,2023,754,748,6,0.7957559681697612,0.18441544473171234,0.18355940282344818,-0.0008560419082641602
2867,2981,第二临床学院,2023,617,617,0,0.0,0.1441194862127304,0.1441194862127304,0.0
2868,2982,第二临床学院,2023,617,611,6,0.9724473257698543,0.21775837242603302,0.21412377059459686,-0.0036346018314361572
2869,2983,第二临床学院,2023,617,616,1,0.1620745542949757,0.0018445695750415325,0.0017043296247720718,-0.00014023995026946068
2870,2984,口腔医学院,2023,345,345,0,0.0,0.04263957589864731,0.04263957589864731,0.0
2871,2985,口腔医学院,2023,345,345,0,0.0,0.17809318006038666,0.17809318006038666,0.0
2872,2986,口腔医学院,2023,345,345,0,0.0,0.20774111151695251,0.20774111151695251,0.0
2873,2987,弘毅学堂,2023,422,422,0,0.0,-0.01891692727804184,-0.01891692727804184,0.0
2874,2988,弘毅学堂,2023,422,422,0,0.0,0.029521318152546883,0.029521318152546883,0.0
2875,2989,弘毅学堂,2023,422,422,0,0.0,0.04349445551633835,0.04349445551633835,0.0
2876,2990,哲学学院,2024,116,116,0,0.0,0.040584906935691833,0.040584906935691833,0.0
2877,2991,哲学学院,2024,116,116,0,0.0,0.07650541514158249,0.07650541514158249,0.0
2878,2992,哲学学院,2024,116,116,0,0.0,0.0193556547164917,0.0193556547164917,0.0
2879,2993,哲学学院,2024,116,116,0,0.0,-0.023217620328068733,-0.023217620328068733,0.0
2880,2994,哲学学院,2024,116,116,0,0.0,0.04696753993630409,0.04696753993630409,0.0
2881,2995,文学院,2024,140,137,3,2.142857142857143,0.05644049122929573,0.05478028208017349,-0.0016602091491222382
2882,2996,文学院,2024,140,140,0,0.0,0.024928495287895203,0.024928495287895203,0.0
2883,2997,文学院,2024,140,140,0,0.0,-0.0272515919059515,-0.0272515919059515,0.0
2884,2998,文学院,2024,140,140,0,0.0,0.013335461728274822,0.013335461728274822,0.0
2885,2999,文学院,2024,140,140,0,0.0,0.07440342009067535,0.07440342009067535,0.0
2886,3000,文学院,2024,140,140,0,0.0,0.02416595071554184,0.02416595071554184,0.0
2887,3001,文学院,2024,140,140,0,0.0,0.0515240877866745,0.0515240877866745,0.0
2888,3002,文学院,2024,140,132,8,5.714285714285714,0.0008645355701446533,0.003291473491117358,0.002426937920972705
2889,3003,文学院,2024,140,140,0,0.0,0.022097358480095863,0.022097358480095863,0.0
2890,3004,文学院,2024,140,140,0,0.0,-0.014399273321032524,-0.014399273321032524,0.0
2891,3005,文学院,2024,140,140,0,0.0,0.05305224657058716,0.05305224657058716,0.0
2892,3006,文学院,2024,140,140,0,0.0,0.07139714062213898,0.07139714062213898,0.0
2893,3007,文学院,2024,140,140,0,0.0,-0.002400301629677415,-0.002400301629677415,0.0
2894,3008,文学院,2024,140,138,2,1.4285714285714286,0.06832651048898697,0.06844531744718552,0.00011880695819854736
2895,3009,文学院,2024,140,140,0,0.0,0.045547548681497574,0.045547548681497574,0.0
2896,3010,文学院,2024,140,140,0,0.0,0.01180221512913704,0.01180221512913704,0.0
2897,3011,文学院,2024,140,140,0,0.0,0.03062375634908676,0.03062375634908676,0.0
2898,3012,文学院,2024,140,139,1,0.7142857142857143,0.01331410277634859,0.012663857080042362,-0.0006502456963062286
2899,3013,外国语言文学学院,2024,198,192,6,3.0303030303030303,-0.020513901486992836,-0.018719596788287163,0.0017943046987056732
2900,3014,外国语言文学学院,2024,198,198,0,0.0,0.020450832322239876,0.020450832322239876,0.0
2901,3015,外国语言文学学院,2024,198,195,3,1.5151515151515151,-0.007046080660074949,-0.006147322244942188,0.000898758415132761
2902,3016,外国语言文学学院,2024,198,165,33,16.666666666666664,0.009858333505690098,0.008497536182403564,-0.0013607973232865334
2903,3017,外国语言文学学院,2024,198,195,3,1.5151515151515151,0.028142552822828293,0.028258904814720154,0.00011635199189186096
2904,3018,新闻与传播学院,2024,56,54,2,3.571428571428571,0.008760051801800728,0.011925856582820415,0.0031658047810196877
2905,3019,新闻与传播学院,2024,56,54,2,3.571428571428571,0.027230430394411087,0.017443599179387093,-0.009786831215023994
2906,3020,新闻与传播学院,2024,56,56,0,0.0,0.049807753413915634,0.049807753413915634,0.0
2907,3021,新闻与传播学院,2024,56,56,0,0.0,0.09850144386291504,0.09850144386291504,0.0
2908,3022,新闻与传播学院,2024,56,55,1,1.7857142857142856,0.04920229688286781,0.04549458995461464,-0.003707706928253174
2909,3023,新闻与传播学院,2024,56,54,2,3.571428571428571,-0.01191867794841528,-0.009081007912755013,0.002837670035660267
2910,3024,新闻与传播学院,2024,56,48,8,14.285714285714285,0.021711887791752815,0.019282294437289238,-0.0024295933544635773
2911,3025,新闻与传播学院,2024,56,56,0,0.0,0.04143443703651428,0.04143443703651428,0.0
2912,3026,新闻与传播学院,2024,56,55,1,1.7857142857142856,0.06156502291560173,0.05608043074607849,-0.005484592169523239
2913,3027,新闻与传播学院,2024,56,56,0,0.0,0.008576667867600918,0.008576667867600918,0.0
2914,3028,新闻与传播学院,2024,56,54,2,3.571428571428571,0.045397840440273285,0.029526542872190475,-0.01587129756808281
2915,3029,新闻与传播学院,2024,56,55,1,1.7857142857142856,0.025784483179450035,0.027484189718961716,0.0016997065395116806
2916,3030,新闻与传播学院,2024,56,56,0,0.0,0.07744449377059937,0.07744449377059937,0.0
2917,3031,新闻与传播学院,2024,56,56,0,0.0,0.018039828166365623,0.018039828166365623,0.0
2918,3032,新闻与传播学院,2024,56,56,0,0.0,0.055204298347234726,0.055204298347234726,0.0
2919,3033,历史学院,2024,29,29,0,0.0,-0.004956980235874653,-0.004956980235874653,0.0
2920,3034,历史学院,2024,29,29,0,0.0,0.034356359392404556,0.034356359392404556,0.0
2921,3035,历史学院,2024,29,25,4,13.793103448275861,-0.05153895169496536,-0.043926529586315155,0.0076124221086502075
2922,3036,历史学院,2024,29,29,0,0.0,0.03540337085723877,0.03540337085723877,0.0
2923,3037,历史学院,2024,29,29,0,0.0,-0.022606734186410904,-0.022606734186410904,0.0
2924,3038,艺术学院,2024,62,61,1,1.6129032258064515,-0.04854494705796242,-0.05309002846479416,-0.004545081406831741
2925,3039,艺术学院,2024,62,42,20,32.25806451612903,0.008689094334840775,0.016660813242197037,0.007971718907356262
2926,3040,经济与管理学院,2024,634,632,2,0.31545741324921134,0.07527416944503784,0.07552193850278854,0.0002477690577507019
2927,3041,经济与管理学院,2024,634,615,19,2.996845425867508,0.10695691406726837,0.10234570503234863,-0.004611209034919739
2928,3042,经济与管理学院,2024,634,634,0,0.0,0.11518320441246033,0.11518320441246033,0.0
2929,3043,经济与管理学院,2024,634,602,32,5.047318611987381,0.1326020061969757,0.13319343328475952,0.0005914270877838135
2930,3044,经济与管理学院,2024,634,634,0,0.0,0.13094177842140198,0.13094177842140198,0.0
2931,3045,经济与管理学院,2024,634,630,4,0.6309148264984227,0.09035643190145493,0.09094220399856567,0.0005857720971107483
2932,3046,经济与管理学院,2024,634,634,0,0.0,0.0980435386300087,0.0980435386300087,0.0
2933,3047,经济与管理学院,2024,634,634,0,0.0,0.0834004357457161,0.0834004357457161,0.0
2934,3048,经济与管理学院,2024,634,632,2,0.31545741324921134,0.09904008358716965,0.09868381172418594,-0.0003562718629837036
2935,3049,经济与管理学院,2024,634,612,22,3.4700315457413247,0.0952649712562561,0.08354442566633224,-0.011720545589923859
2936,3050,经济与管理学院,2024,634,634,0,0.0,0.09393255412578583,0.09393255412578583,0.0
2937,3051,经济与管理学院,2024,634,634,0,0.0,0.0663333460688591,0.0663333460688591,0.0
2938,3052,经济与管理学院,2024,634,633,1,0.15772870662460567,0.11172261834144592,0.11163826286792755,-8.435547351837158e-05
2939,3053,经济与管理学院,2024,634,631,3,0.47318611987381703,0.09969040006399155,0.10008788108825684,0.0003974810242652893
2940,3054,经济与管理学院,2024,634,634,0,0.0,0.09152548760175705,0.09152548760175705,0.0
2941,3055,经济与管理学院,2024,634,634,0,0.0,0.07642895728349686,0.07642895728349686,0.0
2942,3056,经济与管理学院,2024,634,627,7,1.1041009463722398,0.10092493146657944,0.10147034376859665,0.0005454123020172119
2943,3057,经济与管理学院,2024,634,630,4,0.6309148264984227,0.038346484303474426,0.03881901502609253,0.00047253072261810303
2944,3058,经济与管理学院,2024,634,612,22,3.4700315457413247,0.12199409306049347,0.10504400730133057,-0.016950085759162903
2945,3059,经济与管理学院,2024,634,634,0,0.0,0.0961553156375885,0.0961553156375885,0.0
2946,3060,经济与管理学院,2024,634,632,2,0.31545741324921134,0.061070967465639114,0.060132160782814026,-0.0009388066828250885
2947,3061,经济与管理学院,2024,634,624,10,1.5772870662460567,0.08353503793478012,0.08365023881196976,0.00011520087718963623
2948,3062,经济与管理学院,2024,634,634,0,0.0,0.09577061235904694,0.09577061235904694,0.0
2949,3063,经济与管理学院,2024,634,632,2,0.31545741324921134,0.10133874416351318,0.10068082809448242,-0.0006579160690307617
2950,3064,经济与管理学院,2024,634,634,0,0.0,0.11492513120174408,0.11492513120174408,0.0
2951,3065,经济与管理学院,2024,634,602,32,5.047318611987381,0.05857918784022331,0.05835849419236183,-0.0002206936478614807
2952,3066,经济与管理学院,2024,634,633,1,0.15772870662460567,0.031511034816503525,0.030782660469412804,-0.0007283743470907211
2953,3067,经济与管理学院,2024,634,634,0,0.0,0.11635873466730118,0.11635873466730118,0.0
2954,3068,经济与管理学院,2024,634,632,2,0.31545741324921134,0.08310557901859283,0.0828314945101738,-0.00027408450841903687
2955,3069,经济与管理学院,2024,634,633,1,0.15772870662460567,0.05026036500930786,0.04955174773931503,-0.0007086172699928284
2956,3070,经济与管理学院,2024,634,634,0,0.0,0.07624554634094238,0.07624554634094238,0.0
2957,3071,经济与管理学院,2024,634,632,2,0.31545741324921134,0.09173531085252762,0.0915345698595047,-0.0002007409930229187
2958,3072,经济与管理学院,2024,634,633,1,0.15772870662460567,0.10139995068311691,0.10152489691972733,0.0001249462366104126
2959,3073,经济与管理学院,2024,634,633,1,0.15772870662460567,0.11308477818965912,0.11257462203502655,-0.0005101561546325684
2960,3074,经济与管理学院,2024,634,630,4,0.6309148264984227,0.09218849986791611,0.09303676337003708,0.0008482635021209717
2961,3075,经济与管理学院,2024,634,633,1,0.15772870662460567,0.10102249681949615,0.10087190568447113,-0.00015059113502502441
2962,3076,经济与管理学院,2024,634,633,1,0.15772870662460567,0.09031067043542862,0.09033288806676865,2.2217631340026855e-05
2963,3077,经济与管理学院,2024,634,633,1,0.15772870662460567,0.07245039194822311,0.07249046862125397,4.007667303085327e-05
2964,3078,法学院,2024,166,166,0,0.0,-0.021784204989671707,-0.021784204989671707,0.0
2965,3079,法学院,2024,166,121,45,27.10843373493976,0.020331477746367455,0.01922156848013401,-0.0011099092662334442
2966,3080,法学院,2024,166,165,1,0.6024096385542169,0.019929392263293266,0.019965186715126038,3.57944518327713e-05
2967,3081,法学院,2024,166,157,9,5.421686746987952,-0.02636207453906536,-0.02573348954319954,0.0006285849958658218
2968,3082,法学院,2024,166,166,0,0.0,0.09067264199256897,0.09067264199256897,0.0
2969,3083,法学院,2024,166,166,0,0.0,0.05446506291627884,0.05446506291627884,0.0
2970,3084,法学院,2024,166,166,0,0.0,0.07344623655080795,0.07344623655080795,0.0
2971,3085,法学院,2024,166,163,3,1.8072289156626504,0.048353586345911026,0.04971496760845184,0.0013613812625408173
2972,3086,法学院,2024,166,166,0,0.0,-0.0015993284760043025,-0.0015993284760043025,0.0
2973,3087,法学院,2024,166,160,6,3.614457831325301,0.04239115118980408,0.03544660657644272,-0.006944544613361359
2974,3088,法学院,2024,166,156,10,6.024096385542169,0.05553053691983223,0.050842445343732834,-0.004688091576099396
2975,3089,法学院,2024,166,166,0,0.0,-0.005617047660052776,-0.005617047660052776,0.0
2976,3090,法学院,2024,166,166,0,0.0,-0.004275471903383732,-0.004275471903383732,0.0
2977,3091,法学院,2024,166,165,1,0.6024096385542169,-0.011098104529082775,-0.010951124131679535,0.0001469803974032402
2978,3092,法学院,2024,166,166,0,0.0,0.05855761840939522,0.05855761840939522,0.0
2979,3093,法学院,2024,166,166,0,0.0,0.018126439303159714,0.018126439303159714,0.0
2980,3094,法学院,2024,166,162,4,2.4096385542168677,0.003844459308311343,0.004597147926688194,0.0007526886183768511
2981,3095,法学院,2024,166,158,8,4.819277108433735,0.023909715935587883,0.032558802515268326,0.008649086579680443
2982,3096,法学院,2024,166,166,0,0.0,0.0355650819838047,0.0355650819838047,0.0
2983,3097,法学院,2024,166,121,45,27.10843373493976,0.07232476025819778,0.06628958880901337,-0.006035171449184418
2984,3098,法学院,2024,166,165,1,0.6024096385542169,-0.01976177841424942,-0.019610736519098282,0.0001510418951511383
2985,3099,法学院,2024,166,166,0,0.0,0.08156716078519821,0.08156716078519821,0.0
2986,3100,法学院,2024,166,156,10,6.024096385542169,0.04924042895436287,0.044627897441387177,-0.004612531512975693
2987,3101,法学院,2024,166,160,6,3.614457831325301,0.06459293514490128,0.05934875085949898,-0.005244184285402298
2988,3102,法学院,2024,166,165,1,0.6024096385542169,0.09021534025669098,0.08944999426603317,-0.0007653459906578064
2989,3103,法学院,2024,166,166,0,0.0,0.044503141194581985,0.044503141194581985,0.0
2990,3104,法学院,2024,166,166,0,0.0,-0.019369587302207947,-0.019369587302207947,0.0
2991,3105,法学院,2024,166,163,3,1.8072289156626504,0.002008699346333742,0.0027658077888190746,0.0007571084424853325
2992,3106,法学院,2024,166,166,0,0.0,0.005393028259277344,0.005393028259277344,0.0
2993,3107,法学院,2024,166,165,1,0.6024096385542169,-0.0036000264808535576,-0.0034053202252835035,0.00019470625557005405
2994,3108,法学院,2024,166,166,0,0.0,-0.01286940649151802,-0.01286940649151802,0.0
2995,3109,法学院,2024,166,166,0,0.0,0.0539071187376976,0.0539071187376976,0.0
2996,3110,法学院,2024,166,166,0,0.0,0.05931377410888672,0.05931377410888672,0.0
2997,3111,法学院,2024,166,147,19,11.44578313253012,0.02809629589319229,0.03817925974726677,0.010082963854074478
2998,3112,政治与公共管理学院,2024,75,69,6,8.0,0.0800972580909729,0.06551461666822433,-0.014582641422748566
2999,3113,政治与公共管理学院,2024,75,70,5,6.666666666666667,0.021215079352259636,0.015288036316633224,-0.0059270430356264114
3000,3114,政治与公共管理学院,2024,75,69,6,8.0,0.05937603488564491,0.04514933004975319,-0.014226704835891724
3001,3115,政治与公共管理学院,2024,75,75,0,0.0,0.0714007094502449,0.0714007094502449,0.0
3002,3116,马克思主义学院,2024,8,8,0,0.0,-0.024211237207055092,-0.024211237207055092,0.0
3003,3117,马克思主义学院,2024,8,8,0,0.0,-0.03465643525123596,-0.03465643525123596,0.0
3004,3118,马克思主义学院,2024,8,8,0,0.0,-0.08321677893400192,-0.08321677893400192,0.0
3005,3119,信息管理学院,2024,335,335,0,0.0,0.10216344892978668,0.10216344892978668,0.0
3006,3120,信息管理学院,2024,335,335,0,0.0,0.1324230134487152,0.1324230134487152,0.0
3007,3121,信息管理学院,2024,335,300,35,10.44776119402985,0.10934508591890335,0.10343922674655914,-0.005905859172344208
3008,3122,信息管理学院,2024,335,317,18,5.3731343283582085,0.06628783792257309,0.05980242043733597,-0.006485417485237122
3009,3123,信息管理学院,2024,335,335,0,0.0,0.11560465395450592,0.11560465395450592,0.0
3010,3124,信息管理学院,2024,335,333,2,0.5970149253731344,0.1258622109889984,0.12525904178619385,-0.0006031692028045654
3011,3125,信息管理学院,2024,335,333,2,0.5970149253731344,0.06490804255008698,0.06438322365283966,-0.0005248188972473145
3012,3126,信息管理学院,2024,335,329,6,1.791044776119403,0.04954957962036133,0.04973730817437172,0.00018772855401039124
3013,3127,信息管理学院,2024,335,315,20,5.970149253731343,0.13953930139541626,0.1383306384086609,-0.001208662986755371
3014,3128,信息管理学院,2024,335,335,0,0.0,0.07902499288320541,0.07902499288320541,0.0
3015,3129,信息管理学院,2024,335,317,18,5.3731343283582085,0.1149853840470314,0.10769724100828171,-0.007288143038749695
3016,3130,信息管理学院,2024,335,334,1,0.2985074626865672,0.08512718975543976,0.08460447192192078,-0.0005227178335189819
3017,3131,信息管理学院,2024,335,333,2,0.5970149253731344,0.09422554820775986,0.09488458931446075,0.0006590411067008972
3018,3132,信息管理学院,2024,335,315,20,5.970149253731343,0.14884106814861298,0.14553023874759674,-0.0033108294010162354
3019,3133,信息管理学院,2024,335,332,3,0.8955223880597015,0.093653105199337,0.09243248403072357,-0.0012206211686134338
3020,3134,信息管理学院,2024,335,329,6,1.791044776119403,0.11696203798055649,0.11098526418209076,-0.005976773798465729
3021,3135,信息管理学院,2024,335,333,2,0.5970149253731344,0.08897488564252853,0.08949080854654312,0.0005159229040145874
3022,3136,信息管理学院,2024,335,334,1,0.2985074626865672,0.12286864221096039,0.12255619466304779,-0.00031244754791259766
3023,3137,信息管理学院,2024,335,330,5,1.4925373134328357,0.08399295061826706,0.08611200749874115,0.0021190568804740906
3024,3138,信息管理学院,2024,335,323,12,3.582089552238806,0.0774930939078331,0.07890842854976654,0.0014153346419334412
3025,3139,信息管理学院,2024,335,335,0,0.0,0.04947727173566818,0.04947727173566818,0.0
3026,3140,信息管理学院,2024,335,335,0,0.0,0.044962286949157715,0.044962286949157715,0.0
3027,3141,信息管理学院,2024,335,310,25,7.462686567164178,0.05888177827000618,0.060320693999528885,0.001438915729522705
3028,3142,数学与统计学院,2024,20,20,0,0.0,0.1529436856508255,0.1529436856508255,0.0
3029,3143,数学与统计学院,2024,20,19,1,5.0,0.10961602628231049,0.10417171567678452,-0.0054443106055259705
3030,3144,物理科学与技术学院,2024,229,218,11,4.8034934497816595,0.3215219974517822,0.31768283247947693,-0.003839164972305298
3031,3145,物理科学与技术学院,2024,229,229,0,0.0,0.25165751576423645,0.25165751576423645,0.0
3032,3146,物理科学与技术学院,2024,229,218,11,4.8034934497816595,0.18640901148319244,0.1805487424135208,-0.005860269069671631
3033,3147,物理科学与技术学院,2024,229,218,11,4.8034934497816595,0.19317807257175446,0.18990987539291382,-0.003268197178840637
3034,3148,物理科学与技术学院,2024,229,183,46,20.087336244541483,0.1903492957353592,0.1873033046722412,-0.003045991063117981
3035,3149,物理科学与技术学院,2024,229,228,1,0.43668122270742354,0.2510460913181305,0.25058335065841675,-0.0004627406597137451
3036,3150,物理科学与技术学院,2024,229,229,0,0.0,0.1830383986234665,0.1830383986234665,0.0
3037,3151,物理科学与技术学院,2024,229,210,19,8.296943231441048,0.21175381541252136,0.20527659356594086,-0.006477221846580505
3038,3152,物理科学与技术学院,2024,229,228,1,0.43668122270742354,0.19262360036373138,0.19223938882350922,-0.00038421154022216797
3039,3153,物理科学与技术学院,2024,229,227,2,0.8733624454148471,0.24536503851413727,0.24602434039115906,0.0006593018770217896
3040,3154,物理科学与技术学院,2024,229,183,46,20.087336244541483,0.2585314214229584,0.24968689680099487,-0.008844524621963501
3041,3155,物理科学与技术学院,2024,229,228,1,0.43668122270742354,0.1562974452972412,0.15676487982273102,0.00046743452548980713
3042,3156,物理科学与技术学院,2024,229,210,19,8.296943231441048,0.19986610114574432,0.19190746545791626,-0.007958635687828064
3043,3157,物理科学与技术学院,2024,229,229,0,0.0,0.07210596650838852,0.07210596650838852,0.0
3044,3158,物理科学与技术学院,2024,229,228,1,0.43668122270742354,0.140929713845253,0.14047080278396606,-0.00045891106128692627
3045,3159,物理科学与技术学院,2024,229,223,6,2.6200873362445414,0.19031141698360443,0.18371568620204926,-0.006595730781555176
3046,3160,化学与分子科学学院,2024,681,649,32,4.698972099853157,0.23480357229709625,0.22828295826911926,-0.00652061402797699
3047,3161,化学与分子科学学院,2024,681,665,16,2.3494860499265786,0.22311949729919434,0.21976451575756073,-0.003354981541633606
3048,3162,化学与分子科学学院,2024,681,681,0,0.0,0.27974608540534973,0.27974608540534973,0.0
3049,3163,化学与分子科学学院,2024,681,665,16,2.3494860499265786,0.25983360409736633,0.2562815845012665,-0.0035520195960998535
3050,3164,化学与分子科学学院,2024,681,676,5,0.7342143906020557,0.2783041000366211,0.2771424651145935,-0.0011616349220275879
3051,3165,化学与分子科学学院,2024,681,669,12,1.762114537444934,0.20788855850696564,0.2070857584476471,-0.0008028000593185425
3052,3166,化学与分子科学学院,2024,681,674,7,1.0279001468428781,0.21050509810447693,0.20796211063861847,-0.0025429874658584595
3053,3167,化学与分子科学学院,2024,681,657,24,3.524229074889868,0.2888335585594177,0.278802752494812,-0.010030806064605713
3054,3168,化学与分子科学学院,2024,681,657,24,3.524229074889868,0.2182549089193344,0.2070353627204895,-0.01121954619884491
3055,3169,化学与分子科学学院,2024,681,603,78,11.45374449339207,0.34019872546195984,0.32679083943367004,-0.013407886028289795
3056,3170,化学与分子科学学院,2024,681,672,9,1.3215859030837005,0.1699349582195282,0.16599051654338837,-0.0039444416761398315
3057,3171,化学与分子科学学院,2024,681,663,18,2.643171806167401,0.2794356048107147,0.2770484387874603,-0.0023871660232543945
3058,3172,化学与分子科学学院,2024,681,681,0,0.0,0.21409864723682404,0.21409864723682404,0.0
3059,3173,化学与分子科学学院,2024,681,663,18,2.643171806167401,0.3317680060863495,0.3289374113082886,-0.002830594778060913
3060,3174,化学与分子科学学院,2024,681,675,6,0.881057268722467,0.3430023193359375,0.3418327271938324,-0.0011695921421051025
3061,3175,化学与分子科学学院,2024,681,675,6,0.881057268722467,0.3340117633342743,0.3322775363922119,-0.001734226942062378
3062,3176,化学与分子科学学院,2024,681,677,4,0.5873715124816447,0.3090856075286865,0.3082009553909302,-0.0008846521377563477
3063,3177,化学与分子科学学院,2024,681,626,55,8.076358296622614,0.3256125748157501,0.3116273283958435,-0.013985246419906616
3064,3178,化学与分子科学学院,2024,681,681,0,0.0,0.3013449013233185,0.3013449013233185,0.0
3065,3179,化学与分子科学学院,2024,681,677,4,0.5873715124816447,0.2823846936225891,0.28313297033309937,0.0007482767105102539
3066,3180,化学与分子科学学院,2024,681,681,0,0.0,0.3362630605697632,0.3362630605697632,0.0
3067,3181,化学与分子科学学院,2024,681,681,0,0.0,0.3332536220550537,0.3332536220550537,0.0
3068,3182,化学与分子科学学院,2024,681,681,0,0.0,0.24593327939510345,0.24593327939510345,0.0
3069,3183,化学与分子科学学院,2024,681,681,0,0.0,0.19067485630512238,0.19067485630512238,0.0
3070,3184,生命科学学院,2024,455,445,10,2.197802197802198,0.03635360300540924,0.0295029878616333,-0.00685061514377594
3071,3185,生命科学学院,2024,455,455,0,0.0,0.1829211562871933,0.1829211562871933,0.0
3072,3186,生命科学学院,2024,455,433,22,4.835164835164836,0.21047581732273102,0.20840062201023102,-0.0020751953125
3073,3187,生命科学学院,2024,455,439,16,3.5164835164835164,0.18127259612083435,0.17706486582756042,-0.004207730293273926
3074,3188,生命科学学院,2024,455,455,0,0.0,0.21434111893177032,0.21434111893177032,0.0
3075,3189,生命科学学院,2024,455,454,1,0.21978021978021978,0.2169477790594101,0.21630246937274933,-0.0006453096866607666
3076,3190,生命科学学院,2024,455,452,3,0.6593406593406593,0.10617072135210037,0.10391055047512054,-0.002260170876979828
3077,3191,生命科学学院,2024,455,453,2,0.43956043956043955,0.22326484322547913,0.2235596477985382,0.00029480457305908203
3078,3192,生命科学学院,2024,455,452,3,0.6593406593406593,0.22834765911102295,0.2281421273946762,-0.00020553171634674072
3079,3193,生命科学学院,2024,455,455,0,0.0,0.1470988541841507,0.1470988541841507,0.0
3080,3194,生命科学学院,2024,455,455,0,0.0,0.16977134346961975,0.16977134346961975,0.0
3081,3195,生命科学学院,2024,455,427,28,6.153846153846154,0.20253895223140717,0.2077861726284027,0.005247220396995544
3082,3196,生命科学学院,2024,455,451,4,0.8791208791208791,0.24406744539737701,0.2439599186182022,-0.00010752677917480469
3083,3197,生命科学学院,2024,455,453,2,0.43956043956043955,0.17613092064857483,0.17658956348896027,0.000458642840385437
3084,3198,生命科学学院,2024,455,452,3,0.6593406593406593,0.22122468054294586,0.22035352885723114,-0.0008711516857147217
3085,3199,生命科学学院,2024,455,449,6,1.3186813186813187,0.16785770654678345,0.1653110831975937,-0.0025466233491897583
3086,3200,生命科学学院,2024,455,455,0,0.0,0.18145298957824707,0.18145298957824707,0.0
3087,3201,生命科学学院,2024,455,427,28,6.153846153846154,0.18522223830223083,0.17690050601959229,-0.00832173228263855
3088,3202,生命科学学院,2024,455,453,2,0.43956043956043955,0.1421363353729248,0.14119172096252441,-0.0009446144104003906
3089,3203,生命科学学院,2024,455,454,1,0.21978021978021978,0.17739495635032654,0.17749951779842377,0.000104561448097229
3090,3204,生命科学学院,2024,455,441,14,3.076923076923077,0.12839843332767487,0.12919864058494568,0.000800207257270813
3091,3205,生命科学学院,2024,455,415,40,8.791208791208792,0.15608632564544678,0.151617169380188,-0.004469156265258789
3092,3206,生命科学学院,2024,455,455,0,0.0,0.2022514045238495,0.2022514045238495,0.0
3093,3207,生命科学学院,2024,455,453,2,0.43956043956043955,0.14573203027248383,0.14461468160152435,-0.0011173486709594727
3094,3208,生命科学学院,2024,455,451,4,0.8791208791208791,0.16795194149017334,0.16815687716007233,0.00020493566989898682
3095,3209,生命科学学院,2024,455,450,5,1.098901098901099,0.21082156896591187,0.21122826635837555,0.0004066973924636841
3096,3210,生命科学学院,2024,455,405,50,10.989010989010989,0.09685470908880234,0.10644346475601196,0.009588755667209625
3097,3211,生命科学学院,2024,455,455,0,0.0,0.15121877193450928,0.15121877193450928,0.0
3098,3212,生命科学学院,2024,455,454,1,0.21978021978021978,0.1839609295129776,0.18329425156116486,-0.0006666779518127441
3099,3213,生命科学学院,2024,455,425,30,6.593406593406594,0.21339952945709229,0.2211528867483139,0.007753357291221619
3100,3214,生命科学学院,2024,455,436,19,4.175824175824175,0.22908419370651245,0.23166987299919128,0.002585679292678833
3101,3215,生命科学学院,2024,455,455,0,0.0,0.1936006098985672,0.1936006098985672,0.0
3102,3216,生命科学学院,2024,455,451,4,0.8791208791208791,0.20611652731895447,0.20618915557861328,7.262825965881348e-05
3103,3217,生命科学学院,2024,455,405,50,10.989010989010989,0.04133424907922745,0.04821249097585678,0.0068782418966293335
3104,3218,生命科学学院,2024,455,455,0,0.0,0.06979289650917053,0.06979289650917053,0.0
3105,3219,生命科学学院,2024,455,452,3,0.6593406593406593,0.10273279994726181,0.10289543867111206,0.00016263872385025024
3106,3220,生命科学学院,2024,455,455,0,0.0,0.18377642333507538,0.18377642333507538,0.0
3107,3221,生命科学学院,2024,455,425,30,6.593406593406594,0.19373078644275665,0.19972559809684753,0.005994811654090881
3108,3222,生命科学学院,2024,455,455,0,0.0,0.15621328353881836,0.15621328353881836,0.0
3109,3223,生命科学学院,2024,455,454,1,0.21978021978021978,0.11654426902532578,0.11613258719444275,-0.0004116818308830261
3110,3224,生命科学学院,2024,455,454,1,0.21978021978021978,0.11311312019824982,0.11321122944355011,9.810924530029297e-05
3111,3225,资源与环境科学学院,2024,428,427,1,0.23364485981308408,0.09619532525539398,0.09580395370721817,-0.00039137154817581177
3112,3226,资源与环境科学学院,2024,428,417,11,2.570093457943925,0.0655069351196289,0.06293221563100815,-0.002574719488620758
3113,3227,资源与环境科学学院,2024,428,422,6,1.4018691588785046,0.14206737279891968,0.1372140645980835,-0.004853308200836182
3114,3228,资源与环境科学学院,2024,428,414,14,3.2710280373831773,0.1553633213043213,0.14789307117462158,-0.007470250129699707
3115,3229,资源与环境科学学院,2024,428,393,35,8.177570093457943,0.21379680931568146,0.19911469519138336,-0.014682114124298096
3116,3230,资源与环境科学学院,2024,428,428,0,0.0,0.1357492357492447,0.1357492357492447,0.0
3117,3231,资源与环境科学学院,2024,428,428,0,0.0,0.1329575628042221,0.1329575628042221,0.0
3118,3232,资源与环境科学学院,2024,428,421,7,1.6355140186915886,0.17823530733585358,0.17498688399791718,-0.0032484233379364014
3119,3233,资源与环境科学学院,2024,428,428,0,0.0,0.11276958882808685,0.11276958882808685,0.0
3120,3234,资源与环境科学学院,2024,428,426,2,0.46728971962616817,0.19089847803115845,0.19034399092197418,-0.0005544871091842651
3121,3235,资源与环境科学学院,2024,428,417,11,2.570093457943925,0.13938947021961212,0.13421428203582764,-0.005175188183784485
3122,3236,资源与环境科学学院,2024,428,427,1,0.23364485981308408,0.09891383349895477,0.0987057238817215,-0.00020810961723327637
3123,3237,资源与环境科学学院,2024,428,394,34,7.943925233644859,0.17403820157051086,0.15700587630271912,-0.017032325267791748
3124,3238,资源与环境科学学院,2024,428,422,6,1.4018691588785046,0.148993119597435,0.14513163268566132,-0.0038614869117736816
3125,3239,资源与环境科学学院,2024,428,426,2,0.46728971962616817,0.11638772487640381,0.1149953231215477,-0.0013924017548561096
3126,3240,资源与环境科学学院,2024,428,408,20,4.672897196261682,0.13691295683383942,0.12480958551168442,-0.012103371322154999
3127,3241,资源与环境科学学院,2024,428,426,2,0.46728971962616817,0.1405067890882492,0.1389862298965454,-0.0015205591917037964
3128,3242,资源与环境科学学院,2024,428,428,0,0.0,0.06977008283138275,0.06977008283138275,0.0
3129,3243,资源与环境科学学院,2024,428,420,8,1.8691588785046727,0.06752175837755203,0.06622437387704849,-0.00129738450050354
3130,3244,资源与环境科学学院,2024,428,423,5,1.1682242990654206,0.10853845626115799,0.10530693084001541,-0.003231525421142578
3131,3245,资源与环境科学学院,2024,428,426,2,0.46728971962616817,0.20553264021873474,0.20481671392917633,-0.0007159262895584106
3132,3246,资源与环境科学学院,2024,428,393,35,8.177570093457943,0.15314391255378723,0.1308230757713318,-0.022320836782455444
3133,3247,资源与环境科学学院,2024,428,403,25,5.841121495327103,0.06451156735420227,0.06095550209283829,-0.003556065261363983
3134,3248,资源与环境科学学院,2024,428,428,0,0.0,0.07530634850263596,0.07530634850263596,0.0
3135,3249,资源与环境科学学院,2024,428,423,5,1.1682242990654206,0.15463502705097198,0.153092622756958,-0.001542404294013977
3136,3250,资源与环境科学学院,2024,428,411,17,3.9719626168224296,0.20687128603458405,0.20284733176231384,-0.004023954272270203
3137,3251,资源与环境科学学院,2024,428,428,0,0.0,0.11927790194749832,0.11927790194749832,0.0
3138,3252,资源与环境科学学院,2024,428,427,1,0.23364485981308408,0.1383531391620636,0.13835492730140686,1.7881393432617188e-06
3139,3253,资源与环境科学学院,2024,428,421,7,1.6355140186915886,0.1887691169977188,0.18620285391807556,-0.0025662630796432495
3140,3254,资源与环境科学学院,2024,428,417,11,2.570093457943925,0.13494467735290527,0.13426844775676727,-0.0006762295961380005
3141,3255,资源与环境科学学院,2024,428,395,33,7.710280373831775,0.17363721132278442,0.15653109550476074,-0.01710611581802368
3142,3256,资源与环境科学学院,2024,428,417,11,2.570093457943925,0.2108318954706192,0.2011859267950058,-0.009645968675613403
3143,3257,资源与环境科学学院,2024,428,404,24,5.607476635514018,0.05196192488074303,0.045577824115753174,-0.006384100764989853
3144,3258,资源与环境科学学院,2024,428,428,0,0.0,0.2234562337398529,0.2234562337398529,0.0
3145,3259,动力与机械学院,2024,399,396,3,0.7518796992481203,0.06685144454240799,0.06698094308376312,0.00012949854135513306
3146,3260,动力与机械学院,2024,399,399,0,0.0,0.08300907164812088,0.08300907164812088,0.0
3147,3261,动力与机械学院,2024,399,394,5,1.2531328320802004,0.09337598085403442,0.09256290644407272,-0.0008130744099617004
3148,3262,动力与机械学院,2024,399,380,19,4.761904761904762,0.11715218424797058,0.11776794493198395,0.0006157606840133667
3149,3263,动力与机械学院,2024,399,379,20,5.012531328320802,0.18569333851337433,0.1769697517156601,-0.008723586797714233
3150,3264,动力与机械学院,2024,399,381,18,4.511278195488721,0.1875889003276825,0.1843283325433731,-0.003260567784309387
3151,3265,动力与机械学院,2024,399,371,28,7.017543859649122,0.16594377160072327,0.15834705531597137,-0.007596716284751892
3152,3266,动力与机械学院,2024,399,399,0,0.0,0.1714380830526352,0.1714380830526352,0.0
3153,3267,动力与机械学院,2024,399,399,0,0.0,0.1357841044664383,0.1357841044664383,0.0
3154,3268,动力与机械学院,2024,399,399,0,0.0,0.21726982295513153,0.21726982295513153,0.0
3155,3269,动力与机械学院,2024,399,379,20,5.012531328320802,0.2159712314605713,0.21720261871814728,0.0012313872575759888
3156,3270,动力与机械学院,2024,399,398,1,0.2506265664160401,0.09400375932455063,0.0936710387468338,-0.0003327205777168274
3157,3271,动力与机械学院,2024,399,380,19,4.761904761904762,0.06377385556697845,0.06340021640062332,-0.00037363916635513306
3158,3272,动力与机械学院,2024,399,397,2,0.5012531328320802,0.21135874092578888,0.21137097477912903,1.2233853340148926e-05
3159,3273,动力与机械学院,2024,399,379,20,5.012531328320802,0.229439377784729,0.2276570200920105,-0.0017823576927185059
3160,3274,动力与机械学院,2024,399,394,5,1.2531328320802004,0.12131369858980179,0.11935579776763916,-0.001957900822162628
3161,3275,动力与机械学院,2024,399,397,2,0.5012531328320802,0.16002005338668823,0.15957850217819214,-0.00044155120849609375
3162,3276,动力与机械学院,2024,399,382,17,4.260651629072681,0.20372146368026733,0.2016993761062622,-0.002022087574005127
3163,3277,动力与机械学院,2024,399,397,2,0.5012531328320802,0.0933876484632492,0.0946291983127594,0.0012415498495101929
3164,3278,动力与机械学院,2024,399,399,0,0.0,0.0752616822719574,0.0752616822719574,0.0
3165,3279,动力与机械学院,2024,399,392,7,1.7543859649122806,0.11601454019546509,0.11523780226707458,-0.0007767379283905029
3166,3280,动力与机械学院,2024,399,398,1,0.2506265664160401,0.20967954397201538,0.20951363444328308,-0.0001659095287322998
3167,3281,动力与机械学院,2024,399,397,2,0.5012531328320802,0.11705320328474045,0.11758316308259964,0.0005299597978591919
3168,3282,动力与机械学院,2024,399,399,0,0.0,0.10629662871360779,0.10629662871360779,0.0
3169,3283,电气与自动化学院,2024,351,348,3,0.8547008547008548,0.21232040226459503,0.21227018535137177,-5.02169132232666e-05
3170,3284,电气与自动化学院,2024,351,345,6,1.7094017094017095,0.14672517776489258,0.14671818912029266,-6.988644599914551e-06
3171,3285,电气与自动化学院,2024,351,350,1,0.2849002849002849,0.21032945811748505,0.21068935096263885,0.0003598928451538086
3172,3286,电气与自动化学院,2024,351,341,10,2.849002849002849,0.22239020466804504,0.22286158800125122,0.00047138333320617676
3173,3287,电气与自动化学院,2024,351,351,0,0.0,0.10898289829492569,0.10898289829492569,0.0
3174,3288,电气与自动化学院,2024,351,351,0,0.0,0.1312233954668045,0.1312233954668045,0.0
3175,3289,电气与自动化学院,2024,351,340,11,3.133903133903134,0.21520374715328217,0.20833978056907654,-0.0068639665842056274
3176,3290,电气与自动化学院,2024,351,335,16,4.5584045584045585,0.16710108518600464,0.15762963891029358,-0.00947144627571106
3177,3291,电气与自动化学院,2024,351,350,1,0.2849002849002849,0.2233140915632248,0.22287122905254364,-0.00044286251068115234
3178,3292,电气与自动化学院,2024,351,351,0,0.0,0.1419520378112793,0.1419520378112793,0.0
3179,3293,电气与自动化学院,2024,351,335,16,4.5584045584045585,0.18107497692108154,0.1705387830734253,-0.01053619384765625
3180,3294,电气与自动化学院,2024,351,351,0,0.0,0.1911841332912445,0.1911841332912445,0.0
3181,3295,电气与自动化学院,2024,351,351,0,0.0,0.18574292957782745,0.18574292957782745,0.0
3182,3296,电气与自动化学院,2024,351,348,3,0.8547008547008548,0.1749577820301056,0.17566123604774475,0.0007034540176391602
3183,3297,电气与自动化学院,2024,351,332,19,5.413105413105413,0.21118290722370148,0.20313115417957306,-0.008051753044128418
3184,3298,电气与自动化学院,2024,351,350,1,0.2849002849002849,0.17064231634140015,0.1700279414653778,-0.0006143748760223389
3185,3299,电气与自动化学院,2024,351,344,7,1.9943019943019942,0.21692122519016266,0.21699252724647522,7.130205631256104e-05
3186,3300,电气与自动化学院,2024,351,351,0,0.0,0.25183719396591187,0.25183719396591187,0.0
3187,3301,电气与自动化学院,2024,351,350,1,0.2849002849002849,0.21362948417663574,0.21397064626216888,0.0003411620855331421
3188,3302,电气与自动化学院,2024,351,351,0,0.0,0.2197672575712204,0.2197672575712204,0.0
3189,3303,电气与自动化学院,2024,351,349,2,0.5698005698005698,0.21463529765605927,0.21400858461856842,-0.0006267130374908447
3190,3304,电气与自动化学院,2024,351,316,35,9.971509971509972,0.21346770226955414,0.2060975730419159,-0.007370129227638245
3191,3305,电气与自动化学院,2024,351,346,5,1.4245014245014245,0.18672947585582733,0.18313434720039368,-0.003595128655433655
3192,3306,电气与自动化学院,2024,351,343,8,2.2792022792022792,0.22038136422634125,0.21703723073005676,-0.003344133496284485
3193,3307,电气与自动化学院,2024,351,350,1,0.2849002849002849,0.16011548042297363,0.16004781424999237,-6.766617298126221e-05
3194,3308,电气与自动化学院,2024,351,350,1,0.2849002849002849,0.17506739497184753,0.17514802515506744,8.063018321990967e-05
3195,3309,电气与自动化学院,2024,351,326,25,7.122507122507122,0.2091578245162964,0.1984078288078308,-0.010749995708465576
3196,3310,电气与自动化学院,2024,351,343,8,2.2792022792022792,0.17891721427440643,0.17664536833763123,-0.0022718459367752075
3197,3311,电气与自动化学院,2024,351,342,9,2.564102564102564,0.2221345603466034,0.22052736580371857,-0.0016071945428848267
3198,3312,电气与自动化学院,2024,351,324,27,7.6923076923076925,0.18914130330085754,0.19474142789840698,0.0056001245975494385
3199,3313,电气与自动化学院,2024,351,328,23,6.552706552706552,0.13684669137001038,0.14099308848381042,0.004146397113800049
3200,3314,电气与自动化学院,2024,351,350,1,0.2849002849002849,0.13843531906604767,0.1387992948293686,0.00036397576332092285
3201,3315,电气与自动化学院,2024,351,347,4,1.1396011396011396,0.23149150609970093,0.22739918529987335,-0.004092320799827576
3202,3316,电气与自动化学院,2024,351,345,6,1.7094017094017095,0.24549652636051178,0.24805116653442383,0.0025546401739120483
3203,3317,电气与自动化学院,2024,351,316,35,9.971509971509972,0.18703755736351013,0.17677965760231018,-0.010257899761199951
3204,3318,电气与自动化学院,2024,351,348,3,0.8547008547008548,0.0923260971903801,0.09077155590057373,-0.001554541289806366
3205,3319,电气与自动化学院,2024,351,326,25,7.122507122507122,0.22328484058380127,0.21111926436424255,-0.012165576219558716
3206,3320,电气与自动化学院,2024,351,348,3,0.8547008547008548,0.1701875925064087,0.17039403319358826,0.00020644068717956543
3207,3321,电气与自动化学院,2024,351,351,0,0.0,0.15905220806598663,0.15905220806598663,0.0
3208,3322,土木建筑工程学院,2024,426,412,14,3.286384976525822,0.13749590516090393,0.13635040819644928,-0.0011454969644546509
3209,3323,土木建筑工程学院,2024,426,424,2,0.4694835680751174,0.21761079132556915,0.2169077843427658,-0.0007030069828033447
3210,3324,土木建筑工程学院,2024,426,414,12,2.8169014084507045,0.19446398317813873,0.1915132999420166,-0.0029506832361221313
3211,3325,土木建筑工程学院,2024,426,422,4,0.9389671361502347,0.20309218764305115,0.20192158222198486,-0.0011706054210662842
3212,3326,土木建筑工程学院,2024,426,415,11,2.5821596244131455,0.1802813857793808,0.1745871901512146,-0.005694195628166199
3213,3327,土木建筑工程学院,2024,426,425,1,0.2347417840375587,0.1166810467839241,0.116073377430439,-0.0006076693534851074
3214,3328,土木建筑工程学院,2024,426,374,52,12.206572769953052,0.24245432019233704,0.21590904891490936,-0.026545271277427673
3215,3329,土木建筑工程学院,2024,426,414,12,2.8169014084507045,0.23350517451763153,0.2264515608549118,-0.0070536136627197266
3216,3330,土木建筑工程学院,2024,426,374,52,12.206572769953052,0.218959242105484,0.1907038539648056,-0.028255388140678406
3217,3331,土木建筑工程学院,2024,426,421,5,1.1737089201877933,0.12290094792842865,0.120181143283844,-0.0027198046445846558
3218,3332,土木建筑工程学院,2024,426,426,0,0.0,0.06427392363548279,0.06427392363548279,0.0
3219,3333,土木建筑工程学院,2024,426,422,4,0.9389671361502347,0.08573070168495178,0.0863359123468399,0.0006052106618881226
3220,3334,土木建筑工程学院,2024,426,407,19,4.460093896713615,0.19043086469173431,0.18169453740119934,-0.008736327290534973
3221,3335,土木建筑工程学院,2024,426,421,5,1.1737089201877933,0.20952436327934265,0.20818203687667847,-0.0013423264026641846
3222,3336,土木建筑工程学院,2024,426,418,8,1.8779342723004695,0.192411407828331,0.1866067349910736,-0.005804672837257385
3223,3337,土木建筑工程学院,2024,426,401,25,5.868544600938967,0.233054056763649,0.2173503339290619,-0.015703722834587097
3224,3338,土木建筑工程学院,2024,426,415,11,2.5821596244131455,0.19399720430374146,0.19096747040748596,-0.003029733896255493
3225,3339,土木建筑工程学院,2024,426,421,5,1.1737089201877933,0.20710578560829163,0.20432990789413452,-0.0027758777141571045
3226,3340,水利水电学院,2024,433,401,32,7.390300230946882,0.19401434063911438,0.1761934906244278,-0.017820850014686584
3227,3341,水利水电学院,2024,433,411,22,5.080831408775981,0.14459645748138428,0.14220884442329407,-0.00238761305809021
3228,3342,水利水电学院,2024,433,401,32,7.390300230946882,0.2226223349571228,0.20289109647274017,-0.01973123848438263
3229,3343,水利水电学院,2024,433,413,20,4.618937644341801,0.24557386338710785,0.23604954779148102,-0.009524315595626831
3230,3344,水利水电学院,2024,433,427,6,1.3856812933025404,0.1660642772912979,0.16244542598724365,-0.0036188513040542603
3231,3345,水利水电学院,2024,433,424,9,2.0785219399538106,0.10040880739688873,0.09607931971549988,-0.004329487681388855
3232,3346,水利水电学院,2024,433,426,7,1.6166281755196306,0.18820546567440033,0.18759587407112122,-0.0006095916032791138
3233,3347,水利水电学院,2024,433,424,9,2.0785219399538106,0.1531035602092743,0.15003153681755066,-0.003072023391723633
3234,3348,水利水电学院,2024,433,414,19,4.387990762124711,0.16181984543800354,0.16047780215740204,-0.0013420432806015015
3235,3349,水利水电学院,2024,433,414,19,4.387990762124711,0.12961983680725098,0.13151219487190247,0.0018923580646514893
3236,3350,水利水电学院,2024,433,427,6,1.3856812933025404,0.2208549678325653,0.22103999555110931,0.00018502771854400635
3237,3351,水利水电学院,2024,433,423,10,2.3094688221709005,0.21724456548690796,0.21086427569389343,-0.006380289793014526
3238,3352,水利水电学院,2024,433,423,10,2.3094688221709005,0.22238615155220032,0.21714620292186737,-0.005239948630332947
3239,3353,水利水电学院,2024,433,433,0,0.0,0.2348693460226059,0.2348693460226059,0.0
3240,3354,城市设计学院,2024,185,181,4,2.1621621621621623,0.17333027720451355,0.16801957786083221,-0.0053106993436813354
3241,3355,城市设计学院,2024,185,179,6,3.2432432432432434,0.1554061472415924,0.1487046629190445,-0.006701484322547913
3242,3356,城市设计学院,2024,185,185,0,0.0,0.12903758883476257,0.12903758883476257,0.0
3243,3357,城市设计学院,2024,185,172,13,7.027027027027027,0.10293610394001007,0.10984735935926437,0.006911255419254303
3244,3358,城市设计学院,2024,185,171,14,7.567567567567568,0.1462581753730774,0.15197628736495972,0.005718111991882324
3245,3359,城市设计学院,2024,185,185,0,0.0,0.1536230742931366,0.1536230742931366,0.0
3246,3360,城市设计学院,2024,185,183,2,1.0810810810810811,0.16014686226844788,0.1622273027896881,0.0020804405212402344
3247,3361,城市设计学院,2024,185,185,0,0.0,0.12433991581201553,0.12433991581201553,0.0
3248,3362,城市设计学院,2024,185,181,4,2.1621621621621623,0.09996894747018814,0.09680318832397461,-0.0031657591462135315
3249,3363,城市设计学院,2024,185,184,1,0.5405405405405406,0.044737543910741806,0.04347820207476616,-0.001259341835975647
3250,3364,城市设计学院,2024,185,180,5,2.7027027027027026,0.17467206716537476,0.17095895111560822,-0.0037131160497665405
3251,3365,城市设计学院,2024,185,182,3,1.6216216216216217,0.0731988251209259,0.07184726744890213,-0.0013515576720237732
3252,3366,电子信息学院,2024,300,300,0,0.0,0.11950291693210602,0.11950291693210602,0.0
3253,3367,电子信息学院,2024,300,288,12,4.0,0.13311070203781128,0.1319607049226761,-0.0011499971151351929
3254,3368,电子信息学院,2024,300,284,16,5.333333333333334,0.17178204655647278,0.17206592857837677,0.0002838820219039917
3255,3369,电子信息学院,2024,300,300,0,0.0,0.18679383397102356,0.18679383397102356,0.0
3256,3370,电子信息学院,2024,300,298,2,0.6666666666666667,0.15895910561084747,0.15737779438495636,-0.0015813112258911133
3257,3371,电子信息学院,2024,300,294,6,2.0,0.13563671708106995,0.1299053430557251,-0.005731374025344849
3258,3372,电子信息学院,2024,300,279,21,7.000000000000001,0.09666653722524643,0.09926192462444305,0.0025953873991966248
3259,3373,电子信息学院,2024,300,295,5,1.6666666666666667,0.1468787044286728,0.14288653433322906,-0.003992170095443726
3260,3374,电子信息学院,2024,300,299,1,0.33333333333333337,0.13009895384311676,0.12922213971614838,-0.0008768141269683838
3261,3375,电子信息学院,2024,300,299,1,0.33333333333333337,0.07780584692955017,0.07745570689439774,-0.0003501400351524353
3262,3376,电子信息学院,2024,300,287,13,4.333333333333334,0.09896748512983322,0.10012572258710861,0.0011582374572753906
3263,3377,电子信息学院,2024,300,300,0,0.0,0.04130366072058678,0.04130366072058678,0.0
3264,3378,电子信息学院,2024,300,293,7,2.3333333333333335,0.16537734866142273,0.16002820432186127,-0.005349144339561462
3265,3379,电子信息学院,2024,300,287,13,4.333333333333334,0.16694378852844238,0.16999942064285278,0.0030556321144104004
3266,3380,电子信息学院,2024,300,300,0,0.0,0.1365109533071518,0.1365109533071518,0.0
3267,3381,电子信息学院,2024,300,300,0,0.0,0.1441621631383896,0.1441621631383896,0.0
3268,3382,电子信息学院,2024,300,300,0,0.0,0.14835163950920105,0.14835163950920105,0.0
3269,3383,电子信息学院,2024,300,300,0,0.0,0.08191292732954025,0.08191292732954025,0.0
3270,3384,电子信息学院,2024,300,299,1,0.33333333333333337,0.10281859338283539,0.101479172706604,-0.0013394206762313843
3271,3385,电子信息学院,2024,300,299,1,0.33333333333333337,0.09393490105867386,0.09394142031669617,6.51925802230835e-06
3272,3386,电子信息学院,2024,300,300,0,0.0,0.04777678847312927,0.04777678847312927,0.0
3273,3387,电子信息学院,2024,300,294,6,2.0,0.14789433777332306,0.14141851663589478,-0.006475821137428284
3274,3388,电子信息学院,2024,300,300,0,0.0,0.10244808346033096,0.10244808346033096,0.0
3275,3389,电子信息学院,2024,300,284,16,5.333333333333334,0.14201806485652924,0.1403803676366806,-0.0016376972198486328
3276,3390,电子信息学院,2024,300,300,0,0.0,0.15755830705165863,0.15755830705165863,0.0
3277,3391,电子信息学院,2024,300,300,0,0.0,0.07177752256393433,0.07177752256393433,0.0
3278,3392,电子信息学院,2024,300,296,4,1.3333333333333335,0.06858248263597488,0.06940581649541855,0.0008233338594436646
3279,3393,电子信息学院,2024,300,300,0,0.0,0.08379322290420532,0.08379322290420532,0.0
3280,3394,电子信息学院,2024,300,299,1,0.33333333333333337,0.13786956667900085,0.13792942464351654,5.9857964515686035e-05
3281,3395,电子信息学院,2024,300,299,1,0.33333333333333337,0.08847048878669739,0.08715622872114182,-0.0013142600655555725
3282,3396,电子信息学院,2024,300,296,4,1.3333333333333335,0.161362424492836,0.1586211919784546,-0.0027412325143814087
3283,3397,电子信息学院,2024,300,277,23,7.666666666666666,0.14358067512512207,0.1306564062833786,-0.01292426884174347
3284,3398,电子信息学院,2024,300,291,9,3.0,0.0930371880531311,0.09433777630329132,0.0013005882501602173
3285,3399,电子信息学院,2024,300,300,0,0.0,0.09632968157529831,0.09632968157529831,0.0
3286,3400,电子信息学院,2024,300,300,0,0.0,0.11922372132539749,0.11922372132539749,0.0
3287,3401,电子信息学院,2024,300,300,0,0.0,0.12059646844863892,0.12059646844863892,0.0
3288,3402,电子信息学院,2024,300,277,23,7.666666666666666,0.12925885617733002,0.11459066718816757,-0.014668188989162445
3289,3403,电子信息学院,2024,300,299,1,0.33333333333333337,0.13736408948898315,0.1368766725063324,-0.00048741698265075684
3290,3404,电子信息学院,2024,300,300,0,0.0,0.06947819888591766,0.06947819888591766,0.0
3291,3405,电子信息学院,2024,300,280,20,6.666666666666667,0.13332313299179077,0.12592822313308716,-0.007394909858703613
3292,3406,电子信息学院,2024,300,299,1,0.33333333333333337,0.12127508968114853,0.12079860270023346,-0.0004764869809150696
3293,3407,计算机学院,2024,283,261,22,7.773851590106007,0.16809527575969696,0.16069583594799042,-0.007399439811706543
3294,3408,计算机学院,2024,283,281,2,0.7067137809187279,0.1350470781326294,0.1361697018146515,0.0011226236820220947
3295,3409,计算机学院,2024,283,283,0,0.0,0.1360248178243637,0.1360248178243637,0.0
3296,3410,计算机学院,2024,283,283,0,0.0,0.14678265154361725,0.14678265154361725,0.0
3297,3411,计算机学院,2024,283,249,34,12.014134275618375,0.16878452897071838,0.1703779399394989,0.0015934109687805176
3298,3412,计算机学院,2024,283,282,1,0.35335689045936397,0.14791645109653473,0.14710450172424316,-0.0008119493722915649
3299,3413,计算机学院,2024,283,276,7,2.4734982332155475,0.1184130311012268,0.11830279976129532,-0.00011023133993148804
3300,3414,计算机学院,2024,283,275,8,2.8268551236749118,0.14794732630252838,0.1490623950958252,0.001115068793296814
3301,3415,计算机学院,2024,283,282,1,0.35335689045936397,0.1613784283399582,0.15973153710365295,-0.0016468912363052368
3302,3416,计算机学院,2024,283,282,1,0.35335689045936397,0.11448080092668533,0.1147402748465538,0.00025947391986846924
3303,3417,计算机学院,2024,283,283,0,0.0,0.1388077735900879,0.1388077735900879,0.0
3304,3418,计算机学院,2024,283,283,0,0.0,0.135832279920578,0.135832279920578,0.0
3305,3419,计算机学院,2024,283,283,0,0.0,0.14286388456821442,0.14286388456821442,0.0
3306,3420,计算机学院,2024,283,283,0,0.0,0.14803500473499298,0.14803500473499298,0.0
3307,3421,遥感信息工程学院,2024,329,326,3,0.911854103343465,0.21784745156764984,0.21718290448188782,-0.0006645470857620239
3308,3422,遥感信息工程学院,2024,329,326,3,0.911854103343465,0.17736437916755676,0.17704911530017853,-0.00031526386737823486
3309,3423,遥感信息工程学院,2024,329,323,6,1.82370820668693,0.232387512922287,0.23410043120384216,0.0017129182815551758
3310,3424,遥感信息工程学院,2024,329,316,13,3.951367781155015,0.23411954939365387,0.2258632928133011,-0.008256256580352783
3311,3425,遥感信息工程学院,2024,329,329,0,0.0,0.2724722921848297,0.2724722921848297,0.0
3312,3426,遥感信息工程学院,2024,329,325,4,1.21580547112462,0.19974850118160248,0.19918516278266907,-0.0005633383989334106
3313,3427,遥感信息工程学院,2024,329,325,4,1.21580547112462,0.27935364842414856,0.2801961898803711,0.0008425414562225342
3314,3428,遥感信息工程学院,2024,329,323,6,1.82370820668693,0.22560466825962067,0.22619757056236267,0.0005929023027420044
3315,3429,遥感信息工程学院,2024,329,323,6,1.82370820668693,0.2742668688297272,0.27396252751350403,-0.00030434131622314453
3316,3430,遥感信息工程学院,2024,329,318,11,3.343465045592705,0.22959119081497192,0.22895491123199463,-0.0006362795829772949
3317,3431,遥感信息工程学院,2024,329,329,0,0.0,0.2164464294910431,0.2164464294910431,0.0
3318,3432,遥感信息工程学院,2024,329,293,36,10.94224924012158,0.25180143117904663,0.26563066244125366,0.013829231262207031
3319,3433,遥感信息工程学院,2024,329,284,45,13.677811550151976,0.18616509437561035,0.18276451528072357,-0.00340057909488678
3320,3434,遥感信息工程学院,2024,329,328,1,0.303951367781155,0.2554510831832886,0.2560052275657654,0.0005541443824768066
3321,3435,遥感信息工程学院,2024,329,329,0,0.0,0.23980188369750977,0.23980188369750977,0.0
3322,3436,遥感信息工程学院,2024,329,329,0,0.0,0.19793571531772614,0.19793571531772614,0.0
3323,3437,遥感信息工程学院,2024,329,329,0,0.0,0.13274891674518585,0.13274891674518585,0.0
3324,3438,遥感信息工程学院,2024,329,317,12,3.64741641337386,0.20599989593029022,0.19984181225299835,-0.00615808367729187
3325,3439,遥感信息工程学院,2024,329,326,3,0.911854103343465,0.08393639326095581,0.08344153314828873,-0.0004948601126670837
3326,3440,遥感信息工程学院,2024,329,329,0,0.0,0.2535351812839508,0.2535351812839508,0.0
3327,3441,遥感信息工程学院,2024,329,327,2,0.60790273556231,0.25479811429977417,0.2544032633304596,-0.0003948509693145752
3328,3442,遥感信息工程学院,2024,329,329,0,0.0,0.21954327821731567,0.21954327821731567,0.0
3329,3443,遥感信息工程学院,2024,329,322,7,2.127659574468085,0.18548956513404846,0.18304871022701263,-0.0024408549070358276
3330,3444,遥感信息工程学院,2024,329,329,0,0.0,0.23851251602172852,0.23851251602172852,0.0
3331,3445,遥感信息工程学院,2024,329,329,0,0.0,0.2533784508705139,0.2533784508705139,0.0
3332,3446,遥感信息工程学院,2024,329,329,0,0.0,0.28238579630851746,0.28238579630851746,0.0
3333,3447,遥感信息工程学院,2024,329,329,0,0.0,0.21800969541072845,0.21800969541072845,0.0
3334,3448,遥感信息工程学院,2024,329,326,3,0.911854103343465,0.17374570667743683,0.17453446984291077,0.000788763165473938
3335,3449,遥感信息工程学院,2024,329,327,2,0.60790273556231,0.22051765024662018,0.21989798545837402,-0.0006196647882461548
3336,3450,遥感信息工程学院,2024,329,328,1,0.303951367781155,0.26088380813598633,0.261896550655365,0.0010127425193786621
3337,3451,遥感信息工程学院,2024,329,325,4,1.21580547112462,0.22574232518672943,0.22468547523021698,-0.0010568499565124512
3338,3452,遥感信息工程学院,2024,329,329,0,0.0,0.16151994466781616,0.16151994466781616,0.0
3339,3453,遥感信息工程学院,2024,329,329,0,0.0,0.207729771733284,0.207729771733284,0.0
3340,3454,测绘学院,2024,467,466,1,0.21413276231263384,0.18968860805034637,0.18932604789733887,-0.0003625601530075073
3341,3455,测绘学院,2024,467,462,5,1.070663811563169,0.20347866415977478,0.2010864019393921,-0.0023922622203826904
3342,3456,测绘学院,2024,467,465,2,0.4282655246252677,0.17315137386322021,0.17293113470077515,-0.00022023916244506836
3343,3457,测绘学院,2024,467,404,63,13.49036402569593,0.22988472878932953,0.20351289212703705,-0.02637183666229248
3344,3458,测绘学院,2024,467,466,1,0.21413276231263384,0.2347840815782547,0.2342260628938675,-0.000558018684387207
3345,3459,测绘学院,2024,467,463,4,0.8565310492505354,0.1679771989583969,0.16808544099330902,0.00010824203491210938
3346,3460,测绘学院,2024,467,463,4,0.8565310492505354,0.236273854970932,0.2347562611103058,-0.0015175938606262207
3347,3461,测绘学院,2024,467,467,0,0.0,0.18842259049415588,0.18842259049415588,0.0
3348,3462,测绘学院,2024,467,467,0,0.0,0.18540458381175995,0.18540458381175995,0.0
3349,3463,测绘学院,2024,467,467,0,0.0,0.20066620409488678,0.20066620409488678,0.0
3350,3464,测绘学院,2024,467,463,4,0.8565310492505354,0.23062224686145782,0.2310050129890442,0.00038276612758636475
3351,3465,测绘学院,2024,467,465,2,0.4282655246252677,0.19576212763786316,0.1963566541671753,0.0005945265293121338
3352,3466,测绘学院,2024,467,443,24,5.139186295503212,0.23413506150245667,0.2255191057920456,-0.008615955710411072
3353,3467,测绘学院,2024,467,467,0,0.0,0.1819518804550171,0.1819518804550171,0.0
3354,3468,测绘学院,2024,467,465,2,0.4282655246252677,0.23199401795864105,0.2310960441827774,-0.0008979737758636475
3355,3469,测绘学院,2024,467,458,9,1.9271948608137044,0.18300306797027588,0.18098093569278717,-0.0020221322774887085
3356,3470,测绘学院,2024,467,467,0,0.0,0.15042352676391602,0.15042352676391602,0.0
3357,3471,测绘学院,2024,467,467,0,0.0,0.24879661202430725,0.24879661202430725,0.0
3358,3472,测绘学院,2024,467,451,16,3.4261241970021414,0.2234046757221222,0.22037239372730255,-0.003032281994819641
3359,3473,测绘学院,2024,467,467,0,0.0,0.23924021422863007,0.23924021422863007,0.0
3360,3474,测绘学院,2024,467,467,0,0.0,0.16316327452659607,0.16316327452659607,0.0
3361,3475,测绘学院,2024,467,454,13,2.7837259100642395,0.20297646522521973,0.20273126661777496,-0.0002451986074447632
3362,3476,测绘学院,2024,467,388,79,16.916488222698074,0.21362945437431335,0.20534133911132812,-0.00828811526298523
3363,3477,国家网络安全学院,2024,184,158,26,14.130434782608695,0.24450567364692688,0.23882468044757843,-0.00568099319934845
3364,3478,国家网络安全学院,2024,184,182,2,1.0869565217391304,0.26208826899528503,0.2628787159919739,0.0007904469966888428
3365,3479,国家网络安全学院,2024,184,184,0,0.0,0.15597951412200928,0.15597951412200928,0.0
3366,3480,国家网络安全学院,2024,184,184,0,0.0,0.18308952450752258,0.18308952450752258,0.0
3367,3526,公共卫生学院,2024,64,52,12,18.75,0.24133086204528809,0.21356201171875,-0.027768850326538086
3368,3527,公共卫生学院,2024,64,52,12,18.75,0.22571417689323425,0.21443592011928558,-0.01127825677394867
3369,3528,公共卫生学院,2024,64,63,1,1.5625,0.1289767473936081,0.12467731535434723,-0.004299432039260864
3370,3529,公共卫生学院,2024,64,58,6,9.375,0.05389783903956413,0.039524681866168976,-0.014373157173395157
3371,3530,公共卫生学院,2024,64,64,0,0.0,0.21554487943649292,0.21554487943649292,0.0
3372,3531,公共卫生学院,2024,64,53,11,17.1875,0.22780106961727142,0.21065469086170197,-0.017146378755569458
3373,3532,公共卫生学院,2024,64,52,12,18.75,0.2540758550167084,0.22684167325496674,-0.027234181761741638
3374,3533,公共卫生学院,2024,64,64,0,0.0,0.1576196849346161,0.1576196849346161,0.0
3375,3534,公共卫生学院,2024,64,64,0,0.0,0.126143679022789,0.126143679022789,0.0
3376,3535,公共卫生学院,2024,64,52,12,18.75,0.29793810844421387,0.27232182025909424,-0.02561628818511963
3377,3536,公共卫生学院,2024,64,59,5,7.8125,0.20572304725646973,0.20668888092041016,0.0009658336639404297
3378,3537,公共卫生学院,2024,64,63,1,1.5625,0.1419261395931244,0.13779990375041962,-0.004126235842704773
3379,3538,公共卫生学院,2024,64,63,1,1.5625,0.053317464888095856,0.05189186707139015,-0.0014255978167057037
3380,3539,公共卫生学院,2024,64,58,6,9.375,0.047935426235198975,0.03348063677549362,-0.014454789459705353
3381,3540,公共卫生学院,2024,64,64,0,0.0,0.1356234848499298,0.1356234848499298,0.0
3382,3541,公共卫生学院,2024,64,64,0,0.0,0.11218766868114471,0.11218766868114471,0.0
3383,3542,公共卫生学院,2024,64,63,1,1.5625,0.1882474422454834,0.18369396030902863,-0.004553481936454773
3384,3543,公共卫生学院,2024,64,63,1,1.5625,0.08096256852149963,0.07880038022994995,-0.0021621882915496826
3385,3544,公共卫生学院,2024,64,63,1,1.5625,0.16111060976982117,0.15552422404289246,-0.005586385726928711
3386,3545,公共卫生学院,2024,64,63,1,1.5625,0.12087380886077881,0.11438010632991791,-0.006493702530860901
3387,3546,公共卫生学院,2024,64,53,11,17.1875,0.15396708250045776,0.15286128222942352,-0.0011058002710342407
3388,3547,公共卫生学院,2024,64,64,0,0.0,0.09588491171598434,0.09588491171598434,0.0
3389,3548,公共卫生学院,2024,64,52,12,18.75,0.08719662576913834,0.08207832276821136,-0.0051183030009269714
3390,3549,护理学院,2024,34,25,9,26.47058823529412,0.13000527024269104,0.08918634057044983,-0.04081892967224121
3391,3550,护理学院,2024,34,28,6,17.647058823529413,0.08675821870565414,0.036850783973932266,-0.04990743473172188
3392,3551,护理学院,2024,34,34,0,0.0,0.09079699218273163,0.09079699218273163,0.0
3393,3552,护理学院,2024,34,34,0,0.0,0.11160942912101746,0.11160942912101746,0.0
3394,3553,护理学院,2024,34,28,6,17.647058823529413,0.16551712155342102,0.12264331430196762,-0.0428738072514534
3395,3554,护理学院,2024,34,24,10,29.411764705882355,0.11630839854478836,0.057564374059438705,-0.058744024485349655
3396,3555,护理学院,2024,34,34,0,0.0,0.09884483367204666,0.09884483367204666,0.0
3397,3556,护理学院,2024,34,34,0,0.0,0.15081655979156494,0.15081655979156494,0.0
3398,3557,护理学院,2024,34,34,0,0.0,0.1520366370677948,0.1520366370677948,0.0
3399,3558,护理学院,2024,34,34,0,0.0,0.12602397799491882,0.12602397799491882,0.0
3400,3559,护理学院,2024,34,31,3,8.823529411764707,0.12361174821853638,0.1335705667734146,0.009958818554878235
3401,3560,护理学院,2024,34,30,4,11.76470588235294,0.1076752170920372,0.07994559407234192,-0.027729623019695282
3402,3561,护理学院,2024,34,32,2,5.88235294117647,0.12335354089736938,0.1299993395805359,0.006645798683166504
3403,3562,护理学院,2024,34,30,4,11.76470588235294,0.14969107508659363,0.11776969581842422,-0.0319213792681694
3404,3563,护理学院,2024,34,33,1,2.941176470588235,0.11676256358623505,0.11225627362728119,-0.004506289958953857
3405,3564,护理学院,2024,34,33,1,2.941176470588235,0.16269448399543762,0.15922124683856964,-0.003473237156867981
3406,3565,护理学院,2024,34,33,1,2.941176470588235,0.09368738532066345,0.09342227876186371,-0.00026510655879974365
3407,3566,护理学院,2024,34,33,1,2.941176470588235,0.12253902852535248,0.12767966091632843,0.005140632390975952
3408,3567,护理学院,2024,34,34,0,0.0,0.1207456886768341,0.1207456886768341,0.0
3409,3568,护理学院,2024,34,31,3,8.823529411764707,0.12047553062438965,0.11912751197814941,-0.0013480186462402344
3410,3569,护理学院,2024,34,34,0,0.0,0.11614673584699631,0.11614673584699631,0.0
3411,3570,护理学院,2024,34,34,0,0.0,0.11570686101913452,0.11570686101913452,0.0
3412,3571,护理学院,2024,34,17,17,50.0,0.059020765125751495,0.0547003448009491,-0.004320420324802399
3413,3572,护理学院,2024,34,34,0,0.0,0.13570041954517365,0.13570041954517365,0.0
3414,3573,护理学院,2024,34,25,9,26.47058823529412,0.15444861352443695,0.11247362941503525,-0.0419749841094017
3415,3574,护理学院,2024,34,34,0,0.0,0.114270880818367,0.114270880818367,0.0
3416,3575,护理学院,2024,34,34,0,0.0,0.15057961642742157,0.15057961642742157,0.0
3417,3576,护理学院,2024,34,33,1,2.941176470588235,0.11253686249256134,0.11454422771930695,0.0020073652267456055
3418,3577,护理学院,2024,34,34,0,0.0,0.14772064983844757,0.14772064983844757,0.0
3419,3578,护理学院,2024,34,33,1,2.941176470588235,0.10660071671009064,0.10228633880615234,-0.0043143779039382935
3420,3579,护理学院,2024,34,34,0,0.0,0.13500316441059113,0.13500316441059113,0.0
3421,3580,护理学院,2024,34,33,1,2.941176470588235,0.10855770856142044,0.09652926027774811,-0.012028448283672333
3422,3581,护理学院,2024,34,34,0,0.0,0.11495726555585861,0.11495726555585861,0.0
3423,3582,护理学院,2024,34,34,0,0.0,0.15543289482593536,0.15543289482593536,0.0
3424,3583,药学院,2024,161,156,5,3.1055900621118013,0.2460401952266693,0.24738536775112152,0.0013451725244522095
3425,3584,药学院,2024,161,156,5,3.1055900621118013,0.20453225076198578,0.20097903907299042,-0.0035532116889953613
3426,3585,药学院,2024,161,161,0,0.0,0.2578080892562866,0.2578080892562866,0.0
3427,3586,药学院,2024,161,161,0,0.0,0.2580126225948334,0.2580126225948334,0.0
3428,3587,药学院,2024,161,157,4,2.484472049689441,0.20714010298252106,0.20076225697994232,-0.006377846002578735
3429,3588,药学院,2024,161,161,0,0.0,0.25370296835899353,0.25370296835899353,0.0
3430,3589,药学院,2024,161,160,1,0.6211180124223602,0.18182578682899475,0.17940768599510193,-0.0024181008338928223
3431,3590,药学院,2024,161,155,6,3.7267080745341614,0.21955856680870056,0.2126373052597046,-0.006921261548995972
3432,3591,药学院,2024,161,161,0,0.0,0.16950280964374542,0.16950280964374542,0.0
3433,3592,药学院,2024,161,156,5,3.1055900621118013,0.1996467113494873,0.20195309817790985,0.0023063868284225464
3434,3593,药学院,2024,161,160,1,0.6211180124223602,0.18848492205142975,0.1881638765335083,-0.00032104551792144775
3435,3594,药学院,2024,161,161,0,0.0,0.13481038808822632,0.13481038808822632,0.0
3436,3595,药学院,2024,161,155,6,3.7267080745341614,0.2063474953174591,0.20073430240154266,-0.005613192915916443
3437,3596,药学院,2024,161,161,0,0.0,0.14918722212314606,0.14918722212314606,0.0
3438,3597,药学院,2024,161,161,0,0.0,0.26338306069374084,0.26338306069374084,0.0
3439,3598,药学院,2024,161,160,1,0.6211180124223602,0.22752022743225098,0.22668425738811493,-0.0008359700441360474
3440,3599,药学院,2024,161,161,0,0.0,0.193165585398674,0.193165585398674,0.0
3441,3600,药学院,2024,161,160,1,0.6211180124223602,0.23121987283229828,0.2308376282453537,-0.0003822445869445801
3442,3601,药学院,2024,161,161,0,0.0,0.1603393256664276,0.1603393256664276,0.0
3443,3602,药学院,2024,161,156,5,3.1055900621118013,0.20458553731441498,0.19993656873703003,-0.004648968577384949
3444,3603,药学院,2024,161,158,3,1.8633540372670807,0.24038085341453552,0.2398538738489151,-0.0005269795656204224
3445,3604,药学院,2024,161,141,20,12.422360248447205,0.20349858701229095,0.20695197582244873,0.003453388810157776
3446,3605,第一临床学院,2024,838,835,3,0.35799522673031026,0.15648271143436432,0.1560221016407013,-0.0004606097936630249
3447,3606,第一临床学院,2024,838,791,47,5.608591885441527,0.19935519993305206,0.18709346652030945,-0.012261733412742615
3448,3607,第一临床学院,2024,838,838,0,0.0,0.03234865888953209,0.03234865888953209,0.0
3449,3608,第一临床学院,2024,838,802,36,4.295942720763723,0.2462020218372345,0.24155321717262268,-0.004648804664611816
3450,3609,第一临床学院,2024,838,829,9,1.0739856801909307,0.19584161043167114,0.19569435715675354,-0.00014725327491760254
3451,3610,第一临床学院,2024,838,801,37,4.41527446300716,0.21757864952087402,0.22117683291435242,0.0035981833934783936
3452,3611,第一临床学院,2024,838,838,0,0.0,0.24397943913936615,0.24397943913936615,0.0
3453,3612,第一临床学院,2024,838,838,0,0.0,0.1851719170808792,0.1851719170808792,0.0
3454,3613,第一临床学院,2024,838,818,20,2.386634844868735,0.22727827727794647,0.22162559628486633,-0.005652680993080139
3455,3614,第一临床学院,2024,838,824,14,1.6706443914081146,0.15477831661701202,0.15183812379837036,-0.0029401928186416626
3456,3615,第一临床学院,2024,838,835,3,0.35799522673031026,0.1630808711051941,0.1626669466495514,-0.0004139244556427002
3457,3616,第一临床学院,2024,838,814,24,2.863961813842482,0.23031753301620483,0.22603847086429596,-0.0042790621519088745
3458,3617,第一临床学院,2024,838,836,2,0.23866348448687352,0.20185256004333496,0.20164766907691956,-0.00020489096641540527
3459,3618,第一临床学院,2024,838,825,13,1.5513126491646778,0.19339507818222046,0.1923651248216629,-0.0010299533605575562
3460,3619,第一临床学院,2024,838,836,2,0.23866348448687352,0.2158060073852539,0.21569573879241943,-0.00011026859283447266
3461,3620,第一临床学院,2024,838,832,6,0.7159904534606205,0.14254464209079742,0.14313633739948273,0.0005916953086853027
3462,3621,第一临床学院,2024,838,828,10,1.1933174224343674,0.22342592477798462,0.2217840701341629,-0.0016418546438217163
3463,3622,第一临床学院,2024,838,838,0,0.0,0.20277364552021027,0.20277364552021027,0.0
3464,3623,第一临床学院,2024,838,832,6,0.7159904534606205,0.23018021881580353,0.2278265655040741,-0.002353653311729431
3465,3624,第一临床学院,2024,838,834,4,0.47732696897374705,0.23798547685146332,0.2366306185722351,-0.0013548582792282104
3466,3625,第一临床学院,2024,838,837,1,0.11933174224343676,0.19899849593639374,0.19870667159557343,-0.0002918243408203125
3467,3626,第一临床学院,2024,838,837,1,0.11933174224343676,0.23982810974121094,0.23969128727912903,-0.00013682246208190918
3468,3627,第一临床学院,2024,838,828,10,1.1933174224343674,0.1350749433040619,0.13403505086898804,-0.0010398924350738525
3469,3628,第一临床学院,2024,838,838,0,0.0,0.2612627446651459,0.2612627446651459,0.0
3470,3629,第一临床学院,2024,838,838,0,0.0,0.164994016289711,0.164994016289711,0.0
3471,3630,第一临床学院,2024,838,834,4,0.47732696897374705,0.15654687583446503,0.15603013336658478,-0.000516742467880249
3472,3631,第一临床学院,2024,838,802,36,4.295942720763723,0.22934754192829132,0.2252405434846878,-0.004106998443603516
3473,3632,第一临床学院,2024,838,838,0,0.0,0.24082662165164948,0.24082662165164948,0.0
3474,3633,第一临床学院,2024,838,838,0,0.0,0.1965436041355133,0.1965436041355133,0.0
3475,3634,第一临床学院,2024,838,829,9,1.0739856801909307,0.2328815907239914,0.23163528740406036,-0.0012463033199310303
3476,3635,第一临床学院,2024,838,823,15,1.7899761336515514,0.24300022423267365,0.24254284799098969,-0.00045737624168395996
3477,3636,第一临床学院,2024,838,838,0,0.0,0.23056277632713318,0.23056277632713318,0.0
3478,3637,第一临床学院,2024,838,834,4,0.47732696897374705,0.20131424069404602,0.20120905339717865,-0.0001051872968673706
3479,3638,第一临床学院,2024,838,829,9,1.0739856801909307,0.23710648715496063,0.23645435273647308,-0.0006521344184875488
3480,3639,第一临床学院,2024,838,791,47,5.608591885441527,0.21357141435146332,0.2030458003282547,-0.010525614023208618
3481,3640,第一临床学院,2024,838,834,4,0.47732696897374705,0.14030379056930542,0.13905559480190277,-0.001248195767402649
3482,3641,第一临床学院,2024,838,835,3,0.35799522673031026,0.18106552958488464,0.1805359125137329,-0.0005296170711517334
3483,3642,第一临床学院,2024,838,838,0,0.0,0.20107737183570862,0.20107737183570862,0.0
3484,3643,第一临床学院,2024,838,837,1,0.11933174224343676,0.11406867951154709,0.1137792095541954,-0.00028946995735168457
3485,3644,第一临床学院,2024,838,834,4,0.47732696897374705,0.24024292826652527,0.24011769890785217,-0.0001252293586730957
3486,3645,第一临床学院,2024,838,823,15,1.7899761336515514,0.19580937922000885,0.1916385293006897,-0.004170849919319153
3487,3646,第一临床学院,2024,838,838,0,0.0,0.22018516063690186,0.22018516063690186,0.0
3488,3647,第一临床学院,2024,838,831,7,0.8353221957040573,0.18894152343273163,0.18802088499069214,-0.0009206384420394897
3489,3648,第一临床学院,2024,838,831,7,0.8353221957040573,0.1888849437236786,0.18762198090553284,-0.001262962818145752
3490,3649,第一临床学院,2024,838,806,32,3.8186157517899764,0.25251322984695435,0.25367891788482666,0.0011656880378723145
3491,3650,第一临床学院,2024,838,826,12,1.431980906921241,0.21519742906093597,0.21471428871154785,-0.00048314034938812256
3492,3651,第一临床学院,2024,838,838,0,0.0,0.2549360692501068,0.2549360692501068,0.0
3493,3652,第一临床学院,2024,838,838,0,0.0,0.19363737106323242,0.19363737106323242,0.0
3494,3653,第一临床学院,2024,838,813,25,2.983293556085919,0.2197635918855667,0.2144688367843628,-0.0052947551012039185
3495,3654,第一临床学院,2024,838,811,27,3.221957040572793,0.15309014916419983,0.15427210927009583,0.001181960105895996
3496,3655,第一临床学院,2024,838,833,5,0.5966587112171837,0.18622875213623047,0.18471452593803406,-0.0015142261981964111
3497,3656,第一临床学院,2024,838,838,0,0.0,0.15916286408901215,0.15916286408901215,0.0
3498,3657,第一临床学院,2024,838,829,9,1.0739856801909307,0.23912948369979858,0.23692382872104645,-0.0022056549787521362
3499,3658,第一临床学院,2024,838,838,0,0.0,0.23903188109397888,0.23903188109397888,0.0
3500,3659,第一临床学院,2024,838,828,10,1.1933174224343674,0.21404963731765747,0.2125856578350067,-0.0014639794826507568
3501,3660,第一临床学院,2024,838,826,12,1.431980906921241,0.16426482796669006,0.16123639047145844,-0.0030284374952316284
3502,3661,第一临床学院,2024,838,836,2,0.23866348448687352,0.17902356386184692,0.1786796599626541,-0.00034390389919281006
3503,3662,第一临床学院,2024,838,827,11,1.3126491646778042,0.23054635524749756,0.2294159084558487,-0.0011304467916488647
3504,3663,第一临床学院,2024,838,838,0,0.0,0.2280813455581665,0.2280813455581665,0.0
3505,3664,第一临床学院,2024,838,838,0,0.0,0.22301432490348816,0.22301432490348816,0.0
3506,3665,第一临床学院,2024,838,832,6,0.7159904534606205,0.22372734546661377,0.22076232731342316,-0.002965018153190613
3507,3666,第一临床学院,2024,838,837,1,0.11933174224343676,0.13249561190605164,0.13264821469783783,0.00015260279178619385
3508,3667,第一临床学院,2024,838,838,0,0.0,0.2284158617258072,0.2284158617258072,0.0
3509,3668,第一临床学院,2024,838,831,7,0.8353221957040573,0.20761971175670624,0.20652343332767487,-0.001096278429031372
3510,3669,第一临床学院,2024,838,826,12,1.431980906921241,0.19226689636707306,0.18599721789360046,-0.006269678473472595
3511,3670,第一临床学院,2024,838,832,6,0.7159904534606205,0.19370976090431213,0.1953050196170807,0.0015952587127685547
3512,3671,第一临床学院,2024,838,834,4,0.47732696897374705,0.09861049056053162,0.09855201840400696,-5.84721565246582e-05
3513,3672,第一临床学院,2024,838,837,1,0.11933174224343676,0.14129291474819183,0.14130741357803345,1.449882984161377e-05
3514,3673,第一临床学院,2024,838,833,5,0.5966587112171837,0.23284371197223663,0.2312677800655365,-0.0015759319067001343
3515,3674,第一临床学院,2024,838,838,0,0.0,0.1824445128440857,0.1824445128440857,0.0
3516,3675,第一临床学院,2024,838,829,9,1.0739856801909307,0.2210722118616104,0.21953792870044708,-0.00153428316116333
3517,3676,第一临床学院,2024,838,838,0,0.0,0.17115776240825653,0.17115776240825653,0.0
3518,3677,第一临床学院,2024,838,836,2,0.23866348448687352,0.14805831015110016,0.147780641913414,-0.0002776682376861572
3519,3678,第一临床学院,2024,838,821,17,2.028639618138425,0.176823690533638,0.17903625965118408,0.0022125691175460815
3520,3679,第一临床学院,2024,838,836,2,0.23866348448687352,0.21767759323120117,0.21744263172149658,-0.00023496150970458984
3521,3680,第一临床学院,2024,838,838,0,0.0,0.13974972069263458,0.13974972069263458,0.0
3522,3681,第一临床学院,2024,838,837,1,0.11933174224343676,0.16578896343708038,0.16582345962524414,3.4496188163757324e-05
3523,3682,第一临床学院,2024,838,838,0,0.0,0.24315626919269562,0.24315626919269562,0.0
3524,3683,第一临床学院,2024,838,832,6,0.7159904534606205,0.22589920461177826,0.22575385868549347,-0.00014534592628479004
3525,3684,第一临床学院,2024,838,832,6,0.7159904534606205,0.15683169662952423,0.15669816732406616,-0.00013352930545806885
3526,3685,第一临床学院,2024,838,832,6,0.7159904534606205,0.09995515644550323,0.09883829206228256,-0.0011168643832206726
3527,3686,第一临床学院,2024,838,821,17,2.028639618138425,0.149026021361351,0.15150272846221924,0.002476707100868225
3528,3687,第一临床学院,2024,838,824,14,1.6706443914081146,0.1697360724210739,0.17144234478473663,0.0017062723636627197
3529,3688,第一临床学院,2024,838,832,6,0.7159904534606205,0.18303419649600983,0.1816210150718689,-0.0014131814241409302
3530,3689,第一临床学院,2024,838,831,7,0.8353221957040573,0.1471056193113327,0.1473400890827179,0.00023446977138519287
3531,3690,第一临床学院,2024,838,832,6,0.7159904534606205,0.21163208782672882,0.2113037407398224,-0.0003283470869064331
3532,3691,第一临床学院,2024,838,837,1,0.11933174224343676,0.2192738950252533,0.21888235211372375,-0.000391542911529541
3533,3692,第一临床学院,2024,838,832,6,0.7159904534606205,0.23032237589359283,0.23037393391132355,5.155801773071289e-05
3534,3693,第一临床学院,2024,838,816,22,2.6252983293556085,0.18318113684654236,0.17764046788215637,-0.005540668964385986
3535,3694,第一临床学院,2024,838,837,1,0.11933174224343676,0.14414913952350616,0.1441345512866974,-1.4588236808776855e-05
3536,3695,第一临床学院,2024,838,832,6,0.7159904534606205,0.19666670262813568,0.19639413058757782,-0.00027257204055786133
3537,3696,第一临床学院,2024,838,838,0,0.0,0.18495342135429382,0.18495342135429382,0.0
3538,3697,第一临床学院,2024,838,835,3,0.35799522673031026,0.2163996547460556,0.2163415104150772,-5.8144330978393555e-05
3539,3698,第二临床学院,2024,700,693,7,1.0,0.268148809671402,0.2663719058036804,-0.0017769038677215576
3540,3699,第二临床学院,2024,700,682,18,2.571428571428571,0.19597329199314117,0.19148634374141693,-0.004486948251724243
3541,3700,第二临床学院,2024,700,698,2,0.2857142857142857,0.2030014842748642,0.20291315019130707,-8.83340835571289e-05
3542,3701,第二临床学院,2024,700,675,25,3.571428571428571,0.13367204368114471,0.13174176216125488,-0.0019302815198898315
3543,3702,第二临床学院,2024,700,693,7,1.0,0.18834055960178375,0.1877901554107666,-0.0005504041910171509
3544,3703,第二临床学院,2024,700,655,45,6.428571428571428,0.21919071674346924,0.2104191929101944,-0.008771523833274841
3545,3704,第二临床学院,2024,700,691,9,1.2857142857142856,0.22438886761665344,0.22318321466445923,-0.0012056529521942139
3546,3705,第二临床学院,2024,700,697,3,0.4285714285714286,0.23757603764533997,0.2371997833251953,-0.0003762543201446533
3547,3706,第二临床学院,2024,700,696,4,0.5714285714285714,0.22391235828399658,0.222580224275589,-0.0013321340084075928
3548,3707,第二临床学院,2024,700,697,3,0.4285714285714286,0.21723122894763947,0.21698123216629028,-0.00024999678134918213
3549,3708,第二临床学院,2024,700,697,3,0.4285714285714286,0.22435660660266876,0.22334221005439758,-0.0010143965482711792
3550,3709,第二临床学院,2024,700,697,3,0.4285714285714286,0.22720801830291748,0.2267342060804367,-0.0004738122224807739
3551,3710,第二临床学院,2024,700,697,3,0.4285714285714286,0.2226882129907608,0.22197815775871277,-0.0007100552320480347
3552,3711,第二临床学院,2024,700,692,8,1.1428571428571428,0.16974221169948578,0.16767124831676483,-0.0020709633827209473
3553,3712,第二临床学院,2024,700,700,0,0.0,0.22843505442142487,0.22843505442142487,0.0
3554,3713,第二临床学院,2024,700,673,27,3.8571428571428568,0.18095067143440247,0.1796126663684845,-0.0013380050659179688
3555,3714,第二临床学院,2024,700,685,15,2.142857142857143,0.15693102777004242,0.15558834373950958,-0.001342684030532837
3556,3715,第二临床学院,2024,700,671,29,4.142857142857142,0.20691236853599548,0.20140905678272247,-0.00550331175327301
3557,3716,第二临床学院,2024,700,697,3,0.4285714285714286,0.1968904584646225,0.1965869963169098,-0.0003034621477127075
3558,3717,第二临床学院,2024,700,672,28,4.0,0.1800754815340042,0.17461830377578735,-0.005457177758216858
3559,3718,第二临床学院,2024,700,695,5,0.7142857142857143,0.14908334612846375,0.1475815325975418,-0.001501813530921936
3560,3719,第二临床学院,2024,700,693,7,1.0,0.2311883568763733,0.2307206392288208,-0.00046771764755249023
3561,3720,第二临床学院,2024,700,674,26,3.7142857142857144,0.14142340421676636,0.14269766211509705,0.0012742578983306885
3562,3721,第二临床学院,2024,700,697,3,0.4285714285714286,0.22892813384532928,0.2285694181919098,-0.00035871565341949463
3563,3722,第二临床学院,2024,700,692,8,1.1428571428571428,0.13400791585445404,0.13145098090171814,-0.002556934952735901
3564,3723,第二临床学院,2024,700,694,6,0.8571428571428572,0.05116969347000122,0.0508539117872715,-0.00031578168272972107
3565,3724,第二临床学院,2024,700,700,0,0.0,0.06622672826051712,0.06622672826051712,0.0
3566,3725,第二临床学院,2024,700,695,5,0.7142857142857143,0.06744035333395004,0.06706634163856506,-0.00037401169538497925
3567,3726,第二临床学院,2024,700,688,12,1.7142857142857144,0.05302417278289795,0.05295700207352638,-6.717070937156677e-05
3568,3727,第二临床学院,2024,700,658,42,6.0,0.23531194031238556,0.22824731469154358,-0.00706462562084198
3569,3728,第二临床学院,2024,700,672,28,4.0,0.2423895299434662,0.23694410920143127,-0.005445420742034912
3570,3729,第二临床学院,2024,700,682,18,2.571428571428571,0.1787445992231369,0.17149117588996887,-0.00725342333316803
3571,3730,第二临床学院,2024,700,700,0,0.0,0.21034306287765503,0.21034306287765503,0.0
3572,3731,第二临床学院,2024,700,692,8,1.1428571428571428,0.11918694525957108,0.11751746386289597,-0.0016694813966751099
3573,3732,第二临床学院,2024,700,687,13,1.8571428571428572,0.2006228268146515,0.19867295026779175,-0.0019498765468597412
3574,3733,第二临床学院,2024,700,691,9,1.2857142857142856,0.2059304565191269,0.20392079651355743,-0.002009660005569458
3575,3734,第二临床学院,2024,700,695,5,0.7142857142857143,0.05147882550954819,0.05133860185742378,-0.0001402236521244049
3576,3735,第二临床学院,2024,700,693,7,1.0,0.08070740103721619,0.08095448464155197,0.0002470836043357849
3577,3736,第二临床学院,2024,700,692,8,1.1428571428571428,0.20044393837451935,0.20074215531349182,0.00029821693897247314
3578,3737,第二临床学院,2024,700,687,13,1.8571428571428572,0.18867826461791992,0.185566246509552,-0.00311201810836792
3579,3738,第二临床学院,2024,700,694,6,0.8571428571428572,0.18414121866226196,0.18456542491912842,0.0004242062568664551
3580,3739,第二临床学院,2024,700,655,45,6.428571428571428,0.22610804438591003,0.2151300609111786,-0.010977983474731445
3581,3740,第二临床学院,2024,700,696,4,0.5714285714285714,0.20073068141937256,0.19956927001476288,-0.0011614114046096802
3582,3741,第二临床学院,2024,700,629,71,10.142857142857142,0.03341318666934967,0.03370337933301926,0.0002901926636695862
3583,3742,第二临床学院,2024,700,695,5,0.7142857142857143,0.20196932554244995,0.2014113813638687,-0.0005579441785812378
3584,3743,第二临床学院,2024,700,700,0,0.0,0.11284774541854858,0.11284774541854858,0.0
3585,3744,第二临床学院,2024,700,695,5,0.7142857142857143,0.16814257204532623,0.16633950173854828,-0.001803070306777954
3586,3745,第二临床学院,2024,700,697,3,0.4285714285714286,0.1690557897090912,0.16902108490467072,-3.470480442047119e-05
3587,3746,第二临床学院,2024,700,693,7,1.0,0.13691101968288422,0.13635927438735962,-0.0005517452955245972
3588,3747,第二临床学院,2024,700,696,4,0.5714285714285714,0.18896253407001495,0.1880481094121933,-0.0009144246578216553
3589,3748,第二临床学院,2024,700,682,18,2.571428571428571,0.2524335980415344,0.2515367269515991,-0.0008968710899353027
3590,3749,第二临床学院,2024,700,695,5,0.7142857142857143,0.06660826504230499,0.0662136897444725,-0.000394575297832489
3591,3750,第二临床学院,2024,700,689,11,1.5714285714285716,0.13641075789928436,0.13585518300533295,-0.000555574893951416
3592,3751,第二临床学院,2024,700,697,3,0.4285714285714286,0.2469782531261444,0.2463005930185318,-0.0006776601076126099
3593,3752,第二临床学院,2024,700,700,0,0.0,0.17082971334457397,0.17082971334457397,0.0
3594,3753,第二临床学院,2024,700,695,5,0.7142857142857143,0.023703182116150856,0.02329332008957863,-0.0004098620265722275
3595,3754,第二临床学院,2024,700,695,5,0.7142857142857143,0.09495548903942108,0.09412817656993866,-0.0008273124694824219
3596,3755,第二临床学院,2024,700,697,3,0.4285714285714286,0.08814973384141922,0.08724100887775421,-0.0009087249636650085
3597,3756,第二临床学院,2024,700,700,0,0.0,0.14529868960380554,0.14529868960380554,0.0
3598,3757,第二临床学院,2024,700,693,7,1.0,0.07726024836301804,0.07759122550487518,0.0003309771418571472
3599,3758,第二临床学院,2024,700,700,0,0.0,0.1785391867160797,0.1785391867160797,0.0
3600,3759,第二临床学院,2024,700,690,10,1.4285714285714286,0.14140747487545013,0.1415950357913971,0.00018756091594696045
3601,3760,第二临床学院,2024,700,684,16,2.2857142857142856,0.226191908121109,0.23005998134613037,0.0038680732250213623
3602,3761,第二临床学院,2024,700,688,12,1.7142857142857144,0.22038352489471436,0.21779386699199677,-0.0025896579027175903
3603,3762,第二临床学院,2024,700,687,13,1.8571428571428572,0.18546916544437408,0.18714293837547302,0.001673772931098938
3604,3763,第二临床学院,2024,700,687,13,1.8571428571428572,0.22783103585243225,0.22824892401695251,0.00041788816452026367
3605,3764,第二临床学院,2024,700,688,12,1.7142857142857144,0.04247748479247093,0.04169000685214996,-0.0007874779403209686
3606,3765,第二临床学院,2024,700,700,0,0.0,0.198702871799469,0.198702871799469,0.0
3607,3766,第二临床学院,2024,700,692,8,1.1428571428571428,0.21499229967594147,0.21290354430675507,-0.0020887553691864014
3608,3767,第二临床学院,2024,700,684,16,2.2857142857142856,0.19407008588314056,0.1967388391494751,0.0026687532663345337
3609,3768,第二临床学院,2024,700,688,12,1.7142857142857144,0.22743643820285797,0.22396959364414215,-0.0034668445587158203
3610,3769,第二临床学院,2024,700,695,5,0.7142857142857143,0.17624260485172272,0.1772460788488388,0.0010034739971160889
3611,3770,第二临床学院,2024,700,689,11,1.5714285714285716,0.11900024116039276,0.11780472844839096,-0.0011955127120018005
3612,3771,第二临床学院,2024,700,692,8,1.1428571428571428,0.1110246405005455,0.10878411680459976,-0.0022405236959457397
3613,3772,第二临床学院,2024,700,700,0,0.0,0.14577613770961761,0.14577613770961761,0.0
3614,3773,口腔医学院,2024,410,360,50,12.195121951219512,0.21264655888080597,0.20002640783786774,-0.012620151042938232
3615,3774,口腔医学院,2024,410,401,9,2.195121951219512,0.129030242562294,0.12884144484996796,-0.0001887977123260498
3616,3775,口腔医学院,2024,410,408,2,0.4878048780487805,0.17559409141540527,0.1754639595746994,-0.00013013184070587158
3617,3776,口腔医学院,2024,410,378,32,7.804878048780488,0.2329927533864975,0.22723287343978882,-0.005759879946708679
3618,3777,口腔医学院,2024,410,397,13,3.1707317073170733,0.16909706592559814,0.16429544985294342,-0.004801616072654724
3619,3778,口腔医学院,2024,410,360,50,12.195121951219512,0.23102402687072754,0.22775298357009888,-0.003271043300628662
3620,3779,口腔医学院,2024,410,410,0,0.0,0.14560435712337494,0.14560435712337494,0.0
3621,3780,口腔医学院,2024,410,410,0,0.0,0.1320498138666153,0.1320498138666153,0.0
3622,3781,口腔医学院,2024,410,403,7,1.707317073170732,0.17476114630699158,0.17258457839488983,-0.0021765679121017456
3623,3782,口腔医学院,2024,410,410,0,0.0,0.20107659697532654,0.20107659697532654,0.0
3624,3783,口腔医学院,2024,410,410,0,0.0,0.24047695100307465,0.24047695100307465,0.0
3625,3784,口腔医学院,2024,410,407,3,0.7317073170731708,0.1760508120059967,0.17571835219860077,-0.00033245980739593506
3626,3785,口腔医学院,2024,410,404,6,1.4634146341463417,0.12177309393882751,0.11911473423242569,-0.002658359706401825
3627,3786,口腔医学院,2024,410,409,1,0.24390243902439024,0.1586095690727234,0.15846706926822662,-0.00014249980449676514
3628,3787,口腔医学院,2024,410,408,2,0.4878048780487805,0.1162523701786995,0.11575730890035629,-0.0004950612783432007
3629,3788,口腔医学院,2024,410,408,2,0.4878048780487805,0.2277650535106659,0.2268386036157608,-0.0009264498949050903
3630,3789,口腔医学院,2024,410,390,20,4.878048780487805,0.22944971919059753,0.2302011400461197,0.0007514208555221558
3631,3790,口腔医学院,2024,410,410,0,0.0,0.11398965120315552,0.11398965120315552,0.0
3632,3791,口腔医学院,2024,410,410,0,0.0,0.20648296177387238,0.20648296177387238,0.0
3633,3792,口腔医学院,2024,410,400,10,2.4390243902439024,0.2115408480167389,0.20771735906600952,-0.00382348895072937
3634,3793,口腔医学院,2024,410,403,7,1.707317073170732,0.21686238050460815,0.2160625159740448,-0.0007998645305633545
3635,3794,口腔医学院,2024,410,410,0,0.0,0.05234305188059807,0.05234305188059807,0.0
3636,3795,口腔医学院,2024,410,398,12,2.9268292682926833,0.23686541616916656,0.23798033595085144,0.0011149197816848755
3637,3796,口腔医学院,2024,410,382,28,6.829268292682928,0.15469081699848175,0.16139672696590424,0.006705909967422485
3638,3797,口腔医学院,2024,410,407,3,0.7317073170731708,0.1056305468082428,0.10528380423784256,-0.00034674257040023804
3639,3798,口腔医学院,2024,410,409,1,0.24390243902439024,0.14352287352085114,0.14258472621440887,-0.0009381473064422607
3640,3799,口腔医学院,2024,410,410,0,0.0,0.21896958351135254,0.21896958351135254,0.0
3641,3800,口腔医学院,2024,410,388,22,5.365853658536586,0.007829884067177773,0.007063469849526882,-0.0007664142176508904
3642,3801,口腔医学院,2024,410,410,0,0.0,0.10300329327583313,0.10300329327583313,0.0
3643,3802,口腔医学院,2024,410,410,0,0.0,0.11795207858085632,0.11795207858085632,0.0
3644,3803,口腔医学院,2024,410,398,12,2.9268292682926833,0.12776736915111542,0.12138038873672485,-0.006386980414390564
3645,3804,弘毅学堂,2024,470,470,0,0.0,0.14700157940387726,0.14700157940387726,0.0
3646,3805,弘毅学堂,2024,470,470,0,0.0,0.00546584278345108,0.00546584278345108,0.0
3647,3806,弘毅学堂,2024,470,470,0,0.0,0.05135894939303398,0.05135894939303398,0.0
3648,3807,弘毅学堂,2024,470,470,0,0.0,-0.0008834002073854208,-0.0008834002073854208,0.0
3649,3808,弘毅学堂,2024,470,470,0,0.0,0.00039911651401780546,0.00039911651401780546,0.0
3650,3809,弘毅学堂,2024,470,459,11,2.3404255319148937,0.11391811817884445,0.11240526288747787,-0.0015128552913665771
3651,3810,弘毅学堂,2024,470,470,0,0.0,0.002523235511034727,0.002523235511034727,0.0
3652,3811,弘毅学堂,2024,470,468,2,0.425531914893617,0.09410884231328964,0.09402363002300262,-8.521229028701782e-05
3653,3812,弘毅学堂,2024,470,470,0,0.0,0.04222244396805763,0.04222244396805763,0.0
3654,3813,弘毅学堂,2024,470,470,0,0.0,0.13716785609722137,0.13716785609722137,0.0
3655,3814,弘毅学堂,2024,470,464,6,1.276595744680851,0.003590160282328725,0.004018806852400303,0.000428646570071578
3656,3815,弘毅学堂,2024,470,470,0,0.0,0.07121782004833221,0.07121782004833221,0.0
3657,3816,弘毅学堂,2024,470,469,1,0.2127659574468085,0.06720215082168579,0.066644586622715,-0.0005575641989707947
3658,3817,弘毅学堂,2024,470,470,0,0.0,0.022449927404522896,0.022449927404522896,0.0
3659,3818,弘毅学堂,2024,470,470,0,0.0,0.06185892969369888,0.06185892969369888,0.0
3660,3819,弘毅学堂,2024,470,468,2,0.425531914893617,0.10570394992828369,0.10561993718147278,-8.401274681091309e-05
3661,3820,弘毅学堂,2024,470,470,0,0.0,-0.007991783320903778,-0.007991783320903778,0.0
3662,3821,弘毅学堂,2024,470,470,0,0.0,0.11193685978651047,0.11193685978651047,0.0
3663,3822,弘毅学堂,2024,470,464,6,1.276595744680851,0.12206713110208511,0.11985325813293457,-0.002213872969150543
3664,3823,弘毅学堂,2024,470,469,1,0.2127659574468085,0.09224849194288254,0.0917423889040947,-0.0005061030387878418
3665,3824,弘毅学堂,2024,470,464,6,1.276595744680851,0.13912369310855865,0.13905107975006104,-7.261335849761963e-05
3666,3825,弘毅学堂,2024,470,470,0,0.0,-0.030759526416659355,-0.030759526416659355,0.0
3667,3826,弘毅学堂,2024,470,470,0,0.0,-0.018294552341103554,-0.018294552341103554,0.0
3668,3827,弘毅学堂,2024,470,468,2,0.425531914893617,0.0663028284907341,0.06645079702138901,0.00014796853065490723
3669,3828,弘毅学堂,2024,470,470,0,0.0,0.020375000312924385,0.020375000312924385,0.0
3670,3829,弘毅学堂,2024,470,470,0,0.0,0.13943013548851013,0.13943013548851013,0.0
3671,3830,弘毅学堂,2024,470,470,0,0.0,0.14396610856056213,0.14396610856056213,0.0
3672,3831,弘毅学堂,2024,470,470,0,0.0,-0.0006512423860840499,-0.0006512423860840499,0.0
3673,3832,国际教育学院,2024,0,0,0,,,,
3674,3844,工业科学研究院,2024,51,51,0,0.0,0.32801520824432373,0.32801520824432373,0.0
3675,3845,工业科学研究院,2024,51,51,0,0.0,0.07091780006885529,0.07091780006885529,0.0
3676,3846,工业科学研究院,2024,51,51,0,0.0,0.2369661182165146,0.2369661182165146,0.0
3677,3847,测绘遥感信息工程国家重点实验室,2024,609,600,9,1.477832512315271,0.253061443567276,0.25430774688720703,0.0012463033199310303
3678,3848,测绘遥感信息工程国家重点实验室,2024,609,601,8,1.3136288998357963,0.22016824781894684,0.2188902497291565,-0.0012779980897903442
3679,3849,测绘遥感信息工程国家重点实验室,2024,609,604,5,0.8210180623973727,0.2104092538356781,0.21069203317165375,0.00028277933597564697
3680,3850,测绘遥感信息工程国家重点实验室,2024,609,561,48,7.8817733990147785,0.24214135110378265,0.23524485528469086,-0.006896495819091797
3681,3851,测绘遥感信息工程国家重点实验室,2024,609,606,3,0.49261083743842365,0.24225394427776337,0.241292342543602,-0.000961601734161377
3682,3852,测绘遥感信息工程国家重点实验室,2024,609,609,0,0.0,0.27779754996299744,0.27779754996299744,0.0
3683,3853,测绘遥感信息工程国家重点实验室,2024,609,544,65,10.673234811165845,0.30942976474761963,0.29017484188079834,-0.01925492286682129
3684,3854,测绘遥感信息工程国家重点实验室,2024,609,602,7,1.1494252873563218,0.2538541555404663,0.2526892125606537,-0.001164942979812622
3685,3855,测绘遥感信息工程国家重点实验室,2024,609,609,0,0.0,0.16400019824504852,0.16400019824504852,0.0
3686,3856,测绘遥感信息工程国家重点实验室,2024,609,594,15,2.4630541871921183,0.22449366748332977,0.21960793435573578,-0.004885733127593994
3687,3857,测绘遥感信息工程国家重点实验室,2024,609,608,1,0.16420361247947454,0.2463596910238266,0.24654267728328705,0.00018298625946044922
3688,3858,测绘遥感信息工程国家重点实验室,2024,609,590,19,3.1198686371100166,0.1717609167098999,0.17309004068374634,0.0013291239738464355
3689,3859,测绘遥感信息工程国家重点实验室,2024,609,582,27,4.433497536945813,0.1635025143623352,0.15657515823841095,-0.006927356123924255
3690,3860,测绘遥感信息工程国家重点实验室,2024,609,593,16,2.6272577996715927,0.19049382209777832,0.1846020668745041,-0.005891755223274231
3691,3861,测绘遥感信息工程国家重点实验室,2024,609,599,10,1.6420361247947455,0.22476331889629364,0.22381752729415894,-0.0009457916021347046
3692,3862,测绘遥感信息工程国家重点实验室,2024,609,608,1,0.16420361247947454,0.27197036147117615,0.2716025710105896,-0.00036779046058654785
3693,3863,测绘遥感信息工程国家重点实验室,2024,609,561,48,7.8817733990147785,0.22432740032672882,0.2178628146648407,-0.0064645856618881226
3694,3864,测绘遥感信息工程国家重点实验室,2024,609,608,1,0.16420361247947454,0.18977496027946472,0.1901494264602661,0.0003744661808013916
3695,3865,测绘遥感信息工程国家重点实验室,2024,609,607,2,0.3284072249589491,0.2652837932109833,0.2644370198249817,-0.0008467733860015869
3696,3866,测绘遥感信息工程国家重点实验室,2024,609,609,0,0.0,0.2638233006000519,0.2638233006000519,0.0
3697,3867,测绘遥感信息工程国家重点实验室,2024,609,582,27,4.433497536945813,0.30096977949142456,0.294497549533844,-0.006472229957580566
3698,3868,测绘遥感信息工程国家重点实验室,2024,609,594,15,2.4630541871921183,0.3037259876728058,0.2991117835044861,-0.004614204168319702
3699,3869,测绘遥感信息工程国家重点实验室,2024,609,609,0,0.0,0.21734504401683807,0.21734504401683807,0.0
3700,3870,测绘遥感信息工程国家重点实验室,2024,609,599,10,1.6420361247947455,0.18637876212596893,0.1851617693901062,-0.001216992735862732
3701,3871,测绘遥感信息工程国家重点实验室,2024,609,601,8,1.3136288998357963,0.20578737556934357,0.20501463115215302,-0.0007727444171905518
3702,3872,测绘遥感信息工程国家重点实验室,2024,609,606,3,0.49261083743842365,0.25835755467414856,0.25744351744651794,-0.0009140372276306152
3703,3873,测绘遥感信息工程国家重点实验室,2024,609,608,1,0.16420361247947454,0.19927935302257538,0.19933615624904633,5.6803226470947266e-05
3704,3874,测绘遥感信息工程国家重点实验室,2024,609,590,19,3.1198686371100166,0.21108998358249664,0.20538710057735443,-0.005702883005142212
3705,3875,测绘遥感信息工程国家重点实验室,2024,609,544,65,10.673234811165845,0.3284801244735718,0.3082160949707031,-0.020264029502868652
3706,3876,测绘遥感信息工程国家重点实验室,2024,609,594,15,2.4630541871921183,0.2704756557941437,0.268546462059021,-0.0019291937351226807
3707,3877,测绘遥感信息工程国家重点实验室,2024,609,590,19,3.1198686371100166,0.21911057829856873,0.21342481672763824,-0.005685761570930481
3708,3878,测绘遥感信息工程国家重点实验室,2024,609,596,13,2.134646962233169,0.1433640569448471,0.13895463943481445,-0.004409417510032654
3709,3879,测绘遥感信息工程国家重点实验室,2024,609,590,19,3.1198686371100166,0.21431571245193481,0.21822519600391388,0.003909483551979065
3710,3884,中国南极测绘研究中心,2024,22,9,13,59.09090909090909,0.27419719099998474,0.2206452488899231,-0.053551942110061646
3711,3885,中国南极测绘研究中心,2024,22,22,0,0.0,0.25901100039482117,0.25901100039482117,0.0
3712,3886,中国南极测绘研究中心,2024,22,14,8,36.36363636363637,0.3172576129436493,0.358530730009079,0.04127311706542969
3713,3887,中国南极测绘研究中心,2024,22,21,1,4.545454545454546,0.35395702719688416,0.36751699447631836,0.013559967279434204
